feature,mean_traditional,sd_traditional,mean_ai_scaffolding,sd_ai_scaffolding,mean_ai_substitution,sd_ai_substitution,smd_S-T,diff_S-T,tost_p_S-T,smd_U-T,diff_U-T,tost_p_U-T,smd_S-U,diff_S-U,tost_p_S-U,within_target
word_count,529.2,44.502150277378114,546.8,42.14212406476037,537.2333333333333,46.50523391629371,0.4061081915861155,17.6,0.999999923759946,0.1764997039572106,8.033333333333333,0.932512233254667,0.2155755197249237,9.566666666666666,0.9796272336490652,False
character_count,3162.1666666666665,236.68866256858556,3167.5666666666666,223.60458994322585,3204.9666666666667,245.97665761603076,0.02345382933615174,5.4,0.042062109486591406,0.1773157342208794,42.8,0.9298912342147386,-0.1591103850336582,-37.4,0.8605546052638819,False
sentence_count,31.466666666666665,2.825174188506312,32.6,2.0273985369399394,30.8,2.578425073968403,0.46091879365814126,1.1333333333333333,0.9998323473713898,-0.24649225718357906,-0.6666666666666666,0.9871917989553253,0.776084848652319,1.8,0.9999998527168236,False
readability,8.408666666666665,0.9377990863915264,8.238333333333335,0.785678197409765,8.648333333333333,0.903464913859256,-0.19689692904024178,-0.17033333333333336,0.9284094350417692,0.2602831640416497,0.23966666666666667,0.9965170140290817,-0.4842772706155073,-0.41000000000000003,0.9999945099910843,False
equation_count,9.266666666666667,2.377093753440044,5.733333333333333,1.5521583045227219,9.333333333333334,2.3828891958167566,-1.7601038016719934,-3.533333333333333,0.9999999999999964,0.028011284058965046,0.06666666666666667,0.0004501190058427147,-1.790252172886312,-3.6,0.9999999999999942,False
example_count,1.0,0.0,1.0,0.0,1.0,0.0,0.0,0.0,1.0,0.0,0.0,1.0,0.0,0.0,1.0,True
lexical_diversity,0.359,0.03142039750401552,0.37396666666666667,0.02536965786584212,0.3816333333333333,0.027353980147047294,0.5241210727036755,0.014966666666666666,0.9999983448806399,0.7683401171242116,0.02263333333333333,0.9999999962624394,-0.29061888886034876,-0.0076666666666666645,0.9683585809271383,False
duration,144.32000000000002,12.137272317549147,149.1333333333333,11.495946312035185,146.52,12.679181959906316,0.407186352825791,4.813333333333335,0.9999999329340716,0.17725946156278258,2.2000000000000033,0.9348825493492602,0.21594166811804977,2.613333333333332,0.9800094704584392,False
semantic_coverage,0.6829166332880656,0.06722680288118377,0.7047585924466451,0.05840518060031584,0.6841101169586181,0.053323569044373284,0.346859299459646,0.021841959158579508,0.9763063850292881,0.01967019292229782,0.0011934836705525715,0.24712326981109423,0.3692362455031399,0.020648475488026938,0.9999755768993963,False
