section,condition,outcome,centaur,logistic,difference,ci_low,ci_high,n_learners
paired difference,ai_scaffolding,first_try,0.7216666666666668,0.7224999999999999,-0.0008333333333333332,-0.004999999999999999,0.0033333333333333327,40
paired difference,ai_scaffolding,transfer,0.6066666666666667,0.605,0.0016666666666666692,-0.01833333333333333,0.02,40
paired difference,ai_scaffolding,reveal,0.005833333333333334,0.0075000000000000015,-0.001666666666666667,-0.006666666666666668,0.0025,40
paired difference,ai_scaffolding,help_per_episode,0.2991666666666667,0.205,0.09416666666666666,0.04,0.15166666666666667,40
paired difference,ai_scaffolding,effort,0.6990206093045053,0.7058917748373131,-0.0068711655328079265,-0.011914607321373331,-0.0017833674958605153,40
paired difference,ai_scaffolding,K,0.5781054992391439,0.5819664314395829,-0.0038609322004390144,-0.00603496019195021,-0.0018412037795764184,40
paired difference,ai_scaffolding,M,0.5212514271011888,0.5209827566780689,0.0002686704231198461,-0.0008412605477983387,0.0014794775094678797,40
paired difference,ai_scaffolding,R,0.3615979106904085,0.36629232685171004,-0.0046944161613016126,-0.008936863281084935,-0.0007164876858747031,40
paired difference,ai_scaffolding,C,0.6175465581575408,0.7067262456575408,-0.08917968750000001,-0.1068447265625,-0.07075732421875001,40
paired difference,ai_scaffolding,D,0.41965391823743464,0.4107372515707679,0.008916666666666694,0.003833333333333363,0.014333333333333365,40
paired difference,ai_scaffolding,unaided_ep9,0.8166666666666667,0.8166666666666667,0.0,0.0,0.0,40
paired difference,ai_scaffolding,far_ep9,0.5,0.4875,0.0125,0.0,0.05,40
paired difference,ai_scaffolding,unaided_ep19,0.6916666666666667,0.7083333333333333,-0.016666666666666666,-0.05,0.0,40
paired difference,ai_scaffolding,far_ep19,0.45,0.4625,-0.0125,-0.0375,0.0,40
paired difference,ai_scaffolding,unaided_ep29,0.6,0.6166666666666666,-0.016666666666666666,-0.05,0.0,40
paired difference,ai_scaffolding,far_ep29,0.4375,0.4375,0.0,-0.05,0.05,40
paired difference,ai_substitution,first_try,0.6566666666666667,0.6566666666666667,0.0,0.0,0.0,40
paired difference,ai_substitution,transfer,0.5275,0.5275,0.0,-0.0033333333333333327,0.0033333333333333327,40
paired difference,ai_substitution,reveal,0.3433333333333333,0.3433333333333333,0.0,0.0,0.0,40
paired difference,ai_substitution,help_per_episode,0.0,0.0,0.0,0.0,0.0,40
paired difference,ai_substitution,effort,0.5239563526225612,0.5239563526225612,0.0,0.0,0.0,40
paired difference,ai_substitution,K,0.47330665772801195,0.47330665772801195,0.0,0.0,0.0,40
paired difference,ai_substitution,M,0.4232486700680894,0.4232486700680894,0.0,0.0,0.0,40
paired difference,ai_substitution,R,0.32103769451777503,0.32112008666084757,-8.239214307253218e-05,-0.00029302266897819574,3.4171110380570856e-05,40
paired difference,ai_substitution,C,0.6213746831575409,0.7106129644075408,-0.08923828125000002,-0.10583984375000002,-0.07163720703125004,40
paired difference,ai_substitution,D,0.4619039182374346,0.4619039182374346,0.0,0.0,0.0,40
paired difference,ai_substitution,unaided_ep9,0.775,0.775,0.0,0.0,0.0,40
paired difference,ai_substitution,far_ep9,0.4,0.4,0.0,0.0,0.0,40
paired difference,ai_substitution,unaided_ep19,0.6583333333333333,0.6583333333333333,0.0,0.0,0.0,40
paired difference,ai_substitution,far_ep19,0.375,0.375,0.0,0.0,0.0,40
paired difference,ai_substitution,unaided_ep29,0.5083333333333333,0.5083333333333333,0.0,0.0,0.0,40
paired difference,ai_substitution,far_ep29,0.3,0.3,0.0,0.0,0.0,40
paired difference,free_choice,first_try,0.6741666666666667,0.6791666666666666,-0.004999999999999999,-0.009999999999999998,-0.0016666666666666663,40
paired difference,free_choice,transfer,0.5716666666666667,0.5775,-0.005833333333333333,-0.02,0.008333333333333335,40
paired difference,free_choice,reveal,0.14833333333333334,0.10833333333333332,0.04,0.021666666666666667,0.059166666666666666,40
paired difference,free_choice,help_per_episode,0.16333333333333333,0.16749999999999998,-0.004166666666666674,-0.04583333333333334,0.03583333333333333,40
paired difference,free_choice,effort,0.6237683045737378,0.6465734294276543,-0.022805124853916465,-0.03429613534893646,-0.011522927239631657,40
paired difference,free_choice,K,0.537259840126313,0.5478901207370674,-0.010630280610754475,-0.017664479629968456,-0.0036429216055977693,40
paired difference,free_choice,M,0.4839132579417321,0.49440630990667894,-0.0104930519649468,-0.015947091799670972,-0.004909496745849587,40
paired difference,free_choice,R,0.3414654842444718,0.34802856292393025,-0.0065630786794584756,-0.009943192694685845,-0.0031324146272552864,40
paired difference,free_choice,C,0.6251637456575408,0.7058668706575408,-0.08070312500000001,-0.09744189453125002,-0.06495703125,40
paired difference,free_choice,D,0.44015391823743455,0.43198725157076795,0.008166666666666673,0.0030000000000000157,0.013252083333333341,40
paired difference,free_choice,unaided_ep9,0.7999999999999999,0.7999999999999999,0.0,0.0,0.0,40
paired difference,free_choice,far_ep9,0.4125,0.425,-0.0125,-0.0375,0.0,40
paired difference,free_choice,unaided_ep19,0.675,0.7,-0.025,-0.06666666666666667,0.0,40
paired difference,free_choice,far_ep19,0.4,0.425,-0.025,-0.075,0.025,40
paired difference,free_choice,unaided_ep29,0.5833333333333333,0.575,0.008333333333333335,-0.025,0.05,40
paired difference,free_choice,far_ep29,0.3625,0.3875,-0.025,-0.0875,0.025,40
paired difference,traditional,first_try,0.7116666666666667,0.7141666666666667,-0.0025000000000000035,-0.009166666666666675,0.005000000000000003,40
paired difference,traditional,transfer,0.5983333333333334,0.5991666666666666,-0.000833333333333322,-0.02499999999999998,0.02166666666666667,40
paired difference,traditional,reveal,0.005,0.0075000000000000015,-0.002500000000000001,-0.008333333333333335,0.0025,40
paired difference,traditional,help_per_episode,0.28833333333333333,0.21749999999999997,0.07083333333333333,0.005812499999999993,0.135,40
paired difference,traditional,effort,0.6992538625114788,0.7041393563738831,-0.004885493862404336,-0.011320400801397013,0.00190539108573153,40
paired difference,traditional,K,0.5639585369331837,0.5662287679060529,-0.0022702309728693027,-0.00506552615086735,0.0006159293202014657,40
paired difference,traditional,M,0.5232930683843674,0.5224180287401119,0.0008750396442555083,-0.0008235235712224646,0.0027612403539996715,40
paired difference,traditional,R,0.3605216272827555,0.3645334231910507,-0.004011795908295252,-0.009165930694492482,0.0010940634129985951,40
paired difference,traditional,C,0.6367848394075408,0.7060817144075408,-0.06929687500000001,-0.08601708984375,-0.052029296875000006,40
paired difference,traditional,D,0.41990391823743456,0.41282058490410123,0.0070833333333333625,0.0004979166666666834,0.013500000000000031,40
paired difference,traditional,unaided_ep9,0.8083333333333332,0.8083333333333332,0.0,0.0,0.0,40
paired difference,traditional,far_ep9,0.475,0.4625,0.0125,0.0,0.05,40
paired difference,traditional,unaided_ep19,0.6833333333333333,0.7,-0.016666666666666666,-0.058333333333333334,0.016666666666666666,40
paired difference,traditional,far_ep19,0.45,0.425,0.025,-0.025,0.075,40
paired difference,traditional,unaided_ep29,0.6,0.5916666666666666,0.008333333333333335,0.0,0.025,40
paired difference,traditional,far_ep29,0.425,0.4375,-0.0125,-0.0375,0.0,40
arm contrast within centaur,S-T,first_try,,,0.010000000000000004,0.005000000000000002,0.015833333333333335,40
arm contrast within centaur,S-T,transfer,,,0.008333333333333325,-0.0016666666666666733,0.018333333333333323,40
arm contrast within centaur,S-T,reveal,,,0.0008333333333333333,-0.001666666666666667,0.003333333333333333,40
arm contrast within centaur,S-T,help_per_episode,,,0.01083333333333333,-0.022500000000000003,0.04502083333333322,40
arm contrast within centaur,S-T,effort,,,-0.00023325320697355768,-0.003743702858915537,0.0032202949459331338,40
arm contrast within centaur,S-T,K,,,0.014146962305960247,0.011051050413859028,0.017333798812509647,40
arm contrast within centaur,S-T,M,,,-0.0020416412831786883,-0.0034114416661399608,-0.0007600901423594653,40
arm contrast within centaur,S-T,R,,,0.0010762834076529972,-0.0009543133133166769,0.003314760527295004,40
arm contrast within centaur,S-T,C,,,-0.019238281250000003,-0.030041503906250003,-0.009218750000000008,40
arm contrast within centaur,S-T,D,,,-0.00025000000000000196,-0.0034999999999999827,0.002833333333333341,40
arm contrast within centaur,S-T,unaided_ep9,,,0.008333333333333335,0.0,0.025,40
arm contrast within centaur,S-T,far_ep9,,,0.025,0.0,0.0625,40
arm contrast within centaur,S-T,unaided_ep19,,,0.008333333333333333,0.0,0.025,40
arm contrast within centaur,S-T,far_ep19,,,0.0,0.0,0.0,40
arm contrast within centaur,S-T,unaided_ep29,,,0.0,0.0,0.0,40
arm contrast within centaur,S-T,far_ep29,,,0.0125,0.0,0.0375,40
arm contrast within centaur,U-T,first_try,,,-0.05499999999999999,-0.07583333333333334,-0.03583333333333333,40
arm contrast within centaur,U-T,transfer,,,-0.07083333333333333,-0.10085416666666669,-0.0425,40
arm contrast within centaur,U-T,reveal,,,0.3383333333333333,0.2849791666666666,0.3925,40
arm contrast within centaur,U-T,help_per_episode,,,-0.28833333333333333,-0.35418750000000004,-0.22833333333333333,40
arm contrast within centaur,U-T,effort,,,-0.17529750988891757,-0.20571067176964838,-0.1461324867212792,40
arm contrast within centaur,U-T,K,,,-0.09065187920517172,-0.11227594072705638,-0.07148410355325123,40
arm contrast within centaur,U-T,M,,,-0.10004439831627798,-0.11408700382439331,-0.08606752354810782,40
arm contrast within centaur,U-T,R,,,-0.0394839327649804,-0.04708592617443114,-0.03201343985662139,40
arm contrast within centaur,U-T,C,,,-0.015410156250000001,-0.027070312500000006,-0.0035932617187499983,40
arm contrast within centaur,U-T,D,,,0.042000000000000016,0.03250000000000004,0.051750000000000004,40
arm contrast within centaur,U-T,unaided_ep9,,,-0.03333333333333334,-0.06666666666666668,-0.008333333333333333,40
arm contrast within centaur,U-T,far_ep9,,,-0.075,-0.175,0.0125,40
arm contrast within centaur,U-T,unaided_ep19,,,-0.025,-0.06666666666666667,0.0,40
arm contrast within centaur,U-T,far_ep19,,,-0.075,-0.175,0.0125,40
arm contrast within centaur,U-T,unaided_ep29,,,-0.09166666666666666,-0.15833333333333335,-0.03333333333333333,40
arm contrast within centaur,U-T,far_ep29,,,-0.125,-0.25,-0.0125,40
arm contrast within centaur,S-U,first_try,,,0.06499999999999999,0.045000000000000005,0.08666666666666666,40
arm contrast within centaur,S-U,transfer,,,0.07916666666666666,0.0475,0.11085416666666656,40
arm contrast within centaur,S-U,reveal,,,-0.3375,-0.39,-0.2849791666666668,40
arm contrast within centaur,S-U,help_per_episode,,,0.2991666666666667,0.24833333333333335,0.355,40
arm contrast within centaur,S-U,effort,,,0.17506425668194397,0.14624763468647212,0.20425665599289958,40
arm contrast within centaur,S-U,K,,,0.10479884151113197,0.08341273898056312,0.12921987601542698,40
arm contrast within centaur,S-U,M,,,0.0980027570330993,0.08497662176405316,0.11132693045861716,40
arm contrast within centaur,S-U,R,,,0.040560216172633404,0.033065355203768895,0.0482967726052993,40
arm contrast within centaur,S-U,C,,,-0.0038281250000000017,-0.01662548828124999,0.008105468749999994,40
arm contrast within centaur,S-U,D,,,-0.04225000000000002,-0.05150416666666668,-0.03358333333333334,40
arm contrast within centaur,S-U,unaided_ep9,,,0.041666666666666664,0.008333333333333335,0.075,40
arm contrast within centaur,S-U,far_ep9,,,0.1,0.0,0.2,40
arm contrast within centaur,S-U,unaided_ep19,,,0.03333333333333334,0.0,0.075,40
arm contrast within centaur,S-U,far_ep19,,,0.075,-0.0125,0.175,40
arm contrast within centaur,S-U,unaided_ep29,,,0.09166666666666666,0.03333333333333333,0.15833333333333335,40
arm contrast within centaur,S-U,far_ep29,,,0.1375,0.025,0.2625,40
arm contrast within logistic,S-T,first_try,,,0.008333333333333333,0.004166666666666666,0.014166666666666664,40
arm contrast within logistic,S-T,transfer,,,0.005833333333333334,0.0,0.013333333333333332,40
arm contrast within logistic,S-T,reveal,,,0.0,0.0,0.0,40
arm contrast within logistic,S-T,help_per_episode,,,-0.012499999999999999,-0.023354166666666665,-0.003333333333333334,40
arm contrast within logistic,S-T,effort,,,0.0017524184634300332,0.0007096680234503743,0.0030783967730166843,40
arm contrast within logistic,S-T,K,,,0.015737663533529962,0.012817800707563904,0.019139268958143073,40
arm contrast within logistic,S-T,M,,,-0.0014352720620430261,-0.0023987015221249267,-0.0006256058016554733,40
arm contrast within logistic,S-T,R,,,0.0017589036606593575,0.0006140126978002672,0.0031523698887048557,40
arm contrast within logistic,S-T,C,,,0.0006445312499999967,-0.0008789062500000057,0.002070312499999999,40
arm contrast within logistic,S-T,D,,,-0.002083333333333335,-0.003666666666666668,-0.0008333333333333359,40
arm contrast within logistic,S-T,unaided_ep9,,,0.008333333333333335,0.0,0.025,40
arm contrast within logistic,S-T,far_ep9,,,0.025,0.0,0.0625,40
arm contrast within logistic,S-T,unaided_ep19,,,0.008333333333333333,0.0,0.025,40
arm contrast within logistic,S-T,far_ep19,,,0.0375,0.0,0.0875,40
arm contrast within logistic,S-T,unaided_ep29,,,0.025,0.0,0.06666666666666667,40
arm contrast within logistic,S-T,far_ep29,,,0.0,-0.0625,0.0625,40
arm contrast within logistic,U-T,first_try,,,-0.057499999999999996,-0.07749999999999999,-0.03916666666666666,40
arm contrast within logistic,U-T,transfer,,,-0.07166666666666666,-0.09752083333333333,-0.04583333333333332,40
arm contrast within logistic,U-T,reveal,,,0.3358333333333333,0.2841458333333333,0.3875,40
arm contrast within logistic,U-T,help_per_episode,,,-0.21749999999999997,-0.2758333333333333,-0.16499999999999998,40
arm contrast within logistic,U-T,effort,,,-0.1801830037513219,-0.20795174381987105,-0.1516405287844827,40
arm contrast within logistic,U-T,K,,,-0.09292211017804101,-0.11434258067660118,-0.07414038950864961,40
arm contrast within logistic,U-T,M,,,-0.09916935867202248,-0.11289722887304787,-0.08592065117348811,40
arm contrast within logistic,U-T,R,,,-0.043413336530203114,-0.049852843578374474,-0.036788968152076496,40
arm contrast within logistic,U-T,C,,,0.004531250000000009,-0.0016997070312499837,0.011546386718749984,40
arm contrast within logistic,U-T,D,,,0.04908333333333338,0.04099791666666669,0.05708541666666671,40
arm contrast within logistic,U-T,unaided_ep9,,,-0.03333333333333334,-0.06666666666666668,-0.008333333333333333,40
arm contrast within logistic,U-T,far_ep9,,,-0.0625,-0.15,0.025,40
arm contrast within logistic,U-T,unaided_ep19,,,-0.04166666666666667,-0.08333333333333334,-0.008333333333333333,40
arm contrast within logistic,U-T,far_ep19,,,-0.05,-0.15,0.05,40
arm contrast within logistic,U-T,unaided_ep29,,,-0.08333333333333333,-0.1583333333333333,-0.025,40
arm contrast within logistic,U-T,far_ep29,,,-0.1375,-0.2625,-0.025,40
arm contrast within logistic,S-U,first_try,,,0.06583333333333333,0.04666666666666667,0.08666666666666666,40
arm contrast within logistic,S-U,transfer,,,0.07749999999999999,0.04916666666666666,0.10833333333333332,40
arm contrast within logistic,S-U,reveal,,,-0.3358333333333333,-0.3875,-0.2841458333333335,40
arm contrast within logistic,S-U,help_per_episode,,,0.205,0.15583333333333332,0.2575,40
arm contrast within logistic,S-U,effort,,,0.18193542221475195,0.1528897281312162,0.2102546224244102,40
arm contrast within logistic,S-U,K,,,0.10865977371157096,0.08737378706188131,0.13278121749892524,40
arm contrast within logistic,S-U,M,,,0.09773408660997944,0.08492280137214048,0.11079621502324608,40
arm contrast within logistic,S-U,R,,,0.04517224019086248,0.038108522290898846,0.0521389247650897,40
arm contrast within logistic,S-U,C,,,-0.003886718750000012,-0.011309570312500008,0.002617187499999985,40
arm contrast within logistic,S-U,D,,,-0.051166666666666714,-0.0596666666666667,-0.042500000000000024,40
arm contrast within logistic,S-U,unaided_ep9,,,0.041666666666666664,0.008333333333333335,0.075,40
arm contrast within logistic,S-U,far_ep9,,,0.0875,-0.0125,0.1875,40
arm contrast within logistic,S-U,unaided_ep19,,,0.05,0.008333333333333333,0.10833333333333332,40
arm contrast within logistic,S-U,far_ep19,,,0.0875,-0.0125,0.1875,40
arm contrast within logistic,S-U,unaided_ep29,,,0.10833333333333332,0.04979166666666667,0.18333333333333332,40
arm contrast within logistic,S-U,far_ep29,,,0.1375,0.025,0.2625,40
