condition,unit_a,unit_b,dissimilarity
traditional,be_001,be_002,0.004578670706160581
traditional,be_001,cac_001,0.009316762497820097
traditional,be_001,cac_002,0.011806023551348521
traditional,be_001,cm_001,0.001452173082331254
traditional,be_001,cm_002,0.005594980669797245
traditional,be_001,ltv_001,0.005849097881624354
traditional,be_001,ltv_002,0.0060385446404085386
traditional,be_001,mos_001,0.00567796208414173
traditional,be_001,mos_002,0.008426949531844086
traditional,be_001,mkp_001,0.007117191446424198
traditional,be_001,mkp_002,0.009499380780237487
traditional,be_001,mix_001,0.010744048353145796
traditional,be_001,mix_002,0.01669099504098681
traditional,be_001,npv_001,0.015470260467903452
traditional,be_001,npv_002,0.007393052357004382
traditional,be_001,dol_001,0.010222800590910297
traditional,be_001,dol_002,0.010028673713980973
traditional,be_001,pbp_001,0.01541273096480733
traditional,be_001,pbp_002,0.010678371945382237
traditional,be_001,pel_001,0.00811759413162605
traditional,be_001,pel_002,0.012916497174966013
traditional,be_001,spo_001,0.016942898969905973
traditional,be_001,spo_002,0.05943115735147553
traditional,be_001,roi_001,0.006676294928337545
traditional,be_001,roi_002,0.0072330639714572875
traditional,be_001,tp_001,0.01057396027237334
traditional,be_001,tp_002,0.006924336031467249
traditional,be_001,wac_001,0.01670747081352597
traditional,be_001,wac_002,0.01707113814474892
traditional,be_002,cac_001,0.014310310654787717
traditional,be_002,cac_002,0.01577278969270035
traditional,be_002,cm_001,0.005529848539577276
traditional,be_002,cm_002,0.0050603420272622435
traditional,be_002,ltv_001,0.009906982984126955
traditional,be_002,ltv_002,0.011259531027711822
traditional,be_002,mos_001,0.010741860723246122
traditional,be_002,mos_002,0.008291863872603056
traditional,be_002,mkp_001,0.018582258451410816
traditional,be_002,mkp_002,0.019986823142672527
traditional,be_002,mix_001,0.024936126618889776
traditional,be_002,mix_002,0.026741784033395
traditional,be_002,npv_001,0.030147457926205767
traditional,be_002,npv_002,0.011078156507098202
traditional,be_002,dol_001,0.015647090547439513
traditional,be_002,dol_002,0.008528220023589439
traditional,be_002,pbp_001,0.01750458286903056
traditional,be_002,pbp_002,0.010257593643117624
traditional,be_002,pel_001,0.014110122099081801
traditional,be_002,pel_002,0.013804925881584662
traditional,be_002,spo_001,0.015358702203386754
traditional,be_002,spo_002,0.048186699997270654
traditional,be_002,roi_001,0.013967887337574036
traditional,be_002,roi_002,0.014502369109962943
traditional,be_002,tp_001,0.014373839589433945
traditional,be_002,tp_002,0.005322778443120568
traditional,be_002,wac_001,0.025599627290984417
traditional,be_002,wac_002,0.019035082251557034
traditional,cac_001,cac_002,0.003513395391415708
traditional,cac_001,cm_001,0.00895624387984928
traditional,cac_001,cm_002,0.01739919342011309
traditional,cac_001,ltv_001,0.007288198283541991
traditional,cac_001,ltv_002,0.010915657265082146
traditional,cac_001,mos_001,0.009671974535191419
traditional,cac_001,mos_002,0.013330112463966981
traditional,cac_001,mkp_001,0.02109586053708734
traditional,cac_001,mkp_002,0.024625976217395817
traditional,cac_001,mix_001,0.02407794737007829
traditional,cac_001,mix_002,0.030733031866628346
traditional,cac_001,npv_001,0.014701284317868546
traditional,cac_001,npv_002,0.003998596119113684
traditional,cac_001,dol_001,0.015155473754232318
traditional,cac_001,dol_002,0.021487987952051313
traditional,cac_001,pbp_001,0.007169968786990166
traditional,cac_001,pbp_002,0.006316849101799749
traditional,cac_001,pel_001,0.021163236012298747
traditional,cac_001,pel_002,0.021702948682561507
traditional,cac_001,spo_001,0.02355212831499065
traditional,cac_001,spo_002,0.06430220512652984
traditional,cac_001,roi_001,0.007251628379255304
traditional,cac_001,roi_002,0.00523141693197493
traditional,cac_001,tp_001,0.014389709928757655
traditional,cac_001,tp_002,0.012880118819176056
traditional,cac_001,wac_001,0.02670486198624844
traditional,cac_001,wac_002,0.02559274417509949
traditional,cac_002,cm_001,0.01300909227071867
traditional,cac_002,cm_002,0.024101365903292926
traditional,cac_002,ltv_001,0.012900770465308575
traditional,cac_002,ltv_002,0.00915484181336268
traditional,cac_002,mos_001,0.015921885077530562
traditional,cac_002,mos_002,0.0223779633495369
traditional,cac_002,mkp_001,0.02437052809324891
traditional,cac_002,mkp_002,0.027140618256208948
traditional,cac_002,mix_001,0.02497921939477088
traditional,cac_002,mix_002,0.02967422519162599
traditional,cac_002,npv_001,0.020820936453752492
traditional,cac_002,npv_002,0.00914126106053359
traditional,cac_002,dol_001,0.014493654966790448
traditional,cac_002,dol_002,0.024437839399891303
traditional,cac_002,pbp_001,0.010885229332643798
traditional,cac_002,pbp_002,0.010645057848746031
traditional,cac_002,pel_001,0.026236236403287094
traditional,cac_002,pel_002,0.03058159791154813
traditional,cac_002,spo_001,0.03603944083661781
traditional,cac_002,spo_002,0.08256845132176982
traditional,cac_002,roi_001,0.012416555246270722
traditional,cac_002,roi_002,0.009767281089321234
traditional,cac_002,tp_001,0.026665254069862865
traditional,cac_002,tp_002,0.019701182347933055
traditional,cac_002,wac_001,0.03467137290438416
traditional,cac_002,wac_002,0.03541970253357285
traditional,cm_001,cm_002,0.006340948489374831
traditional,cm_001,ltv_001,0.007449828060779762
traditional,cm_001,ltv_002,0.008613859752375608
traditional,cm_001,mos_001,0.008515227800015679
traditional,cm_001,mos_002,0.010057181225603395
traditional,cm_001,mkp_001,0.005709471904974506
traditional,cm_001,mkp_002,0.00771415102173334
traditional,cm_001,mix_001,0.0107037048969153
traditional,cm_001,mix_002,0.013360770229147167
traditional,cm_001,npv_001,0.016846552773446932
traditional,cm_001,npv_002,0.008045306421648468
traditional,cm_001,dol_001,0.00712972568775927
traditional,cm_001,dol_002,0.012619305849055018
traditional,cm_001,pbp_001,0.017727640893841157
traditional,cm_001,pbp_002,0.010711594776402822
traditional,cm_001,pel_001,0.005339319993701408
traditional,cm_001,pel_002,0.009867328525375196
traditional,cm_001,spo_001,0.017645615444146445
traditional,cm_001,spo_002,0.06166336769677694
traditional,cm_001,roi_001,0.008856261298424095
traditional,cm_001,roi_002,0.007513128622354426
traditional,cm_001,tp_001,0.008793092196180519
traditional,cm_001,tp_002,0.006414754784653587
traditional,cm_001,wac_001,0.019454891277956632
traditional,cm_001,wac_002,0.019830150291489934
traditional,cm_002,ltv_001,0.0059080567642401105
traditional,cm_002,ltv_002,0.011476968912025987
traditional,cm_002,mos_001,0.006985468325986344
traditional,cm_002,mos_002,0.004276298235525777
traditional,cm_002,mkp_001,0.017291244652221427
traditional,cm_002,mkp_002,0.018999028696610964
traditional,cm_002,mix_001,0.024512909150460893
traditional,cm_002,mix_002,0.03076031719500405
traditional,cm_002,npv_001,0.021021552557459633
traditional,cm_002,npv_002,0.008085962397567537
traditional,cm_002,dol_001,0.021484824418492532
traditional,cm_002,dol_002,0.004063704283321479
traditional,cm_002,pbp_001,0.01937527284577556
traditional,cm_002,pbp_002,0.014989947766091305
traditional,cm_002,pel_001,0.012042364972442599
traditional,cm_002,pel_002,0.008717539634987004
traditional,cm_002,spo_001,0.009507398161301972
traditional,cm_002,spo_002,0.03559019120875251
traditional,cm_002,roi_001,0.010684346690738478
traditional,cm_002,roi_002,0.014991584588192275
traditional,cm_002,tp_001,0.010304038708362717
traditional,cm_002,tp_002,0.0056289352695426675
traditional,cm_002,wac_001,0.012147361436402049
traditional,cm_002,wac_002,0.006613083503391959
traditional,ltv_001,ltv_002,0.005815373420546499
traditional,ltv_001,mos_001,0.002321070528441327
traditional,ltv_001,mos_002,0.005691182242921422
traditional,ltv_001,mkp_001,0.01818074792533242
traditional,ltv_001,mkp_002,0.018999088325131752
traditional,ltv_001,mix_001,0.022915037801341853
traditional,ltv_001,mix_002,0.031658326551825655
traditional,ltv_001,npv_001,0.01056031459534379
traditional,ltv_001,npv_002,0.0023870138903545612
traditional,ltv_001,dol_001,0.01777770510304788
traditional,ltv_001,dol_002,0.009343489406876349
traditional,ltv_001,pbp_001,0.012592560301565081
traditional,ltv_001,pbp_002,0.012831658842598959
traditional,ltv_001,pel_001,0.015447092031647514
traditional,ltv_001,pel_002,0.011452704542155967
traditional,ltv_001,spo_001,0.016833601386909036
traditional,ltv_001,spo_002,0.048375656477956386
traditional,ltv_001,roi_001,0.002285676252591351
traditional,ltv_001,roi_002,0.005762258019313182
traditional,ltv_001,tp_001,0.011092244243045224
traditional,ltv_001,tp_002,0.006914640178147691
traditional,ltv_001,wac_001,0.012916936318534522
traditional,ltv_001,wac_002,0.009435905441149806
traditional,ltv_002,mos_001,0.01018681914084707
traditional,ltv_002,mos_002,0.017208206532166148
traditional,ltv_002,mkp_001,0.01454827740997422
traditional,ltv_002,mkp_002,0.015067252838164236
traditional,ltv_002,mix_001,0.01517330699728825
traditional,ltv_002,mix_002,0.021274703002801876
traditional,ltv_002,npv_001,0.012604570070045895
traditional,ltv_002,npv_002,0.006665363084793485
traditional,ltv_002,dol_001,0.012144905178425924
traditional,ltv_002,dol_002,0.009391118394474929
traditional,ltv_002,pbp_001,0.0195910191589872
traditional,ltv_002,pbp_002,0.01996202242674694
traditional,ltv_002,pel_001,0.015034028667312516
traditional,ltv_002,pel_002,0.01986334719269267
traditional,ltv_002,spo_001,0.03073034857225576
traditional,ltv_002,spo_002,0.07391632732121556
traditional,ltv_002,roi_001,0.0087876166364792
traditional,ltv_002,roi_002,0.011244305306526647
traditional,ltv_002,tp_001,0.025521473504680592
traditional,ltv_002,tp_002,0.01637116082807566
traditional,ltv_002,wac_001,0.01512478499224812
traditional,ltv_002,wac_002,0.018035573757932077
traditional,mos_001,mos_002,0.0035350788896937324
traditional,mos_001,mkp_001,0.018375807333525507
traditional,mos_001,mkp_002,0.02098327910469122
traditional,mos_001,mix_001,0.02354858194408982
traditional,mos_001,mix_002,0.03609648140162913
traditional,mos_001,npv_001,0.01273773027048919
traditional,mos_001,npv_002,0.00559283914687736
traditional,mos_001,dol_001,0.022996661338749225
traditional,mos_001,dol_002,0.014073434692738362
traditional,mos_001,pbp_001,0.010552128214802448
traditional,mos_001,pbp_002,0.010743934209954675
traditional,mos_001,pel_001,0.019212983420275664
traditional,mos_001,pel_002,0.016092849034010315
traditional,mos_001,spo_001,0.013047680102805548
traditional,mos_001,spo_002,0.04440761417178807
traditional,mos_001,roi_001,0.0013673173994904753
traditional,mos_001,roi_002,0.005757054316740784
traditional,mos_001,tp_001,0.007834621324950275
traditional,mos_001,tp_002,0.00590512203836846
traditional,mos_001,wac_001,0.015658505483057472
traditional,mos_001,wac_002,0.011833227806809954
traditional,mos_002,mkp_001,0.024820767337295435
traditional,mos_002,mkp_002,0.02864274676808476
traditional,mos_002,mix_001,0.03210666228336001
traditional,mos_002,mix_002,0.04355142930283895
traditional,mos_002,npv_001,0.020767224856170663
traditional,mos_002,npv_002,0.00731457319272677
traditional,mos_002,dol_001,0.02896481200799006
traditional,mos_002,dol_002,0.011830521474495481
traditional,mos_002,pbp_001,0.011299957067016697
traditional,mos_002,pbp_002,0.008613889285140508
traditional,mos_002,pel_001,0.021333483768750994
traditional,mos_002,pel_002,0.014436220216821782
traditional,mos_002,spo_001,0.004807722446771634
traditional,mos_002,spo_002,0.027089530158199038
traditional,mos_002,roi_001,0.007452585412775603
traditional,mos_002,roi_002,0.011199588166019958
traditional,mos_002,tp_001,0.005674005786049041
traditional,mos_002,tp_002,0.004412839891119846
traditional,mos_002,wac_001,0.017367924320697226
traditional,mos_002,wac_002,0.009284017934941713
traditional,mkp_001,mkp_002,0.0018663503227545064
traditional,mkp_001,mix_001,0.0023434236495437633
traditional,mkp_001,mix_002,0.005464999383735347
traditional,mkp_001,npv_001,0.017441857175675923
traditional,mkp_001,npv_002,0.020241926267055677
traditional,mkp_001,dol_001,0.00812981656100531
traditional,mkp_001,dol_002,0.024575648616920964
traditional,mkp_001,pbp_001,0.03514289050916641
traditional,mkp_001,pbp_002,0.027426589407909874
traditional,mkp_001,pel_001,0.0050768761282394825
traditional,mkp_001,pel_002,0.017901777850866774
traditional,mkp_001,spo_001,0.033131687700422296
traditional,mkp_001,spo_002,0.09085032945036486
traditional,mkp_001,roi_001,0.017041749515937288
traditional,mkp_001,roi_002,0.0146083072985983
traditional,mkp_001,tp_001,0.0191245744080194
traditional,mkp_001,tp_002,0.0199658705332304
traditional,mkp_001,wac_001,0.02310821761523374
traditional,mkp_001,wac_002,0.03184868778361427
traditional,mkp_002,mix_001,0.004681191875161916
traditional,mkp_002,mix_002,0.004381559925884848
traditional,mkp_002,npv_001,0.02043439064302821
traditional,mkp_002,npv_002,0.023574998838374994
traditional,mkp_002,dol_001,0.006207483595865204
traditional,mkp_002,dol_002,0.025746001049006262
traditional,mkp_002,pbp_001,0.04274923229996819
traditional,mkp_002,pbp_002,0.03343727943146724
traditional,mkp_002,pel_001,0.003830598997920265
traditional,mkp_002,pel_002,0.014824099775370692
traditional,mkp_002,spo_001,0.039856810130645015
traditional,mkp_002,spo_002,0.0977934009427831
traditional,mkp_002,roi_001,0.01871634874376149
traditional,mkp_002,roi_002,0.015618163810777408
traditional,mkp_002,tp_001,0.022384440131653083
traditional,mkp_002,tp_002,0.02025836615293075
traditional,mkp_002,wac_001,0.027562374052094385
traditional,mkp_002,wac_002,0.03461538432418776
traditional,mix_001,mix_002,0.005840148423051916
traditional,mix_001,npv_001,0.016059377822945753
traditional,mix_001,npv_002,0.02440777112333159
traditional,mix_001,dol_001,0.010403215728552073
traditional,mix_001,dol_002,0.029009135217249127
traditional,mix_001,pbp_001,0.040391129761724986
traditional,mix_001,pbp_002,0.03373620686441292
traditional,mix_001,pel_001,0.009602449151767223
traditional,mix_001,pel_002,0.026338457160480888
traditional,mix_001,spo_001,0.041128947095734336
traditional,mix_001,spo_002,0.10468132545522213
traditional,mix_001,roi_001,0.021306898643376093
traditional,mix_001,roi_002,0.017566953925429285
traditional,mix_001,tp_001,0.027926687743035528
traditional,mix_001,tp_002,0.028680055721764686
traditional,mix_001,wac_001,0.024014502283594252
traditional,mix_001,wac_002,0.037544295383639015
traditional,mix_002,npv_001,0.030851455645323766
traditional,mix_002,npv_002,0.03307722565592164
traditional,mix_002,dol_001,0.0054953933741956895
traditional,mix_002,dol_002,0.03486241388086375
traditional,mix_002,pbp_001,0.053763779107918075
traditional,mix_002,pbp_002,0.04156957116774307
traditional,mix_002,pel_001,0.007240740330476392
traditional,mix_002,pel_002,0.0240310436407265
traditional,mix_002,spo_001,0.05501564614460963
traditional,mix_002,spo_002,0.12295808038039979
traditional,mix_002,roi_001,0.03285253604993443
traditional,mix_002,roi_002,0.025216047135788844
traditional,mix_002,tp_001,0.03626297885432617
traditional,mix_002,tp_002,0.03333334837458268
traditional,mix_002,wac_001,0.03935669751438642
traditional,mix_002,wac_002,0.050946128932785606
traditional,npv_001,npv_002,0.01039342802646237
traditional,npv_001,dol_001,0.023494722975368587
traditional,npv_001,dol_002,0.023844418805049505
traditional,npv_001,pbp_001,0.02403135206960405
traditional,npv_001,pbp_002,0.027347915037725823
traditional,npv_001,pel_001,0.022016144309138008
traditional,npv_001,pel_002,0.024997292810479466
traditional,npv_001,spo_001,0.030194916636937297
traditional,npv_001,spo_002,0.07366366308925176
traditional,npv_001,roi_001,0.009757050392958488
traditional,npv_001,roi_002,0.011060967702720803
traditional,npv_001,tp_001,0.02243846526885107
traditional,npv_001,tp_002,0.02527417257493525
traditional,npv_001,wac_001,0.01030930626802562
traditional,npv_001,wac_002,0.01895729262332435
traditional,npv_002,dol_001,0.018569314050864816
traditional,npv_002,dol_002,0.010171174891705048
traditional,npv_002,pbp_001,0.008046841697925244
traditional,npv_002,pbp_002,0.009176427946469223
traditional,npv_002,pel_001,0.018342216280247126
traditional,npv_002,pel_002,0.015794148323370116
traditional,npv_002,spo_001,0.01609067148395127
traditional,npv_002,spo_002,0.047860145194251524
traditional,npv_002,roi_001,0.005097391550915487
traditional,npv_002,roi_002,0.007321564884092191
traditional,npv_002,tp_001,0.013361193677751904
traditional,npv_002,tp_002,0.01045113166001177
traditional,npv_002,wac_001,0.013346802826234905
traditional,npv_002,wac_002,0.01111620660537016
traditional,dol_001,dol_002,0.02540050612724465
traditional,dol_001,pbp_001,0.0345898217527123
traditional,dol_001,pbp_002,0.024778557582212368
traditional,dol_001,pel_001,0.006450291351050019
traditional,dol_001,pel_002,0.015312727673985282
traditional,dol_001,spo_001,0.04156071314113119
traditional,dol_001,spo_002,0.09933946502013713
traditional,dol_001,roi_001,0.019405395849745988
traditional,dol_001,roi_002,0.012582752022565868
traditional,dol_001,tp_001,0.024689323572334
traditional,dol_001,tp_002,0.018813825174894272
traditional,dol_001,wac_001,0.03492645221012192
traditional,dol_001,wac_002,0.039392538702513136
traditional,dol_002,pbp_001,0.02381182361178269
traditional,dol_002,pbp_002,0.022491732453874258
traditional,dol_002,pel_001,0.017434451323266154
traditional,dol_002,pel_002,0.015038420325288016
traditional,dol_002,spo_001,0.01823189763308175
traditional,dol_002,spo_002,0.04279484087016716
traditional,dol_002,roi_001,0.017485496456275285
traditional,dol_002,roi_002,0.02337264157654051
traditional,dol_002,tp_001,0.023303045846940318
traditional,dol_002,tp_002,0.014283306401107199
traditional,dol_002,wac_001,0.011424504939089863
traditional,dol_002,wac_002,0.006892319962933602
traditional,pbp_001,pbp_002,0.003824831930805961
traditional,pbp_001,pel_001,0.038211395314950436
traditional,pbp_001,pel_002,0.03500963663798684
traditional,pbp_001,spo_001,0.01739674623484866
traditional,pbp_001,spo_002,0.044961145130628766
traditional,pbp_001,roi_001,0.011172440021879448
traditional,pbp_001,roi_002,0.015089145610536647
traditional,pbp_001,tp_001,0.01676194311790946
traditional,pbp_001,tp_002,0.015422702585010661
traditional,pbp_001,wac_001,0.03021582251279864
traditional,pbp_001,wac_002,0.02490043983105117
traditional,pbp_002,pel_001,0.027499448276299687
traditional,pbp_002,pel_002,0.026054206395938806
traditional,pbp_002,spo_001,0.013162789487045745
traditional,pbp_002,spo_002,0.044800068478036414
traditional,pbp_002,roi_001,0.011986932859242128
traditional,pbp_002,roi_002,0.011465310227127046
traditional,pbp_002,tp_001,0.0104393033467306
traditional,pbp_002,tp_002,0.009109174110932927
traditional,pbp_002,wac_001,0.0331771012607438
traditional,pbp_002,wac_002,0.027124890545921154
traditional,pel_001,pel_002,0.006508958243233276
traditional,pel_001,spo_001,0.02960056420816537
traditional,pel_001,spo_002,0.07856927581647999
traditional,pel_001,roi_001,0.01878010435100641
traditional,pel_001,roi_002,0.015553020543356944
traditional,pel_001,tp_001,0.01693544183880258
traditional,pel_001,tp_002,0.015324052922736309
traditional,pel_001,wac_001,0.023145060535428974
traditional,pel_001,wac_002,0.02578888630558085
traditional,pel_002,spo_001,0.02401732735580131
traditional,pel_002,spo_002,0.05642067850313359
traditional,pel_002,roi_001,0.01666703684354509
traditional,pel_002,roi_002,0.01529018940916127
traditional,pel_002,tp_001,0.012694131540772258
traditional,pel_002,tp_002,0.009859073763953785
traditional,pel_002,wac_001,0.024555369989284537
traditional,pel_002,wac_002,0.018470104202870097
traditional,spo_001,spo_002,0.017125531724710985
traditional,spo_001,roi_001,0.01939049124220449
traditional,spo_001,roi_002,0.023851280368146988
traditional,spo_001,tp_001,0.008513752657938078
traditional,spo_001,tp_002,0.01087700374624756
traditional,spo_001,wac_001,0.020620294774891468
traditional,spo_001,wac_002,0.012380457108439713
traditional,spo_002,roi_001,0.05538322573318655
traditional,spo_002,roi_002,0.06731512952199237
traditional,spo_002,tp_001,0.03916325702876444
traditional,spo_002,tp_002,0.03952909362463719
traditional,spo_002,wac_001,0.05099699371789246
traditional,spo_002,wac_002,0.028769592521686982
traditional,roi_001,roi_002,0.0030842645165245486
traditional,roi_001,tp_001,0.01008899548699882
traditional,roi_001,tp_002,0.008282694115977374
traditional,roi_001,wac_001,0.017929568516741545
traditional,roi_001,wac_002,0.016118668267013136
traditional,roi_002,tp_001,0.010877726066694127
traditional,roi_002,tp_002,0.010021160246434402
traditional,roi_002,wac_001,0.024734587314717338
traditional,roi_002,wac_002,0.0247201521639534
traditional,tp_001,tp_002,0.004530234697805224
traditional,tp_001,wac_001,0.02583740223082176
traditional,tp_001,wac_002,0.019758303950538125
traditional,tp_002,wac_001,0.026240008041565455
traditional,tp_002,wac_002,0.017082515552007127
traditional,wac_001,wac_002,0.005425569212716641
ai_scaffolding,be_001,be_002,0.0031582517412668265
ai_scaffolding,be_001,cac_001,0.009478603208620595
ai_scaffolding,be_001,cac_002,0.012222065655084657
ai_scaffolding,be_001,cm_001,0.00406627947176208
ai_scaffolding,be_001,cm_002,0.006045391378167508
ai_scaffolding,be_001,ltv_001,0.010039782733522129
ai_scaffolding,be_001,ltv_002,0.007418723271114702
ai_scaffolding,be_001,mos_001,0.017858398153634436
ai_scaffolding,be_001,mos_002,0.011170364960524815
ai_scaffolding,be_001,mkp_001,0.0135094342751646
ai_scaffolding,be_001,mkp_002,0.014897100105723649
ai_scaffolding,be_001,mix_001,0.00637979091853158
ai_scaffolding,be_001,mix_002,0.010617715337775668
ai_scaffolding,be_001,npv_001,0.020788073956397368
ai_scaffolding,be_001,npv_002,0.010005538322925611
ai_scaffolding,be_001,dol_001,0.012411182168065138
ai_scaffolding,be_001,dol_002,0.0030108894456986057
ai_scaffolding,be_001,pbp_001,0.013782846148097772
ai_scaffolding,be_001,pbp_002,0.013379554506639857
ai_scaffolding,be_001,pel_001,0.018257549289878994
ai_scaffolding,be_001,pel_002,0.011797006862335313
ai_scaffolding,be_001,spo_001,0.012339991157241825
ai_scaffolding,be_001,spo_002,0.03882187050959762
ai_scaffolding,be_001,roi_001,0.009954384299109553
ai_scaffolding,be_001,roi_002,0.027700804715457217
ai_scaffolding,be_001,tp_001,0.01202687702033689
ai_scaffolding,be_001,tp_002,0.008318623558213223
ai_scaffolding,be_001,wac_001,0.009617479518547967
ai_scaffolding,be_001,wac_002,0.024141976232516016
ai_scaffolding,be_002,cac_001,0.008665652410284497
ai_scaffolding,be_002,cac_002,0.007943433245006126
ai_scaffolding,be_002,cm_001,0.007510359426196711
ai_scaffolding,be_002,cm_002,0.006362234454582949
ai_scaffolding,be_002,ltv_001,0.010856789752810014
ai_scaffolding,be_002,ltv_002,0.00766574780557383
ai_scaffolding,be_002,mos_001,0.019439718444055343
ai_scaffolding,be_002,mos_002,0.013767338264235485
ai_scaffolding,be_002,mkp_001,0.019087953204032893
ai_scaffolding,be_002,mkp_002,0.021546960120773173
ai_scaffolding,be_002,mix_001,0.013649027238482603
ai_scaffolding,be_002,mix_002,0.01685999631225943
ai_scaffolding,be_002,npv_001,0.024685456293703556
ai_scaffolding,be_002,npv_002,0.012967425192771831
ai_scaffolding,be_002,dol_001,0.013997900081300418
ai_scaffolding,be_002,dol_002,0.0024604721251091366
ai_scaffolding,be_002,pbp_001,0.012270773785262423
ai_scaffolding,be_002,pbp_002,0.011363275921185911
ai_scaffolding,be_002,pel_001,0.024951008548892095
ai_scaffolding,be_002,pel_002,0.01453400428360585
ai_scaffolding,be_002,spo_001,0.013955693029355176
ai_scaffolding,be_002,spo_002,0.03739305937790627
ai_scaffolding,be_002,roi_001,0.012906672181176027
ai_scaffolding,be_002,roi_002,0.028805564842598108
ai_scaffolding,be_002,tp_001,0.016135974402372688
ai_scaffolding,be_002,tp_002,0.008888754286121792
ai_scaffolding,be_002,wac_001,0.011709095533885439
ai_scaffolding,be_002,wac_002,0.027268875439094176
ai_scaffolding,cac_001,cac_002,0.004508530311954195
ai_scaffolding,cac_001,cm_001,0.01064153230345799
ai_scaffolding,cac_001,cm_002,0.006949157027337449
ai_scaffolding,cac_001,ltv_001,0.007112782953706986
ai_scaffolding,cac_001,ltv_002,0.010282159228946153
ai_scaffolding,cac_001,mos_001,0.010111069350930535
ai_scaffolding,cac_001,mos_002,0.009354108009194007
ai_scaffolding,cac_001,mkp_001,0.025318221091331305
ai_scaffolding,cac_001,mkp_002,0.027822663745558307
ai_scaffolding,cac_001,mix_001,0.020495381365531085
ai_scaffolding,cac_001,mix_002,0.027031991129595645
ai_scaffolding,cac_001,npv_001,0.014480747756597911
ai_scaffolding,cac_001,npv_002,0.0024731806296396375
ai_scaffolding,cac_001,dol_001,0.019664734846136844
ai_scaffolding,cac_001,dol_002,0.009733972894948817
ai_scaffolding,cac_001,pbp_001,0.004518615105279622
ai_scaffolding,cac_001,pbp_002,0.0036112908898898732
ai_scaffolding,cac_001,pel_001,0.029496570066540717
ai_scaffolding,cac_001,pel_002,0.01626449600309343
ai_scaffolding,cac_001,spo_001,0.01623005149154111
ai_scaffolding,cac_001,spo_002,0.03446246058965474
ai_scaffolding,cac_001,roi_001,0.00725721225319409
ai_scaffolding,cac_001,roi_002,0.015572751907524718
ai_scaffolding,cac_001,tp_001,0.008840686336170078
ai_scaffolding,cac_001,tp_002,0.00859597311861493
ai_scaffolding,cac_001,wac_001,0.009614690527517511
ai_scaffolding,cac_001,wac_002,0.021001332862660593
ai_scaffolding,cac_002,cm_001,0.013276751401045894
ai_scaffolding,cac_002,cm_002,0.010212348777228208
ai_scaffolding,cac_002,ltv_001,0.012908021119981239
ai_scaffolding,cac_002,ltv_002,0.010756176397949901
ai_scaffolding,cac_002,mos_001,0.016949708198572
ai_scaffolding,cac_002,mos_002,0.017771299771145888
ai_scaffolding,cac_002,mkp_001,0.02042102356883746
ai_scaffolding,cac_002,mkp_002,0.02472156140785353
ai_scaffolding,cac_002,mix_001,0.02212461148271827
ai_scaffolding,cac_002,mix_002,0.025929095369554345
ai_scaffolding,cac_002,npv_001,0.015043715890371345
ai_scaffolding,cac_002,npv_002,0.009085686007983651
ai_scaffolding,cac_002,dol_001,0.01748451342048063
ai_scaffolding,cac_002,dol_002,0.012271706547057448
ai_scaffolding,cac_002,pbp_001,0.010032892295340656
ai_scaffolding,cac_002,pbp_002,0.007752427878435109
ai_scaffolding,cac_002,pel_001,0.030899310785353018
ai_scaffolding,cac_002,pel_002,0.019484877900416864
ai_scaffolding,cac_002,spo_001,0.028047968630860343
ai_scaffolding,cac_002,spo_002,0.05224940986277549
ai_scaffolding,cac_002,roi_001,0.009117233683173964
ai_scaffolding,cac_002,roi_002,0.017960197785032217
ai_scaffolding,cac_002,tp_001,0.017982534720444865
ai_scaffolding,cac_002,tp_002,0.015074310100503419
ai_scaffolding,cac_002,wac_001,0.018511648784972023
ai_scaffolding,cac_002,wac_002,0.03852372242218216
ai_scaffolding,cm_001,cm_002,0.0031577624633875034
ai_scaffolding,cm_001,ltv_001,0.010868034237416002
ai_scaffolding,cm_001,ltv_002,0.007926746999507128
ai_scaffolding,cm_001,mos_001,0.010687380545494785
ai_scaffolding,cm_001,mos_002,0.00703759823308947
ai_scaffolding,cm_001,mkp_001,0.011510427335694962
ai_scaffolding,cm_001,mkp_002,0.008641688621580546
ai_scaffolding,cm_001,mix_001,0.008445343364322011
ai_scaffolding,cm_001,mix_002,0.00977737106890586
ai_scaffolding,cm_001,npv_001,0.021925804547120342
ai_scaffolding,cm_001,npv_002,0.008518563107963062
ai_scaffolding,cm_001,dol_001,0.0065855910219868585
ai_scaffolding,cm_001,dol_002,0.005025019753773563
ai_scaffolding,cm_001,pbp_001,0.016731147965658
ai_scaffolding,cm_001,pbp_002,0.014510287668587085
ai_scaffolding,cm_001,pel_001,0.008246721715526206
ai_scaffolding,cm_001,pel_002,0.004445370475347321
ai_scaffolding,cm_001,spo_001,0.018889629138985065
ai_scaffolding,cm_001,spo_002,0.04431679154986934
ai_scaffolding,cm_001,roi_001,0.007082026910772976
ai_scaffolding,cm_001,roi_002,0.016586001747398216
ai_scaffolding,cm_001,tp_001,0.008726869129792814
ai_scaffolding,cm_001,tp_002,0.005569335229842154
ai_scaffolding,cm_001,wac_001,0.013516696089192037
ai_scaffolding,cm_001,wac_002,0.02804830594098917
ai_scaffolding,cm_002,ltv_001,0.0076338680623915245
ai_scaffolding,cm_002,ltv_002,0.008628985218860685
ai_scaffolding,cm_002,mos_001,0.005783523410407332
ai_scaffolding,cm_002,mos_002,0.0030832866204985043
ai_scaffolding,cm_002,mkp_001,0.02227932589051962
ai_scaffolding,cm_002,mkp_002,0.019342586666743156
ai_scaffolding,cm_002,mix_001,0.0174135192780438
ai_scaffolding,cm_002,mix_002,0.021147455463223608
ai_scaffolding,cm_002,npv_001,0.022801976496018894
ai_scaffolding,cm_002,npv_002,0.006926147413358841
ai_scaffolding,cm_002,dol_001,0.014665078871774928
ai_scaffolding,cm_002,dol_002,0.0050456401376531845
ai_scaffolding,cm_002,pbp_001,0.0106550046850864
ai_scaffolding,cm_002,pbp_002,0.009420425508975261
ai_scaffolding,cm_002,pel_001,0.018108247775824315
ai_scaffolding,cm_002,pel_002,0.008811779930752994
ai_scaffolding,cm_002,spo_001,0.012469562140526413
ai_scaffolding,cm_002,spo_002,0.03028680575217879
ai_scaffolding,cm_002,roi_001,0.007329769812109532
ai_scaffolding,cm_002,roi_002,0.014314654404246951
ai_scaffolding,cm_002,tp_001,0.00619929688676768
ai_scaffolding,cm_002,tp_002,0.002352026208243041
ai_scaffolding,cm_002,wac_001,0.009449705587505797
ai_scaffolding,cm_002,wac_002,0.019688406799491798
ai_scaffolding,ltv_001,ltv_002,0.0035277586944097994
ai_scaffolding,ltv_001,mos_001,0.01001651142055604
ai_scaffolding,ltv_001,mos_002,0.008184956014071099
ai_scaffolding,ltv_001,mkp_001,0.025431335661216248
ai_scaffolding,ltv_001,mkp_002,0.02487615205508964
ai_scaffolding,ltv_001,mix_001,0.017854829165826924
ai_scaffolding,ltv_001,mix_002,0.024428909321590808
ai_scaffolding,ltv_001,npv_001,0.01127155607806829
ai_scaffolding,ltv_001,npv_002,0.006210057310249484
ai_scaffolding,ltv_001,dol_001,0.020174851626264534
ai_scaffolding,ltv_001,dol_002,0.00957741918361088
ai_scaffolding,ltv_001,pbp_001,0.01690618366891594
ai_scaffolding,ltv_001,pbp_002,0.015119525422452984
ai_scaffolding,ltv_001,pel_001,0.025508848136429285
ai_scaffolding,ltv_001,pel_002,0.014442261585727367
ai_scaffolding,ltv_001,spo_001,0.013703287009486198
ai_scaffolding,ltv_001,spo_002,0.033273150986997346
ai_scaffolding,ltv_001,roi_001,0.005923777734384905
ai_scaffolding,ltv_001,roi_002,0.02398615596448994
ai_scaffolding,ltv_001,tp_001,0.01454034891655509
ai_scaffolding,ltv_001,tp_002,0.01200640697435329
ai_scaffolding,ltv_001,wac_001,0.00288891369320321
ai_scaffolding,ltv_001,wac_002,0.01310157158497438
ai_scaffolding,ltv_002,mos_001,0.016767580188205455
ai_scaffolding,ltv_002,mos_002,0.01376711232012029
ai_scaffolding,ltv_002,mkp_001,0.014213594182443057
ai_scaffolding,ltv_002,mkp_002,0.014362354811985667
ai_scaffolding,ltv_002,mix_001,0.011671616689960751
ai_scaffolding,ltv_002,mix_002,0.01347334358419583
ai_scaffolding,ltv_002,npv_001,0.012388279113812906
ai_scaffolding,ltv_002,npv_002,0.010337018472331372
ai_scaffolding,ltv_002,dol_001,0.010595785775896704
ai_scaffolding,ltv_002,dol_002,0.0067009667413586715
ai_scaffolding,ltv_002,pbp_001,0.023124662625179204
ai_scaffolding,ltv_002,pbp_002,0.019551781137694402
ai_scaffolding,ltv_002,pel_001,0.01678468881239059
ai_scaffolding,ltv_002,pel_002,0.00924197821763506
ai_scaffolding,ltv_002,spo_001,0.021558130619225846
ai_scaffolding,ltv_002,spo_002,0.04889890454471224
ai_scaffolding,ltv_002,roi_001,0.006623166133172154
ai_scaffolding,ltv_002,roi_002,0.027169434563908412
ai_scaffolding,ltv_002,tp_001,0.020940669951886925
ai_scaffolding,ltv_002,tp_002,0.015717710842829913
ai_scaffolding,ltv_002,wac_001,0.00786313740636757
ai_scaffolding,ltv_002,wac_002,0.025692997780530025
ai_scaffolding,mos_001,mos_002,0.00208056272440027
ai_scaffolding,mos_001,mkp_001,0.03378585402801393
ai_scaffolding,mos_001,mkp_002,0.028938177268030496
ai_scaffolding,mos_001,mix_001,0.02853170062366228
ai_scaffolding,mos_001,mix_002,0.03560442108204365
ai_scaffolding,mos_001,npv_001,0.021737558619165376
ai_scaffolding,mos_001,npv_002,0.006092167694140449
ai_scaffolding,mos_001,dol_001,0.02472511354254503
ai_scaffolding,mos_001,dol_002,0.017917244566613033
ai_scaffolding,mos_001,pbp_001,0.013261513233476019
ai_scaffolding,mos_001,pbp_002,0.010798003974809012
ai_scaffolding,mos_001,pel_001,0.025415607237901483
ai_scaffolding,mos_001,pel_002,0.015682824645968707
ai_scaffolding,mos_001,spo_001,0.01918273711044094
ai_scaffolding,mos_001,spo_002,0.032002073209896675
ai_scaffolding,mos_001,roi_001,0.007795199188216473
ai_scaffolding,mos_001,roi_002,0.006607067795206922
ai_scaffolding,mos_001,tp_001,0.004779508207882421
ai_scaffolding,mos_001,tp_002,0.006078945254146428
ai_scaffolding,mos_001,wac_001,0.014662256757086434
ai_scaffolding,mos_001,wac_002,0.020505776342581994
ai_scaffolding,mos_002,mkp_001,0.03071508385681665
ai_scaffolding,mos_002,mkp_002,0.026189750613270668
ai_scaffolding,mos_002,mix_001,0.02225957774124354
ai_scaffolding,mos_002,mix_002,0.028866720371040322
ai_scaffolding,mos_002,npv_001,0.023667553902551708
ai_scaffolding,mos_002,npv_002,0.005866063626868923
ai_scaffolding,mos_002,dol_001,0.021792545637707605
ai_scaffolding,mos_002,dol_002,0.01131906298475871
ai_scaffolding,mos_002,pbp_001,0.011671946672925926
ai_scaffolding,mos_002,pbp_002,0.010015383658884769
ai_scaffolding,mos_002,pel_001,0.022095683010941447
ai_scaffolding,mos_002,pel_002,0.012072821246821075
ai_scaffolding,mos_002,spo_001,0.011454400732994197
ai_scaffolding,mos_002,spo_002,0.02456359244239059
ai_scaffolding,mos_002,roi_001,0.008344581739412216
ai_scaffolding,mos_002,roi_002,0.01143523299444782
ai_scaffolding,mos_002,tp_001,0.003251284418624323
ai_scaffolding,mos_002,tp_002,0.0030350688433796735
ai_scaffolding,mos_002,wac_001,0.00949416151960758
ai_scaffolding,mos_002,wac_002,0.01441455437275685
ai_scaffolding,mkp_001,mkp_002,0.0023840368033635206
ai_scaffolding,mkp_001,mix_001,0.005098605476645868
ai_scaffolding,mkp_001,mix_002,0.004324470736868147
ai_scaffolding,mkp_001,npv_001,0.01957464689146926
ai_scaffolding,mkp_001,npv_002,0.022139062513332086
ai_scaffolding,mkp_001,dol_001,0.006026143278032525
ai_scaffolding,mkp_001,dol_002,0.019007707866141588
ai_scaffolding,mkp_001,pbp_001,0.03743177454776547
ai_scaffolding,mkp_001,pbp_002,0.03258529333255533
ai_scaffolding,mkp_001,pel_001,0.010164989002486746
ai_scaffolding,mkp_001,pel_002,0.014535874040853325
ai_scaffolding,mkp_001,spo_001,0.046863328990184305
ai_scaffolding,mkp_001,spo_002,0.09032485564229353
ai_scaffolding,mkp_001,roi_001,0.013708355812662276
ai_scaffolding,mkp_001,roi_002,0.032807276853986655
ai_scaffolding,mkp_001,tp_001,0.03147753631246486
ai_scaffolding,mkp_001,tp_002,0.02998489197951415
ai_scaffolding,mkp_001,wac_001,0.03262282051920107
ai_scaffolding,mkp_001,wac_002,0.061911412589411685
ai_scaffolding,mkp_002,mix_001,0.007523274719268169
ai_scaffolding,mkp_002,mix_002,0.004409140622739449
ai_scaffolding,mkp_002,npv_001,0.024429437529994602
ai_scaffolding,mkp_002,npv_002,0.022685360363637996
ai_scaffolding,mkp_002,dol_001,0.004527614957098303
ai_scaffolding,mkp_002,dol_002,0.018834289989528297
ai_scaffolding,mkp_002,pbp_001,0.04099553005477785
ai_scaffolding,mkp_002,pbp_002,0.03547904206083141
ai_scaffolding,mkp_002,pel_001,0.004048951108454046
ai_scaffolding,mkp_002,pel_002,0.009695200831950745
ai_scaffolding,mkp_002,spo_001,0.04689643728235671
ai_scaffolding,mkp_002,spo_002,0.08723353191947503
ai_scaffolding,mkp_002,roi_001,0.013662601882896919
ai_scaffolding,mkp_002,roi_002,0.02883659512408565
ai_scaffolding,mkp_002,tp_001,0.029124235005307364
ai_scaffolding,mkp_002,tp_002,0.026753689356640353
ai_scaffolding,mkp_002,wac_001,0.03260644901905663
ai_scaffolding,mkp_002,wac_002,0.05864279614231904
ai_scaffolding,mix_001,mix_002,0.003429947366204056
ai_scaffolding,mix_001,npv_001,0.018760132147988218
ai_scaffolding,mix_001,npv_002,0.016623972086485805
ai_scaffolding,mix_001,dol_001,0.009278128504499716
ai_scaffolding,mix_001,dol_002,0.011755340496901967
ai_scaffolding,mix_001,pbp_001,0.02891314414506574
ai_scaffolding,mix_001,pbp_002,0.026533396719979896
ai_scaffolding,mix_001,pel_001,0.012427766801136775
ai_scaffolding,mix_001,pel_002,0.013453183796476309
ai_scaffolding,mix_001,spo_001,0.02857658103763394
ai_scaffolding,mix_001,spo_002,0.06592055777199624
ai_scaffolding,mix_001,roi_001,0.012209673650243724
ai_scaffolding,mix_001,roi_002,0.03521956329917875
ai_scaffolding,mix_001,tp_001,0.022149472153187633
ai_scaffolding,mix_001,tp_002,0.02162499134544027
ai_scaffolding,mix_001,wac_001,0.019816445261077176
ai_scaffolding,mix_001,wac_002,0.0409668881086338
ai_scaffolding,mix_002,npv_001,0.028664371847248904
ai_scaffolding,mix_002,npv_002,0.02387780247775073
ai_scaffolding,mix_002,dol_001,0.004774816661916814
ai_scaffolding,mix_002,dol_002,0.013066743141360138
ai_scaffolding,mix_002,pbp_001,0.03893185799240939
ai_scaffolding,mix_002,pbp_002,0.034560929302392185
ai_scaffolding,mix_002,pel_001,0.007013152386668997
ai_scaffolding,mix_002,pel_002,0.009819042945278467
ai_scaffolding,mix_002,spo_001,0.040313849075275354
ai_scaffolding,mix_002,spo_002,0.0803037224640113
ai_scaffolding,mix_002,roi_001,0.018389496725639165
ai_scaffolding,mix_002,roi_002,0.03939934768491016
ai_scaffolding,mix_002,tp_001,0.030797453020592114
ai_scaffolding,mix_002,tp_002,0.027078841613351723
ai_scaffolding,mix_002,wac_001,0.028143931002096
ai_scaffolding,mix_002,wac_002,0.052147351916048024
ai_scaffolding,npv_001,npv_002,0.010815762677184204
ai_scaffolding,npv_001,dol_001,0.026313403095207022
ai_scaffolding,npv_001,dol_002,0.027342140821963734
ai_scaffolding,npv_001,pbp_001,0.025948792531726772
ai_scaffolding,npv_001,pbp_002,0.023080657178879083
ai_scaffolding,npv_001,pel_001,0.03355501406796757
ai_scaffolding,npv_001,pel_002,0.027741368450871717
ai_scaffolding,npv_001,spo_001,0.03629263790930104
ai_scaffolding,npv_001,spo_002,0.06702580075554665
ai_scaffolding,npv_001,roi_001,0.0061802391080041374
ai_scaffolding,npv_001,roi_002,0.026313195217777863
ai_scaffolding,npv_001,tp_001,0.02597530801550918
ai_scaffolding,npv_001,tp_002,0.030119370754213337
ai_scaffolding,npv_001,wac_001,0.017730834148808272
ai_scaffolding,npv_001,wac_002,0.03930601495645192
ai_scaffolding,npv_002,dol_001,0.018062848881097104
ai_scaffolding,npv_002,dol_002,0.012360812001391386
ai_scaffolding,npv_002,pbp_001,0.007383116706390913
ai_scaffolding,npv_002,pbp_002,0.005494351161655753
ai_scaffolding,npv_002,pel_001,0.02288579416708425
ai_scaffolding,npv_002,pel_002,0.013110055904681728
ai_scaffolding,npv_002,spo_001,0.01746161326609741
ai_scaffolding,npv_002,spo_002,0.036869045762478514
ai_scaffolding,npv_002,roi_001,0.0036879602718733473
ai_scaffolding,npv_002,roi_002,0.011052974438078955
ai_scaffolding,npv_002,tp_001,0.00557545094023193
ai_scaffolding,npv_002,tp_002,0.008237088779276647
ai_scaffolding,npv_002,wac_001,0.009488549728529416
ai_scaffolding,npv_002,wac_002,0.020189609939882613
ai_scaffolding,dol_001,dol_002,0.011115572531450457
ai_scaffolding,dol_001,pbp_001,0.03132656626908015
ai_scaffolding,dol_001,pbp_002,0.025517389222485476
ai_scaffolding,dol_001,pel_001,0.004181094595625323
ai_scaffolding,dol_001,pel_002,0.004114577229688221
ai_scaffolding,dol_001,spo_001,0.0395930481150486
ai_scaffolding,dol_001,spo_002,0.07410414231085405
ai_scaffolding,dol_001,roi_001,0.01350071470089087
ai_scaffolding,dol_001,roi_002,0.024776779412545746
ai_scaffolding,dol_001,tp_001,0.0246756602119087
ai_scaffolding,dol_001,tp_002,0.020005467455131765
ai_scaffolding,dol_001,wac_001,0.026830265560722988
ai_scaffolding,dol_001,wac_002,0.050084791912364146
ai_scaffolding,dol_002,pbp_001,0.015425495553348378
ai_scaffolding,dol_002,pbp_002,0.014108412582579777
ai_scaffolding,dol_002,pel_001,0.018197479003563832
ai_scaffolding,dol_002,pel_002,0.008542784978184836
ai_scaffolding,dol_002,spo_001,0.013435891210118789
ai_scaffolding,dol_002,spo_002,0.036504767972323715
ai_scaffolding,dol_002,roi_001,0.013501108165306253
ai_scaffolding,dol_002,roi_002,0.02936785080931059
ai_scaffolding,dol_002,tp_001,0.014951271261525956
ai_scaffolding,dol_002,tp_002,0.007961252886085846
ai_scaffolding,dol_002,wac_001,0.009376048657735891
ai_scaffolding,dol_002,wac_002,0.022451615573201966
ai_scaffolding,pbp_001,pbp_002,0.0013965822413903872
ai_scaffolding,pbp_001,pel_001,0.04218625420965261
ai_scaffolding,pbp_001,pel_002,0.02679631449811226
ai_scaffolding,pbp_001,spo_001,0.01405131194860132
ai_scaffolding,pbp_001,spo_002,0.026649180247530713
ai_scaffolding,pbp_001,roi_001,0.015483273482577053
ai_scaffolding,pbp_001,roi_002,0.017975105237733047
ai_scaffolding,pbp_001,tp_001,0.0070518260546351685
ai_scaffolding,pbp_001,tp_002,0.007985875172065282
ai_scaffolding,pbp_001,wac_001,0.0162596286188057
ai_scaffolding,pbp_001,wac_002,0.023817650671493662
ai_scaffolding,pbp_002,pel_001,0.03585631689164337
ai_scaffolding,pbp_002,pel_002,0.021611242805144038
ai_scaffolding,pbp_002,spo_001,0.017178327789453607
ai_scaffolding,pbp_002,spo_002,0.031633362105999985
ai_scaffolding,pbp_002,roi_001,0.012515086680809473
ai_scaffolding,pbp_002,roi_002,0.012901668552395718
ai_scaffolding,pbp_002,tp_001,0.006880410897693756
ai_scaffolding,pbp_002,tp_002,0.00792092774400921
ai_scaffolding,pbp_002,wac_001,0.01671701671124659
ai_scaffolding,pbp_002,wac_002,0.02667328285633508
ai_scaffolding,pel_001,pel_002,0.004080013093782142
ai_scaffolding,pel_001,spo_001,0.04466552858941075
ai_scaffolding,pel_001,spo_002,0.07838845808532213
ai_scaffolding,pel_001,roi_001,0.016996635126852677
ai_scaffolding,pel_001,roi_002,0.026283598612525938
ai_scaffolding,pel_001,tp_001,0.026084000564676968
ai_scaffolding,pel_001,tp_002,0.02340143491473734
ai_scaffolding,pel_001,wac_001,0.031832556221906505
ai_scaffolding,pel_001,wac_002,0.051847745514321364
ai_scaffolding,pel_002,spo_001,0.029804979268238885
ai_scaffolding,pel_002,spo_002,0.055579385610851406
ai_scaffolding,pel_002,roi_001,0.011841777433269751
ai_scaffolding,pel_002,roi_002,0.019374097757376196
ai_scaffolding,pel_002,tp_001,0.017026998249433545
ai_scaffolding,pel_002,tp_002,0.013110514263062534
ai_scaffolding,pel_002,wac_001,0.01840759675796111
ai_scaffolding,pel_002,wac_002,0.03400956845080427
ai_scaffolding,spo_001,spo_002,0.008982285836699022
ai_scaffolding,spo_001,roi_001,0.023096030091147135
ai_scaffolding,spo_001,roi_002,0.0386764816546431
ai_scaffolding,spo_001,tp_001,0.012467122576605427
ai_scaffolding,spo_001,tp_002,0.009375761828768536
ai_scaffolding,spo_001,wac_001,0.007119210003666665
ai_scaffolding,spo_001,wac_002,0.006722352033871171
ai_scaffolding,spo_002,roi_001,0.0485492802523283
ai_scaffolding,spo_002,roi_002,0.05476225778157029
ai_scaffolding,spo_002,tp_001,0.025866021679846973
ai_scaffolding,spo_002,tp_002,0.022674584372911588
ai_scaffolding,spo_002,wac_001,0.023024100402430858
ai_scaffolding,spo_002,wac_002,0.010133769053302433
ai_scaffolding,roi_001,roi_002,0.012039764711693879
ai_scaffolding,roi_001,tp_001,0.010655353289921177
ai_scaffolding,roi_001,tp_002,0.011975163137679878
ai_scaffolding,roi_001,wac_001,0.011680946283864957
ai_scaffolding,roi_001,wac_002,0.02820404883106542
ai_scaffolding,roi_002,tp_001,0.010266782646043637
ai_scaffolding,roi_002,tp_002,0.014764553928289126
ai_scaffolding,roi_002,wac_001,0.03166022517843081
ai_scaffolding,roi_002,wac_002,0.04411287943363129
ai_scaffolding,tp_001,tp_002,0.002972041924069746
ai_scaffolding,tp_001,wac_001,0.014402163485821129
ai_scaffolding,tp_001,wac_002,0.0189979248402391
ai_scaffolding,tp_002,wac_001,0.01177757655982048
ai_scaffolding,tp_002,wac_002,0.01744162992795817
ai_scaffolding,wac_001,wac_002,0.006814158590102926
ai_substitution,be_001,be_002,0.004923756403604096
ai_substitution,be_001,cac_001,0.015005411714112626
ai_substitution,be_001,cac_002,0.025259623672257647
ai_substitution,be_001,cm_001,0.006106885915901472
ai_substitution,be_001,cm_002,0.007753556760809244
ai_substitution,be_001,ltv_001,0.009922365095836883
ai_substitution,be_001,ltv_002,0.006724547664640812
ai_substitution,be_001,mos_001,0.0212282391068368
ai_substitution,be_001,mos_002,0.029680490140762683
ai_substitution,be_001,mkp_001,0.008286183884733123
ai_substitution,be_001,mkp_002,0.009605617710826464
ai_substitution,be_001,mix_001,0.008612436677979507
ai_substitution,be_001,mix_002,0.018146762177770004
ai_substitution,be_001,npv_001,0.013527601555520463
ai_substitution,be_001,npv_002,0.01140837778405357
ai_substitution,be_001,dol_001,0.009125026251747381
ai_substitution,be_001,dol_002,0.007871485428942004
ai_substitution,be_001,pbp_001,0.014770739857971282
ai_substitution,be_001,pbp_002,0.01609967488070585
ai_substitution,be_001,pel_001,0.01086964567872628
ai_substitution,be_001,pel_002,0.01656979177997875
ai_substitution,be_001,spo_001,0.014498517658929067
ai_substitution,be_001,spo_002,0.0550769208691162
ai_substitution,be_001,roi_001,0.01480144037902309
ai_substitution,be_001,roi_002,0.013886596594827938
ai_substitution,be_001,tp_001,0.018983305398556194
ai_substitution,be_001,tp_002,0.01172895157234255
ai_substitution,be_001,wac_001,0.0202510358088549
ai_substitution,be_001,wac_002,0.028027035479346818
ai_substitution,be_002,cac_001,0.01494388504109223
ai_substitution,be_002,cac_002,0.02424787236637349
ai_substitution,be_002,cm_001,0.009093928053216294
ai_substitution,be_002,cm_002,0.004356410537164068
ai_substitution,be_002,ltv_001,0.007497053946829091
ai_substitution,be_002,ltv_002,0.005162127695448104
ai_substitution,be_002,mos_001,0.019818658162054748
ai_substitution,be_002,mos_002,0.025091204466198946
ai_substitution,be_002,mkp_001,0.01753652363712266
ai_substitution,be_002,mkp_002,0.016920716849144313
ai_substitution,be_002,mix_001,0.02037797403118491
ai_substitution,be_002,mix_002,0.02710346583687484
ai_substitution,be_002,npv_001,0.020877681442942997
ai_substitution,be_002,npv_002,0.015173581658290969
ai_substitution,be_002,dol_001,0.010100355190146515
ai_substitution,be_002,dol_002,0.0029996581346565243
ai_substitution,be_002,pbp_001,0.01827809331021546
ai_substitution,be_002,pbp_002,0.017851680337420905
ai_substitution,be_002,pel_001,0.015565312768094475
ai_substitution,be_002,pel_002,0.013288868864525627
ai_substitution,be_002,spo_001,0.013247033750822479
ai_substitution,be_002,spo_002,0.044466386714984596
ai_substitution,be_002,roi_001,0.015617448222308705
ai_substitution,be_002,roi_002,0.013858810009546696
ai_substitution,be_002,tp_001,0.02092115848998033
ai_substitution,be_002,tp_002,0.008687938964690667
ai_substitution,be_002,wac_001,0.019542959782346436
ai_substitution,be_002,wac_002,0.026095396975127194
ai_substitution,cac_001,cac_002,0.011402851647248302
ai_substitution,cac_001,cm_001,0.019861730872820837
ai_substitution,cac_001,cm_002,0.014594432638914023
ai_substitution,cac_001,ltv_001,0.009316131686197493
ai_substitution,cac_001,ltv_002,0.011466317172885376
ai_substitution,cac_001,mos_001,0.008264620492525299
ai_substitution,cac_001,mos_002,0.013736611507027874
ai_substitution,cac_001,mkp_001,0.036249983884055426
ai_substitution,cac_001,mkp_002,0.036398840057845994
ai_substitution,cac_001,mix_001,0.0349373458764316
ai_substitution,cac_001,mix_002,0.04708396416254812
ai_substitution,cac_001,npv_001,0.013471644711916753
ai_substitution,cac_001,npv_002,0.0033707689190421997
ai_substitution,cac_001,dol_001,0.02219429371595305
ai_substitution,cac_001,dol_002,0.010698613007393054
ai_substitution,cac_001,pbp_001,0.005148311406817263
ai_substitution,cac_001,pbp_002,0.002995879130144652
ai_substitution,cac_001,pel_001,0.028582194842613484
ai_substitution,cac_001,pel_002,0.021853603835679247
ai_substitution,cac_001,spo_001,0.015798129005931916
ai_substitution,cac_001,spo_002,0.03561999604396837
ai_substitution,cac_001,roi_001,0.010801034961675726
ai_substitution,cac_001,roi_002,0.009084399434602042
ai_substitution,cac_001,tp_001,0.011531793229129672
ai_substitution,cac_001,tp_002,0.010840879324408248
ai_substitution,cac_001,wac_001,0.023964443055772278
ai_substitution,cac_001,wac_002,0.021485566445169413
ai_substitution,cac_002,cm_001,0.02487068196014075
ai_substitution,cac_002,cm_002,0.03060382279454754
ai_substitution,cac_002,ltv_001,0.018407798404107112
ai_substitution,cac_002,ltv_002,0.014857718572872547
ai_substitution,cac_002,mos_001,0.026337427644365308
ai_substitution,cac_002,mos_002,0.041163876742392635
ai_substitution,cac_002,mkp_001,0.04213303616505981
ai_substitution,cac_002,mkp_002,0.04190116593071258
ai_substitution,cac_002,mix_001,0.043601870467699366
ai_substitution,cac_002,mix_002,0.04614981335348667
ai_substitution,cac_002,npv_001,0.016307313218662856
ai_substitution,cac_002,npv_002,0.01317471287866967
ai_substitution,cac_002,dol_001,0.028497597110561323
ai_substitution,cac_002,dol_002,0.021409616360261285
ai_substitution,cac_002,pbp_001,0.007834926763991557
ai_substitution,cac_002,pbp_002,0.009332945675395221
ai_substitution,cac_002,pel_001,0.037348813990599194
ai_substitution,cac_002,pel_002,0.03631204485764783
ai_substitution,cac_002,spo_001,0.04419519615214007
ai_substitution,cac_002,spo_002,0.07926247497678962
ai_substitution,cac_002,roi_001,0.024302065688864505
ai_substitution,cac_002,roi_002,0.017660810195759602
ai_substitution,cac_002,tp_001,0.037855440007046104
ai_substitution,cac_002,tp_002,0.02864986175927664
ai_substitution,cac_002,wac_001,0.0523216763773775
ai_substitution,cac_002,wac_002,0.056647871601402056
ai_substitution,cm_001,cm_002,0.006822755444951478
ai_substitution,cm_001,ltv_001,0.013269894627874201
ai_substitution,cm_001,ltv_002,0.009983248227123931
ai_substitution,cm_001,mos_001,0.02149303261319946
ai_substitution,cm_001,mos_002,0.032819915248322507
ai_substitution,cm_001,mkp_001,0.006306858145567973
ai_substitution,cm_001,mkp_002,0.0052819456066844905
ai_substitution,cm_001,mix_001,0.008196687567684435
ai_substitution,cm_001,mix_002,0.011314556334382053
ai_substitution,cm_001,npv_001,0.014835133024602931
ai_substitution,cm_001,npv_002,0.011882677558932686
ai_substitution,cm_001,dol_001,0.0016186173745110777
ai_substitution,cm_001,dol_002,0.007521735303080868
ai_substitution,cm_001,pbp_001,0.019727128970887575
ai_substitution,cm_001,pbp_002,0.018851155708216494
ai_substitution,cm_001,pel_001,0.003925857683070855
ai_substitution,cm_001,pel_002,0.008983900584440319
ai_substitution,cm_001,spo_001,0.027532976714674695
ai_substitution,cm_001,spo_002,0.06896624182631883
ai_substitution,cm_001,roi_001,0.01197600841571922
ai_substitution,cm_001,roi_002,0.007696639162797503
ai_substitution,cm_001,tp_001,0.02070267716650187
ai_substitution,cm_001,tp_002,0.010744754711774052
ai_substitution,cm_001,wac_001,0.030203027895460588
ai_substitution,cm_001,wac_002,0.03886555864744967
ai_substitution,cm_002,ltv_001,0.007983599958721999
ai_substitution,cm_002,ltv_002,0.009471975944740474
ai_substitution,cm_002,mos_001,0.012194550129442039
ai_substitution,cm_002,mos_002,0.015870142483173755
ai_substitution,cm_002,mkp_001,0.01698917307795056
ai_substitution,cm_002,mkp_002,0.014548705869239509
ai_substitution,cm_002,mix_001,0.019714224950891035
ai_substitution,cm_002,mix_002,0.028208151408048554
ai_substitution,cm_002,npv_001,0.020746623826941146
ai_substitution,cm_002,npv_002,0.011934779234467507
ai_substitution,cm_002,dol_001,0.006728987086694893
ai_substitution,cm_002,dol_002,0.003008855835792912
ai_substitution,cm_002,pbp_001,0.021257098492560522
ai_substitution,cm_002,pbp_002,0.018150188641812726
ai_substitution,cm_002,pel_001,0.010124820896823206
ai_substitution,cm_002,pel_002,0.00527036010846571
ai_substitution,cm_002,spo_001,0.012502942789560323
ai_substitution,cm_002,spo_002,0.03809392924761679
ai_substitution,cm_002,roi_001,0.008076645588577347
ai_substitution,cm_002,roi_002,0.008089757094385086
ai_substitution,cm_002,tp_001,0.010924075687748336
ai_substitution,cm_002,tp_002,0.003212454990850655
ai_substitution,cm_002,wac_001,0.016916423038719097
ai_substitution,cm_002,wac_002,0.01988393054861881
ai_substitution,ltv_001,ltv_002,0.0023429903822171916
ai_substitution,ltv_001,mos_001,0.013131662886303186
ai_substitution,ltv_001,mos_002,0.021543542734064336
ai_substitution,ltv_001,mkp_001,0.021781480758237937
ai_substitution,ltv_001,mkp_002,0.019768583136528628
ai_substitution,ltv_001,mix_001,0.023780547846755207
ai_substitution,ltv_001,mix_002,0.03360472407075055
ai_substitution,ltv_001,npv_001,0.009596174996743256
ai_substitution,ltv_001,npv_002,0.0074751770615583135
ai_substitution,ltv_001,dol_001,0.014057140515523647
ai_substitution,ltv_001,dol_002,0.008307846002184482
ai_substitution,ltv_001,pbp_001,0.015560901854200226
ai_substitution,ltv_001,pbp_002,0.015056313988460746
ai_substitution,ltv_001,pel_001,0.016911031817193223
ai_substitution,ltv_001,pel_002,0.011450117461745402
ai_substitution,ltv_001,spo_001,0.014991230702778857
ai_substitution,ltv_001,spo_002,0.044155690750052656
ai_substitution,ltv_001,roi_001,0.006544908461399879
ai_substitution,ltv_001,roi_002,0.010002473942440693
ai_substitution,ltv_001,tp_001,0.018185525938124947
ai_substitution,ltv_001,tp_002,0.011894437465923113
ai_substitution,ltv_001,wac_001,0.011781168271752018
ai_substitution,ltv_001,wac_002,0.01777611411112967
ai_substitution,ltv_002,mos_001,0.020622992826076936
ai_substitution,ltv_002,mos_002,0.03107681780314242
ai_substitution,ltv_002,mkp_001,0.01664912235505056
ai_substitution,ltv_002,mkp_002,0.015937446052984194
ai_substitution,ltv_002,mix_001,0.01873928250344803
ai_substitution,ltv_002,mix_002,0.024051618431011335
ai_substitution,ltv_002,npv_001,0.010292289627415685
ai_substitution,ltv_002,npv_002,0.00970357103265096
ai_substitution,ltv_002,dol_001,0.011083082057911864
ai_substitution,ltv_002,dol_002,0.007047844129524639
ai_substitution,ltv_002,pbp_001,0.014775595932396857
ai_substitution,ltv_002,pbp_002,0.01569973026024829
ai_substitution,ltv_002,pel_001,0.014247088653705942
ai_substitution,ltv_002,pel_002,0.01384436501282349
ai_substitution,ltv_002,spo_001,0.019467522855714625
ai_substitution,ltv_002,spo_002,0.05549342015373426
ai_substitution,ltv_002,roi_001,0.012227700609610093
ai_substitution,ltv_002,roi_002,0.012455959766590863
ai_substitution,ltv_002,tp_001,0.02535604946514436
ai_substitution,ltv_002,tp_002,0.014911690282618295
ai_substitution,ltv_002,wac_001,0.017584780931181876
ai_substitution,ltv_002,wac_002,0.02632798885880072
ai_substitution,mos_001,mos_002,0.0038837132578897204
ai_substitution,mos_001,mkp_001,0.040063002407492165
ai_substitution,mos_001,mkp_002,0.037478249399955366
ai_substitution,mos_001,mix_001,0.040707750106227514
ai_substitution,mos_001,mix_002,0.05826827118282141
ai_substitution,mos_001,npv_001,0.01819151374602601
ai_substitution,mos_001,npv_002,0.007041103410367455
ai_substitution,mos_001,dol_001,0.02414581333789434
ai_substitution,mos_001,dol_002,0.015247363493055555
ai_substitution,mos_001,pbp_001,0.01359383301232897
ai_substitution,mos_001,pbp_002,0.008838221919307165
ai_substitution,mos_001,pel_001,0.03028309750114977
ai_substitution,mos_001,pel_002,0.017528601643664876
ai_substitution,mos_001,spo_001,0.015824262558196356
ai_substitution,mos_001,spo_002,0.029429614440574903
ai_substitution,mos_001,roi_001,0.004623268105129363
ai_substitution,mos_001,roi_002,0.006403113369547797
ai_substitution,mos_001,tp_001,0.003745258317482736
ai_substitution,mos_001,tp_002,0.005875514786959912
ai_substitution,mos_001,wac_001,0.024410081049952348
ai_substitution,mos_001,wac_002,0.020312652385231167
ai_substitution,mos_002,mkp_001,0.05323711294356259
ai_substitution,mos_002,mkp_002,0.05119969508869415
ai_substitution,mos_002,mix_001,0.054062460815886504
ai_substitution,mos_002,mix_002,0.07524769872213766
ai_substitution,mos_002,npv_001,0.03222648463763278
ai_substitution,mos_002,npv_002,0.0160078795109857
ai_substitution,mos_002,dol_001,0.0344235100783411
ai_substitution,mos_002,dol_002,0.020377208919245215
ai_substitution,mos_002,pbp_001,0.023605585452098787
ai_substitution,mos_002,pbp_002,0.016727254478497766
ai_substitution,mos_002,pel_001,0.04178446550722914
ai_substitution,mos_002,pel_002,0.02427186011656368
ai_substitution,mos_002,spo_001,0.013401913433405577
ai_substitution,mos_002,spo_002,0.0160875077921514
ai_substitution,mos_002,roi_001,0.012502444414942637
ai_substitution,mos_002,roi_002,0.015046600066084714
ai_substitution,mos_002,tp_001,0.003951053269112603
ai_substitution,mos_002,tp_002,0.008602022961914813
ai_substitution,mos_002,wac_001,0.025638054757784468
ai_substitution,mos_002,wac_002,0.017535064617999252
ai_substitution,mkp_001,mkp_002,0.001047284663652337
ai_substitution,mkp_001,mix_001,0.0015885891163033294
ai_substitution,mkp_001,mix_002,0.0068309283111027685
ai_substitution,mkp_001,npv_001,0.01901446712797461
ai_substitution,mkp_001,npv_002,0.024091857656936222
ai_substitution,mkp_001,dol_001,0.008303627380025325
ai_substitution,mkp_001,dol_002,0.020737733051849117
ai_substitution,mkp_001,pbp_001,0.03379749075327576
ai_substitution,mkp_001,pbp_002,0.03635225571928402
ai_substitution,mkp_001,pel_001,0.0058038733059896375
ai_substitution,mkp_001,pel_002,0.019385732894378838
ai_substitution,mkp_001,spo_001,0.03525907527811645
ai_substitution,mkp_001,spo_002,0.09018478082882198
ai_substitution,mkp_001,roi_001,0.0237375361027784
ai_substitution,mkp_001,roi_002,0.02271524218374832
ai_substitution,mkp_001,tp_001,0.03578216016386093
ai_substitution,mkp_001,tp_002,0.026557774896300845
ai_substitution,mkp_001,wac_001,0.0326915108185486
ai_substitution,mkp_001,wac_002,0.04789220967096408
ai_substitution,mkp_002,mix_001,0.0034951720961212684
ai_substitution,mkp_002,mix_002,0.007041741234011023
ai_substitution,mkp_002,npv_001,0.019941466944024766
ai_substitution,mkp_002,npv_002,0.02370889784166741
ai_substitution,mkp_002,dol_001,0.006590467040441306
ai_substitution,mkp_002,dol_002,0.018913151971520104
ai_substitution,mkp_002,pbp_001,0.03568264432334933
ai_substitution,mkp_002,pbp_002,0.0370925765574881
ai_substitution,mkp_002,pel_001,0.0036509454062884084
ai_substitution,mkp_002,pel_002,0.014798820385598321
ai_substitution,mkp_002,spo_001,0.036503668992299065
ai_substitution,mkp_002,spo_002,0.0892776253010894
ai_substitution,mkp_002,roi_001,0.020760691936074327
ai_substitution,mkp_002,roi_002,0.02031929715542924
ai_substitution,mkp_002,tp_001,0.03464898763117974
ai_substitution,mkp_002,tp_002,0.024293883502559233
ai_substitution,mkp_002,wac_001,0.0318948267909539
ai_substitution,mkp_002,wac_002,0.046195817418498875
ai_substitution,mix_001,mix_002,0.006524798810893406
ai_substitution,mix_001,npv_001,0.01908320514698414
ai_substitution,mix_001,npv_002,0.022892674933747914
ai_substitution,mix_001,dol_001,0.009719608666258539
ai_substitution,mix_001,dol_002,0.02195283402449799
ai_substitution,mix_001,pbp_001,0.033212916595963815
ai_substitution,mix_001,pbp_002,0.03538360772063642
ai_substitution,mix_001,pel_001,0.006676486105097745
ai_substitution,mix_001,pel_002,0.02101553385128352
ai_substitution,mix_001,spo_001,0.0354612642818698
ai_substitution,mix_001,spo_002,0.09006768828049616
ai_substitution,mix_001,roi_001,0.025544465778478687
ai_substitution,mix_001,roi_002,0.02380087499678707
ai_substitution,mix_001,tp_001,0.03497072549622937
ai_substitution,mix_001,tp_002,0.028772708828077254
ai_substitution,mix_001,wac_001,0.03189030818998129
ai_substitution,mix_001,wac_002,0.04594026421429942
ai_substitution,mix_002,npv_001,0.03231624740801209
ai_substitution,mix_002,npv_002,0.034366169410367076
ai_substitution,mix_002,dol_001,0.010530211527612465
ai_substitution,mix_002,dol_002,0.02602020965618812
ai_substitution,mix_002,pbp_001,0.045034044019451214
ai_substitution,mix_002,pbp_002,0.04690532833961425
ai_substitution,mix_002,pel_001,0.0073902803205562195
ai_substitution,mix_002,pel_002,0.02442894718714783
ai_substitution,mix_002,spo_001,0.05718851045269813
ai_substitution,mix_002,spo_002,0.1165150656308821
ai_substitution,mix_002,roi_001,0.03936931324858706
ai_substitution,mix_002,roi_002,0.03193843451107481
ai_substitution,mix_002,tp_001,0.054741381851661886
ai_substitution,mix_002,tp_002,0.040272649666387106
ai_substitution,mix_002,wac_001,0.05020304427171829
ai_substitution,mix_002,wac_002,0.06593354601877299
ai_substitution,npv_001,npv_002,0.005817901096620948
ai_substitution,npv_001,dol_001,0.019084047590513853
ai_substitution,npv_001,dol_002,0.02196248179431648
ai_substitution,npv_001,pbp_001,0.011120002855794175
ai_substitution,npv_001,pbp_002,0.013319924079436385
ai_substitution,npv_001,pel_001,0.02098189376854298
ai_substitution,npv_001,pel_002,0.02340632940729226
ai_substitution,npv_001,spo_001,0.027520411551110846
ai_substitution,npv_001,spo_002,0.06855473216855312
ai_substitution,npv_001,roi_001,0.00948655044230251
ai_substitution,npv_001,roi_002,0.011485912703671164
ai_substitution,npv_001,tp_001,0.022635949096445396
ai_substitution,npv_001,tp_002,0.022459834833602588
ai_substitution,npv_001,wac_001,0.024822524818194358
ai_substitution,npv_001,wac_002,0.03526994862987276
ai_substitution,npv_002,dol_001,0.01419273986429892
ai_substitution,npv_002,dol_002,0.011036979210268694
ai_substitution,npv_002,pbp_001,0.006061484317991805
ai_substitution,npv_002,pbp_002,0.00414406197035222
ai_substitution,npv_002,pel_001,0.017852167551959064
ai_substitution,npv_002,pel_002,0.01449797931043506
ai_substitution,npv_002,spo_001,0.01930634838187628
ai_substitution,npv_002,spo_002,0.047067863880766114
ai_substitution,npv_002,roi_001,0.004833889231501742
ai_substitution,npv_002,roi_002,0.003652018782464128
ai_substitution,npv_002,tp_001,0.009857827394988528
ai_substitution,npv_002,tp_002,0.01011842646134875
ai_substitution,npv_002,wac_001,0.022171116182347572
ai_substitution,npv_002,wac_002,0.023888688849687756
ai_substitution,dol_001,dol_002,0.0066910583995314354
ai_substitution,dol_001,pbp_001,0.024665419851948256
ai_substitution,dol_001,pbp_002,0.022801345169895515
ai_substitution,dol_001,pel_001,0.0024949291312647004
ai_substitution,dol_001,pel_002,0.005571846419437088
ai_substitution,dol_001,spo_001,0.030527407373715176
ai_substitution,dol_001,spo_002,0.06988520446494517
ai_substitution,dol_001,roi_001,0.013863710435455423
ai_substitution,dol_001,roi_002,0.00859522612318997
ai_substitution,dol_001,tp_001,0.02368923003290091
ai_substitution,dol_001,tp_002,0.012988277522989367
ai_substitution,dol_001,wac_001,0.030396973425609763
ai_substitution,dol_001,wac_002,0.038751931045689414
ai_substitution,dol_002,pbp_001,0.01687850506103805
ai_substitution,dol_002,pbp_002,0.013839518136793072
ai_substitution,dol_002,pel_001,0.01222089815570404
ai_substitution,dol_002,pel_002,0.0077313043447587715
ai_substitution,dol_002,spo_001,0.016689440729388827
ai_substitution,dol_002,spo_002,0.042670593906456
ai_substitution,dol_002,roi_001,0.012748693231767083
ai_substitution,dol_002,roi_002,0.00857157457637725
ai_substitution,dol_002,tp_001,0.01613464136671272
ai_substitution,dol_002,tp_002,0.005720938120352348
ai_substitution,dol_002,wac_001,0.022045098110815564
ai_substitution,dol_002,wac_002,0.024464112414592787
ai_substitution,pbp_001,pbp_002,0.0015842022533900657
ai_substitution,pbp_001,pel_001,0.03216672695992173
ai_substitution,pbp_001,pel_002,0.031114527328033215
ai_substitution,pbp_001,spo_001,0.024074947567595317
ai_substitution,pbp_001,spo_002,0.05478369565115726
ai_substitution,pbp_001,roi_001,0.015918951446648344
ai_substitution,pbp_001,roi_002,0.011981493847854185
ai_substitution,pbp_001,tp_001,0.018903989283343803
ai_substitution,pbp_001,tp_002,0.016628990494249152
ai_substitution,pbp_001,wac_001,0.03786238221434768
ai_substitution,pbp_001,wac_002,0.03940951270254234
ai_substitution,pbp_002,pel_001,0.03053629221721721
ai_substitution,pbp_002,pel_002,0.0260294026249549
ai_substitution,pbp_002,spo_001,0.0224364589352839
ai_substitution,pbp_002,spo_002,0.04670495306264144
ai_substitution,pbp_002,roi_001,0.012784072669523527
ai_substitution,pbp_002,roi_002,0.008179859758706054
ai_substitution,pbp_002,tp_001,0.013444821546442554
ai_substitution,pbp_002,tp_002,0.012165956639388353
ai_substitution,pbp_002,wac_001,0.035786782227828384
ai_substitution,pbp_002,wac_002,0.034615540020098035
ai_substitution,pel_001,pel_002,0.006543021699407348
ai_substitution,pel_001,spo_001,0.03429554120042522
ai_substitution,pel_001,spo_002,0.07764083397013377
ai_substitution,pel_001,roi_001,0.016382282954942706
ai_substitution,pel_001,roi_002,0.013780242055243308
ai_substitution,pel_001,tp_001,0.027863903361172948
ai_substitution,pel_001,tp_002,0.018607607307837837
ai_substitution,pel_001,wac_001,0.02914868961749395
ai_substitution,pel_001,wac_002,0.038503446340283576
ai_substitution,pel_002,spo_001,0.027060991006530255
ai_substitution,pel_002,spo_002,0.05342271337269544
ai_substitution,pel_002,roi_001,0.009421966460663178
ai_substitution,pel_002,roi_002,0.008278651430018713
ai_substitution,pel_002,tp_001,0.018430715993226654
ai_substitution,pel_002,tp_002,0.010901915901283199
ai_substitution,pel_002,wac_001,0.02117254928583212
ai_substitution,pel_002,wac_002,0.02522726241187745
ai_substitution,spo_001,spo_002,0.0160664793739711
ai_substitution,spo_001,roi_001,0.01788054649709947
ai_substitution,spo_001,roi_002,0.023913040161361643
ai_substitution,spo_001,tp_001,0.011352115570538057
ai_substitution,spo_001,tp_002,0.01165622134557498
ai_substitution,spo_001,wac_001,0.00996298727984346
ai_substitution,spo_001,wac_002,0.009344929452714035
ai_substitution,spo_002,roi_001,0.04271636065051376
ai_substitution,spo_002,roi_002,0.05012710572129342
ai_substitution,spo_002,tp_001,0.024698384087488368
ai_substitution,spo_002,tp_002,0.030097226481244577
ai_substitution,spo_002,wac_001,0.03003119078766825
ai_substitution,spo_002,wac_002,0.016717964340457803
ai_substitution,roi_001,roi_002,0.0034426175047218566
ai_substitution,roi_001,tp_001,0.00796961533779883
ai_substitution,roi_001,tp_002,0.007233150120417475
ai_substitution,roi_001,wac_001,0.018476898007574016
ai_substitution,roi_001,wac_002,0.021002452767634683
ai_substitution,roi_002,tp_001,0.010096749654009751
ai_substitution,roi_002,tp_002,0.006450191283637996
ai_substitution,roi_002,wac_001,0.027917151060075307
ai_substitution,roi_002,wac_002,0.029925063078012792
ai_substitution,tp_001,tp_002,0.005127134880978157
ai_substitution,tp_001,wac_001,0.021158737257038873
ai_substitution,tp_001,wac_002,0.016326030320400586
ai_substitution,tp_002,wac_001,0.02225135111541454
ai_substitution,tp_002,wac_002,0.020564735500524067
ai_substitution,wac_001,wac_002,0.004686639821226635
