panel,variable,scenario,time,mean,p05,p95
year 1 weekly,K,traditional,1,0.4002585504937721,0.3795330364450107,0.4207275824866313
year 1 weekly,K,traditional,2,0.44195377724480184,0.41097072310823757,0.47343955313060726
year 1 weekly,K,traditional,3,0.47521733958726997,0.4370033268117976,0.5147008191232643
year 1 weekly,K,traditional,4,0.5015296506245994,0.4566849466938898,0.5471160705274863
year 1 weekly,K,traditional,5,0.5253258665147066,0.4734252630854771,0.5773318074261282
year 1 weekly,K,traditional,6,0.5425168018231677,0.487139847183547,0.5957205205217083
year 1 weekly,K,traditional,7,0.5587276793423303,0.4999380410221048,0.6145936729841843
year 1 weekly,K,traditional,8,0.5718933786774758,0.5096186792226222,0.6291462715265609
year 1 weekly,K,traditional,9,0.5824646938605573,0.5174455222780722,0.6415595301605275
year 1 weekly,K,traditional,10,0.5908371668364042,0.522570562914845,0.652920877194638
year 1 weekly,K,traditional,11,0.591273700150379,0.523539484465172,0.6520010008058893
year 1 weekly,K,traditional,12,0.5953198119043716,0.5282361999526944,0.6550018107326554
year 1 weekly,K,traditional,13,0.5987551805596751,0.5320881643351316,0.6588907790780042
year 1 weekly,K,traditional,14,0.6016835127316863,0.5350009397721126,0.6619038625771134
year 1 weekly,K,traditional,15,0.6079637465098858,0.539694259345862,0.668644910036335
year 1 weekly,K,traditional,16,0.6106670500466191,0.5424791248213701,0.6713879117352674
year 1 weekly,K,traditional,17,0.615350061310707,0.5467095516732262,0.6773233269073193
year 1 weekly,K,traditional,18,0.6191540788381051,0.5498809816148559,0.6811948453518234
year 1 weekly,K,traditional,19,0.6223899212264918,0.5517807174758299,0.6855263016110971
year 1 weekly,K,traditional,20,0.625190754117,0.5516077194322208,0.6900095428660801
year 1 weekly,K,traditional,21,0.6207200088985526,0.5491653618758018,0.6841942333126159
year 1 weekly,K,traditional,22,0.6203948997332338,0.5503564115020082,0.6824746408958628
year 1 weekly,K,traditional,23,0.6201926812747636,0.5510955350342268,0.6812898922308729
year 1 weekly,K,traditional,24,0.620076475305558,0.5514418237604097,0.6804037487577734
year 1 weekly,K,traditional,25,0.6237132606921838,0.5541589428535382,0.6846302780772558
year 1 weekly,K,traditional,26,0.6242535394267356,0.5546976159646364,0.6850481655782674
year 1 weekly,K,traditional,27,0.6270630497700722,0.5565788799876529,0.6882588860198544
year 1 weekly,K,traditional,28,0.629288748399754,0.5586861507684565,0.6909114578833361
year 1 weekly,K,traditional,29,0.6312185642936973,0.5593890789762546,0.6931317264030382
year 1 weekly,K,traditional,30,0.6329711689922118,0.5590346847238168,0.6967011184912176
year 1 weekly,K,traditional,31,0.6275926744569693,0.5550938648529893,0.6906691663621589
year 1 weekly,K,traditional,32,0.6264299828140845,0.5550135289835392,0.688193412075572
year 1 weekly,K,traditional,33,0.6255051826498782,0.5548500310786858,0.6867676856750877
year 1 weekly,K,traditional,34,0.6247648028558984,0.5545859320388342,0.6859177537903729
year 1 weekly,K,traditional,35,0.6278505283955258,0.5580424937239519,0.6888465163280129
year 1 weekly,K,traditional,36,0.6279139866779903,0.5582731774049378,0.6884662683554903
year 1 weekly,K,traditional,37,0.6303078726021576,0.5599110325195449,0.6918133788687337
year 1 weekly,K,traditional,38,0.6321648002339039,0.5611227694942098,0.69351079205469
year 1 weekly,K,traditional,39,0.6337935384353227,0.5619351943193265,0.6955530552508749
year 1 weekly,K,traditional,40,0.6353063113685632,0.5613698645525702,0.6988107007702581
year 1 weekly,K,scaffolding_rapid,1,0.4042128537467542,0.38353370587838304,0.4252480642558156
year 1 weekly,K,scaffolding_rapid,2,0.4475363058138299,0.4162551562394453,0.4790347348041837
year 1 weekly,K,scaffolding_rapid,3,0.4812325133981358,0.44215532314480066,0.5201788977344384
year 1 weekly,K,scaffolding_rapid,4,0.5073341917375803,0.46222598023552086,0.5517270816098114
year 1 weekly,K,scaffolding_rapid,5,0.5318835286266022,0.4810995791419033,0.5825156778968297
year 1 weekly,K,scaffolding_rapid,6,0.5487751579361521,0.49430615562248686,0.6004677411510816
year 1 weekly,K,scaffolding_rapid,7,0.5652889156062706,0.5078589339784859,0.6194934244554637
year 1 weekly,K,scaffolding_rapid,8,0.5786092921073868,0.5187376315675869,0.6348009219886773
year 1 weekly,K,scaffolding_rapid,9,0.589477379751328,0.5275489116193711,0.6470060898039148
year 1 weekly,K,scaffolding_rapid,10,0.5991744566561642,0.5340627249511344,0.6592184781493922
year 1 weekly,K,scaffolding_rapid,11,0.598198720960177,0.5334571923406507,0.656869720459992
year 1 weekly,K,scaffolding_rapid,12,0.6010623372048145,0.5367786195133695,0.6592079894364703
year 1 weekly,K,scaffolding_rapid,13,0.6036037236161949,0.5394683926895474,0.6619285836123776
year 1 weekly,K,scaffolding_rapid,14,0.6058127960102079,0.5414513631782978,0.6648831799491473
year 1 weekly,K,scaffolding_rapid,15,0.6121212779013553,0.5462941599178367,0.6715013993374707
year 1 weekly,K,scaffolding_rapid,16,0.6144970211042211,0.5483971028306761,0.6740820803807008
year 1 weekly,K,scaffolding_rapid,17,0.6193458999032472,0.5525900924208142,0.6797445405995095
year 1 weekly,K,scaffolding_rapid,18,0.623312912851382,0.5562241025072522,0.6840562644273777
year 1 weekly,K,scaffolding_rapid,19,0.6268582646185327,0.5590485687233431,0.6881385171898802
year 1 weekly,K,scaffolding_rapid,20,0.630838162667754,0.5606326146724951,0.6936721793594207
year 1 weekly,K,scaffolding_rapid,21,0.6253481259429663,0.5565088706083783,0.6866192576374376
year 1 weekly,K,scaffolding_rapid,22,0.6241920784984011,0.5560650742768821,0.6841942185141979
year 1 weekly,K,scaffolding_rapid,23,0.6233829436038125,0.5553153347395309,0.6827205731787268
year 1 weekly,K,scaffolding_rapid,24,0.622784976488549,0.5547499706161017,0.6811049574451653
year 1 weekly,K,scaffolding_rapid,25,0.6265790007501684,0.5591743476272657,0.6860548755432182
year 1 weekly,K,scaffolding_rapid,26,0.6269441545349285,0.559453946301959,0.6863963009209015
year 1 weekly,K,scaffolding_rapid,27,0.6300197295111949,0.5620219790057518,0.6892128865772326
year 1 weekly,K,scaffolding_rapid,28,0.6324947400962284,0.5643866179673848,0.6920864341586115
year 1 weekly,K,scaffolding_rapid,29,0.6347935269595271,0.5655490648672816,0.6945954813333632
year 1 weekly,K,scaffolding_rapid,30,0.637727194995488,0.5667708685067008,0.699211441135691
year 1 weekly,K,scaffolding_rapid,31,0.6314475119783717,0.5615305785181152,0.692328391107597
year 1 weekly,K,scaffolding_rapid,32,0.6295602140549904,0.5606200551686867,0.6895962212384916
year 1 weekly,K,scaffolding_rapid,33,0.6281103609636114,0.5599830610730514,0.6878333462606717
year 1 weekly,K,scaffolding_rapid,34,0.6269598882034478,0.5594595135520861,0.6866513839457211
year 1 weekly,K,scaffolding_rapid,35,0.6302384273650691,0.56191589743876,0.6897694321387569
year 1 weekly,K,scaffolding_rapid,36,0.6301693132007691,0.5619014545377956,0.6895395445706093
year 1 weekly,K,scaffolding_rapid,37,0.6328496127821811,0.5642071438862458,0.6927533514757416
year 1 weekly,K,scaffolding_rapid,38,0.6349762877474869,0.5657718169760572,0.6946433636086281
year 1 weekly,K,scaffolding_rapid,39,0.6369888306725023,0.5668300822020792,0.6971649942135945
year 1 weekly,K,scaffolding_rapid,40,0.6396706830927441,0.5684191408837821,0.7012684444867519
year 1 weekly,K,scaffolding_nofade,1,0.4053553140832609,0.3845463238749429,0.4264030941907586
year 1 weekly,K,scaffolding_nofade,2,0.45071515881262364,0.4188841772618432,0.482200997746864
year 1 weekly,K,scaffolding_nofade,3,0.48580336929196094,0.4463203404043198,0.5244092318357836
year 1 weekly,K,scaffolding_nofade,4,0.512907298209377,0.46700848074812673,0.5581971576952833
year 1 weekly,K,scaffolding_nofade,5,0.538458952125214,0.48748640142293453,0.5902043700503925
year 1 weekly,K,scaffolding_nofade,6,0.5557230107488162,0.5008151756279712,0.6082140719986608
year 1 weekly,K,scaffolding_nofade,7,0.5725848164358318,0.5144470093482199,0.628116339735609
year 1 weekly,K,scaffolding_nofade,8,0.5860459576168491,0.5257441629344347,0.6420341877644035
year 1 weekly,K,scaffolding_nofade,9,0.5972466675520915,0.5347970204361834,0.6544711042704271
year 1 weekly,K,scaffolding_nofade,10,0.6070049930775503,0.5417560077740188,0.6677722943652471
year 1 weekly,K,scaffolding_nofade,11,0.6055773013339867,0.5396793796347086,0.6648625717604867
year 1 weekly,K,scaffolding_nofade,12,0.6085054517440421,0.5428882580472715,0.667086347494811
year 1 weekly,K,scaffolding_nofade,13,0.6110405493588957,0.5454416498943505,0.6693090289511897
year 1 weekly,K,scaffolding_nofade,14,0.6132370855422117,0.5478125899704389,0.6715246094636891
year 1 weekly,K,scaffolding_nofade,15,0.619802685062328,0.5536249824322577,0.6785541803242466
year 1 weekly,K,scaffolding_nofade,16,0.6220909624910231,0.556168844263675,0.6808864365005328
year 1 weekly,K,scaffolding_nofade,17,0.626966373068056,0.5604442222648214,0.6862637047479467
year 1 weekly,K,scaffolding_nofade,18,0.630864001563164,0.5641408671147938,0.6905726819053927
year 1 weekly,K,scaffolding_nofade,19,0.6345866246223321,0.5668860966623762,0.6953291874639779
year 1 weekly,K,scaffolding_nofade,20,0.6385478711071012,0.5683271381408436,0.7009531183832558
year 1 weekly,K,scaffolding_nofade,21,0.6325485859819595,0.5640530842071879,0.6935470137473677
year 1 weekly,K,scaffolding_nofade,22,0.6313716294920896,0.5640995143628718,0.691262657787687
year 1 weekly,K,scaffolding_nofade,23,0.6305050028872783,0.5632956842030233,0.6899899033240294
year 1 weekly,K,scaffolding_nofade,24,0.6298642202006763,0.5631768974062595,0.6880879878613406
year 1 weekly,K,scaffolding_nofade,25,0.6339087471821949,0.5674218024138554,0.6929761654954159
year 1 weekly,K,scaffolding_nofade,26,0.6341941624073831,0.5678164018783097,0.6933013731692524
year 1 weekly,K,scaffolding_nofade,27,0.637307409990877,0.5701180603590227,0.696532062754039
year 1 weekly,K,scaffolding_nofade,28,0.6397334859577326,0.5718344132455382,0.6985904263466968
year 1 weekly,K,scaffolding_nofade,29,0.6422265043503399,0.5732957456948109,0.7019765464118138
year 1 weekly,K,scaffolding_nofade,30,0.6451863527142704,0.5744823126867249,0.7072767372996309
year 1 weekly,K,scaffolding_nofade,31,0.6384034418097849,0.5690523842291197,0.6991132299970937
year 1 weekly,K,scaffolding_nofade,32,0.6364893597089809,0.5682526826646253,0.69631177481311
year 1 weekly,K,scaffolding_nofade,33,0.6349829527149118,0.5675801543641231,0.6943886018548054
year 1 weekly,K,scaffolding_nofade,34,0.6337934371339227,0.5669104786934205,0.6933309864845578
year 1 weekly,K,scaffolding_nofade,35,0.6373408570293303,0.5696812220595207,0.6965375096213559
year 1 weekly,K,scaffolding_nofade,36,0.6371993556602575,0.5696296891427048,0.6959645582631204
year 1 weekly,K,scaffolding_nofade,37,0.6399414714361198,0.5724413299419346,0.6991159228698431
year 1 weekly,K,scaffolding_nofade,38,0.6420387218400595,0.574276720070055,0.7012225179724452
year 1 weekly,K,scaffolding_nofade,39,0.644258695539498,0.575682248815945,0.7039162973755676
year 1 weekly,K,scaffolding_nofade,40,0.647002637472053,0.5766770959986568,0.7090539017623456
year 1 weekly,K,substitution,1,0.37978619485907716,0.35959377889155836,0.3980908915622657
year 1 weekly,K,substitution,2,0.4035675625233933,0.3742104114991208,0.43052558710884103
year 1 weekly,K,substitution,3,0.42526103747285005,0.3864895430270348,0.4605427274586936
year 1 weekly,K,substitution,4,0.44467962687090556,0.39782164237879003,0.4866163197243824
year 1 weekly,K,substitution,5,0.45660824667847216,0.4025264480405062,0.5059539421934803
year 1 weekly,K,substitution,6,0.470618837484489,0.4105442004574577,0.5256253258896743
year 1 weekly,K,substitution,7,0.4802474862023676,0.41467012871986464,0.5401772579208157
year 1 weekly,K,substitution,8,0.48886010043760386,0.41888796429493097,0.5528494087661944
year 1 weekly,K,substitution,9,0.4941879659755824,0.42023448820295917,0.5617751984604572
year 1 weekly,K,substitution,10,0.4944696921885491,0.4171812728130848,0.5654439410615847
year 1 weekly,K,substitution,11,0.5048968424222955,0.4280852165318118,0.5747709198995979
year 1 weekly,K,substitution,12,0.5142319326002159,0.4351991516754372,0.5845009983703766
year 1 weekly,K,substitution,13,0.522341372005465,0.4417749928346365,0.5933410585131932
year 1 weekly,K,substitution,14,0.5294084738806234,0.44748668193673047,0.5995840022603294
year 1 weekly,K,substitution,15,0.5333811767652757,0.4493026785837081,0.605933912195091
year 1 weekly,K,substitution,16,0.5383007036264956,0.45353075354558886,0.6121177169414227
year 1 weekly,K,substitution,17,0.5412642861721788,0.4549390109650619,0.6166890582522628
year 1 weekly,K,substitution,18,0.5438467654537255,0.456162285821339,0.6205268958695207
year 1 weekly,K,substitution,19,0.544375379103168,0.4554721478466665,0.6228605486969485
year 1 weekly,K,substitution,20,0.5415368872044702,0.45074013779228395,0.6240925417071035
year 1 weekly,K,substitution,21,0.5458724640718227,0.4566474581081128,0.6263244133915675
year 1 weekly,K,substitution,22,0.550087480771883,0.46203323094201315,0.6292514189182984
year 1 weekly,K,substitution,23,0.5537634094297101,0.4663974804499289,0.6318587005493401
year 1 weekly,K,substitution,24,0.5569812360516129,0.47051990208507566,0.6349763208722279
year 1 weekly,K,substitution,25,0.5581888872906244,0.47029098945003106,0.6372940617589586
year 1 weekly,K,substitution,26,0.5602617412066228,0.4722017009411711,0.6395193706602817
year 1 weekly,K,substitution,27,0.5610605794242272,0.4715201699127652,0.6412805854906652
year 1 weekly,K,substitution,28,0.5617207356633244,0.4712659573472921,0.6427786105255578
year 1 weekly,K,substitution,29,0.560707603739185,0.46828471258506316,0.6431160616367206
year 1 weekly,K,substitution,30,0.5568441020938143,0.462642624081476,0.640994529240706
year 1 weekly,K,substitution,31,0.5594124175865763,0.4673225877680763,0.640687871627462
year 1 weekly,K,substitution,32,0.5621052242606707,0.4712609271006477,0.6420314805757786
year 1 weekly,K,substitution,33,0.5644571906491055,0.47468032750645894,0.643431286145734
year 1 weekly,K,substitution,34,0.5664981592840974,0.47755756697134,0.6445305125110548
year 1 weekly,K,substitution,35,0.5668536740643406,0.4774105697763187,0.6462009028161017
year 1 weekly,K,substitution,36,0.5680866296301732,0.47933966015776425,0.6476092366929757
year 1 weekly,K,substitution,37,0.5682031086776193,0.47838786845452447,0.6486115167860168
year 1 weekly,K,substitution,38,0.5682310235596153,0.47750834482209775,0.6494073598180303
year 1 weekly,K,substitution,39,0.5667440054400309,0.47361300966639164,0.6495978439476628
year 1 weekly,K,substitution,40,0.562555192034127,0.46906797725562344,0.6471867002571382
year 1 weekly,K,free_choice,1,0.3963142969372052,0.3759948011194765,0.41591547793054784
year 1 weekly,K,free_choice,2,0.43487128935885155,0.4044193094703884,0.46516733518921805
year 1 weekly,K,free_choice,3,0.46646160281308835,0.4281944529074738,0.5065068289158511
year 1 weekly,K,free_choice,4,0.49204359147038246,0.44749828305771927,0.5384815875860194
year 1 weekly,K,free_choice,5,0.5142243489652754,0.4622318739007855,0.5670809739010033
year 1 weekly,K,free_choice,6,0.5313645821350409,0.4758478575764106,0.5857250772664544
year 1 weekly,K,free_choice,7,0.5469392598226664,0.4871295989240577,0.603552676082094
year 1 weekly,K,free_choice,8,0.5598193973376853,0.4967494397550115,0.6187763835117539
year 1 weekly,K,free_choice,9,0.5699779645602493,0.5034221609351721,0.6317841338666627
year 1 weekly,K,free_choice,10,0.5775127570534401,0.5065852263712044,0.6420307782454918
year 1 weekly,K,free_choice,11,0.5796636698267041,0.5107751210234582,0.6423289724068355
year 1 weekly,K,free_choice,12,0.5847328922691069,0.51557991517702,0.6471004725522874
year 1 weekly,K,free_choice,13,0.5890265969748537,0.5202951961277291,0.6503625995774529
year 1 weekly,K,free_choice,14,0.5926996907707706,0.524159459268372,0.6546709842270045
year 1 weekly,K,free_choice,15,0.5988036933280423,0.5288120077137052,0.6618484722582477
year 1 weekly,K,free_choice,16,0.6019574914271554,0.5318766017894574,0.6647138091399356
year 1 weekly,K,free_choice,17,0.6065378983196127,0.5350984341886824,0.6705446988244194
year 1 weekly,K,free_choice,18,0.6103117118820296,0.5378144129752283,0.6745698369799569
year 1 weekly,K,free_choice,19,0.6133154057650695,0.53937433970811,0.6786838740199317
year 1 weekly,K,free_choice,20,0.6155200379369826,0.5386479291568309,0.6832015029608334
year 1 weekly,K,free_choice,21,0.612274123067988,0.537445152566647,0.6786076421287465
year 1 weekly,K,free_choice,22,0.6126265366794934,0.5390803270146602,0.6775923066950803
year 1 weekly,K,free_choice,23,0.6129944877620537,0.5404213426209072,0.6766074367345434
year 1 weekly,K,free_choice,24,0.6133540400456925,0.5415678783584013,0.6765841502148375
year 1 weekly,K,free_choice,25,0.6167105495018732,0.5442192792164431,0.680520446552424
year 1 weekly,K,free_choice,26,0.6174979244971154,0.5453046998996289,0.6809757423906733
year 1 weekly,K,free_choice,27,0.6201117417158923,0.5473677418835137,0.684108085980918
year 1 weekly,K,free_choice,28,0.6222068463960189,0.5488238037302571,0.6866766053009188
year 1 weekly,K,free_choice,29,0.6238560506736608,0.549469900693109,0.6889901116618485
year 1 weekly,K,free_choice,30,0.6250435201846702,0.5486113994965959,0.6921049316920481
year 1 weekly,K,free_choice,31,0.6206672869911047,0.5462591685583612,0.6865896861785986
year 1 weekly,K,free_choice,32,0.6200168777925279,0.5467034919927282,0.6845096774147857
year 1 weekly,K,free_choice,33,0.6195143371764638,0.5471696334587823,0.6827994678934254
year 1 weekly,K,free_choice,34,0.6191284933320149,0.5468862102094368,0.6822167488895706
year 1 weekly,K,free_choice,35,0.6218962729732079,0.5488760770458159,0.6854259090851424
year 1 weekly,K,free_choice,36,0.6221178723346784,0.5496123087602746,0.6851004164406592
year 1 weekly,K,free_choice,37,0.6242800897691803,0.5507680944043054,0.6883367095394031
year 1 weekly,K,free_choice,38,0.6259684728292298,0.5514527744282703,0.6902595544049696
year 1 weekly,K,free_choice,39,0.6273104873622383,0.5515948516133508,0.6924899356224943
year 1 weekly,K,free_choice,40,0.6282697905220546,0.5508849605463659,0.695152842835308
year 1 weekly,K,free_choice_centaur,1,0.39420045383150604,0.37365887013447047,0.4135749272353632
year 1 weekly,K,free_choice_centaur,2,0.43059937249773966,0.4005859085904304,0.4605625580290546
year 1 weekly,K,free_choice_centaur,3,0.4607378598590008,0.4228688627495424,0.5005802197633574
year 1 weekly,K,free_choice_centaur,4,0.4854774700780537,0.4414582672760155,0.5317672547245856
year 1 weekly,K,free_choice_centaur,5,0.5061013813552925,0.4539574186518901,0.558811493183344
year 1 weekly,K,free_choice_centaur,6,0.522947615298088,0.46715782644816295,0.5782644116166145
year 1 weekly,K,free_choice_centaur,7,0.5377611130848812,0.47778247215530323,0.5947936318364573
year 1 weekly,K,free_choice_centaur,8,0.5501699497202232,0.4862540075815739,0.6100631449216085
year 1 weekly,K,free_choice_centaur,9,0.5597102321074535,0.49209345714631436,0.6221624767159037
year 1 weekly,K,free_choice_centaur,10,0.5661894530186973,0.4945064227458508,0.6315744083810508
year 1 weekly,K,free_choice_centaur,11,0.5697160989778596,0.4992942534544992,0.6335756910745279
year 1 weekly,K,free_choice_centaur,12,0.5754971398738711,0.5052596194736343,0.6388807234485333
year 1 weekly,K,free_choice_centaur,13,0.5803444578106403,0.5105031060669728,0.643123980712848
year 1 weekly,K,free_choice_centaur,14,0.5844626770257088,0.514828294683506,0.6472820126243948
year 1 weekly,K,free_choice_centaur,15,0.590086199473635,0.518904152172714,0.654398492690022
year 1 weekly,K,free_choice_centaur,16,0.5934531193081894,0.5220119800963785,0.658043155136435
year 1 weekly,K,free_choice_centaur,17,0.5976904620145905,0.5250639352000976,0.663214946808149
year 1 weekly,K,free_choice_centaur,18,0.6012395262981547,0.5278485926122941,0.667219404520011
year 1 weekly,K,free_choice_centaur,19,0.6037303860558704,0.528127442539141,0.6709839193406579
year 1 weekly,K,free_choice_centaur,20,0.6049745015245235,0.5256924149419743,0.6743079588538755
year 1 weekly,K,free_choice_centaur,21,0.6030219554326849,0.526275721234483,0.6702492172103871
year 1 weekly,K,free_choice_centaur,22,0.6040290373228697,0.5289839185461317,0.6704713848548068
year 1 weekly,K,free_choice_centaur,23,0.6048820261813751,0.5314130135138312,0.6698249477492576
year 1 weekly,K,free_choice_centaur,24,0.6056248955266925,0.5333477508261033,0.6696882869623579
year 1 weekly,K,free_choice_centaur,25,0.6084453508223079,0.5354242969009648,0.6737519125335533
year 1 weekly,K,free_choice_centaur,26,0.6093802053889636,0.5368890274322308,0.6744650146177543
year 1 weekly,K,free_choice_centaur,27,0.6115844930701981,0.5377964423706333,0.6773098806133372
year 1 weekly,K,free_choice_centaur,28,0.6133888465380781,0.5393994557724269,0.6798028363915116
year 1 weekly,K,free_choice_centaur,29,0.6144674300506331,0.5388431060746419,0.6813558961631462
year 1 weekly,K,free_choice_centaur,30,0.614591112700902,0.5362043346179175,0.6837077304794158
year 1 weekly,K,free_choice_centaur,31,0.6115171815074489,0.535761006748892,0.6793569821107324
year 1 weekly,K,free_choice_centaur,32,0.6115013649639294,0.5373457447614047,0.6778204454570925
year 1 weekly,K,free_choice_centaur,33,0.611480266386145,0.5383283718922229,0.6764781196016078
year 1 weekly,K,free_choice_centaur,34,0.6114656428358272,0.538627051771352,0.675405263240923
year 1 weekly,K,free_choice_centaur,35,0.6136555972425662,0.5397850540670921,0.6787761940501781
year 1 weekly,K,free_choice_centaur,36,0.6140251805421476,0.5406342912410398,0.67886919620565
year 1 weekly,K,free_choice_centaur,37,0.6157331857653224,0.5416118722137144,0.681231334584331
year 1 weekly,K,free_choice_centaur,38,0.6171048697390314,0.5423353552420065,0.6831657934220606
year 1 weekly,K,free_choice_centaur,39,0.6178437721794959,0.5420259971723248,0.6850347511754687
year 1 weekly,K,free_choice_centaur,40,0.6176870836330672,0.5398002803074567,0.6865846359128442
yearly,K,traditional,0,0.3505032652832635,0.33713968411231793,0.36509084325519425
yearly,K,traditional,1,0.6353063113685632,0.5613698645525702,0.6988107007702581
yearly,K,traditional,2,0.6377684855101006,0.56246021199257,0.702116879163227
yearly,K,traditional,3,0.6384715168350791,0.5611552312181409,0.7041626864158235
yearly,K,traditional,4,0.6384139793265219,0.5585886595497127,0.7050059079006469
yearly,K,traditional,5,0.6375773000448196,0.5562450047345702,0.70605814996825
yearly,K,traditional,6,0.6359468546193073,0.5513983746252104,0.7067581351014905
yearly,K,traditional,7,0.6334464792992077,0.550108349075864,0.7065397561786527
yearly,K,traditional,8,0.6300552088525883,0.5427933975695641,0.705506163855572
yearly,K,traditional,9,0.6257454441564383,0.536589216565159,0.7044154610992991
yearly,K,traditional,10,0.6204969781606435,0.5267654882847262,0.7022997471748688
yearly,K,scaffolding_rapid,0,0.3505032652832635,0.33713968411231793,0.36509084325519425
yearly,K,scaffolding_rapid,1,0.6396706830927441,0.5684191408837821,0.7012684444867519
yearly,K,scaffolding_rapid,2,0.6422816038127088,0.5701217614296402,0.704243055118211
yearly,K,scaffolding_rapid,3,0.6435099433618471,0.5700953105278459,0.7060762837808844
yearly,K,scaffolding_rapid,4,0.6442450216661636,0.5699179879800295,0.7075177316891572
yearly,K,scaffolding_rapid,5,0.6444540106409768,0.5679936013932814,0.7089012660237132
yearly,K,scaffolding_rapid,6,0.6441206668578915,0.566489398234889,0.710118010239613
yearly,K,scaffolding_rapid,7,0.6432064338894432,0.5648065275185674,0.7109660997963473
yearly,K,scaffolding_rapid,8,0.6416798360014279,0.5613516874208795,0.7113840925515658
yearly,K,scaffolding_rapid,9,0.6395536858103813,0.556494674787012,0.7113755629130615
yearly,K,scaffolding_rapid,10,0.6367500475676418,0.5533710896721868,0.7100012411763232
yearly,K,scaffolding_nofade,0,0.3505032652832635,0.33713968411231793,0.36509084325519425
yearly,K,scaffolding_nofade,1,0.647002637472053,0.5766770959986568,0.7090539017623456
yearly,K,scaffolding_nofade,2,0.6494447720822392,0.5783760620734955,0.7111812990650199
yearly,K,scaffolding_nofade,3,0.6506085351638535,0.5787092344224263,0.7125939276672559
yearly,K,scaffolding_nofade,4,0.6513099181995822,0.5782532108976439,0.7139904458010768
yearly,K,scaffolding_nofade,5,0.651493870254658,0.5764798218028477,0.7154634486639718
yearly,K,scaffolding_nofade,6,0.6511314411650897,0.5739277477267521,0.7168350131995433
yearly,K,scaffolding_nofade,7,0.6501654302286027,0.5728488784180817,0.7178333370762714
yearly,K,scaffolding_nofade,8,0.6485512143402342,0.5694626405586553,0.7180970609441458
yearly,K,scaffolding_nofade,9,0.6462909183117503,0.5655570336784467,0.7184880242102809
yearly,K,scaffolding_nofade,10,0.6433154544847464,0.560258620662487,0.7164773182033969
yearly,K,substitution,0,0.3505032652832635,0.33713968411231793,0.36509084325519425
yearly,K,substitution,1,0.562555192034127,0.46906797725562344,0.6471867002571382
yearly,K,substitution,2,0.56120615584859,0.46101925956516493,0.6507976105251011
yearly,K,substitution,3,0.5554946506636319,0.45037343649943007,0.6484953965359702
yearly,K,substitution,4,0.5479362546216298,0.43893431602096966,0.6446969106478784
yearly,K,substitution,5,0.5386703665793589,0.4264139586689258,0.6392716750109972
yearly,K,substitution,6,0.5280162652536222,0.4130443200884049,0.6337923316469477
yearly,K,substitution,7,0.5158776256699237,0.3971546735843326,0.6289947550734105
yearly,K,substitution,8,0.5027146898941549,0.37331528808797443,0.6222281913817924
yearly,K,substitution,9,0.48848830885331984,0.3465289106403188,0.6158903729558367
yearly,K,substitution,10,0.47359109141314004,0.3203195182910042,0.6086944762444876
yearly,K,free_choice,0,0.3505032652832635,0.33713968411231793,0.36509084325519425
yearly,K,free_choice,1,0.6282697905220546,0.5508849605463659,0.695152842835308
yearly,K,free_choice,2,0.6311705758937756,0.5506728461611282,0.6992273815958199
yearly,K,free_choice,3,0.6313261011668834,0.5479535055875019,0.700574386806493
yearly,K,free_choice,4,0.6302822895666719,0.5444316608428964,0.7012967892547589
yearly,K,free_choice,5,0.6281591649620297,0.5398069311289728,0.7013672937099413
yearly,K,free_choice,6,0.6249058873797415,0.5344574914868787,0.7012612711953106
yearly,K,free_choice,7,0.620438286942685,0.5300972400898982,0.7006629965616707
yearly,K,free_choice,8,0.6148027955776498,0.5184731867175398,0.6991722359044444
yearly,K,free_choice,9,0.6079070628361993,0.5044954035669621,0.6980175541111717
yearly,K,free_choice,10,0.5998588997904916,0.4846748203014905,0.6941173450669642
yearly,K,free_choice_centaur,0,0.3505032652832635,0.33713968411231793,0.36509084325519425
yearly,K,free_choice_centaur,1,0.6176870836330672,0.5398002803074567,0.6865846359128442
yearly,K,free_choice_centaur,2,0.619927041947557,0.5401389487650285,0.6900716897279822
yearly,K,free_choice_centaur,3,0.6198298954104229,0.5367960990238806,0.6911456295083684
yearly,K,free_choice_centaur,4,0.6187053052726375,0.5319614563339524,0.691515334848687
yearly,K,free_choice_centaur,5,0.6166006303312573,0.5290659711696116,0.6917547664283952
yearly,K,free_choice_centaur,6,0.6134999192205814,0.5250628078775936,0.6912307322427717
yearly,K,free_choice_centaur,7,0.6093893448673458,0.5177479191116036,0.6892257277586886
yearly,K,free_choice_centaur,8,0.6043376067949284,0.5105837624532232,0.6878728499309671
yearly,K,free_choice_centaur,9,0.5982812382662794,0.5017524034863045,0.6862355982774446
yearly,K,free_choice_centaur,10,0.5913503474929258,0.4879469920390432,0.6837873616352843
year 1 weekly,far,traditional,1,0.337753634236195,0.3085151475739308,0.3684065947213784
year 1 weekly,far,traditional,2,0.37239313137266733,0.33523117856071344,0.4093076816791419
year 1 weekly,far,traditional,3,0.4025450554381802,0.36007921440025786,0.4453107202219417
year 1 weekly,far,traditional,4,0.42791323969406647,0.3809036350014704,0.47650887532961045
year 1 weekly,far,traditional,5,0.4518508741794257,0.39763518478206905,0.5069454482930404
year 1 weekly,far,traditional,6,0.4697132894575854,0.41215677124033956,0.52771021628964
year 1 weekly,far,traditional,7,0.48672537718705994,0.4258543085717106,0.5470302890516451
year 1 weekly,far,traditional,8,0.5007982439812182,0.43684775528177516,0.5636234655942665
year 1 weekly,far,traditional,9,0.512348225081631,0.44625704608611405,0.5772240228165544
year 1 weekly,far,traditional,10,0.5216973024950063,0.4513446403076314,0.5901351804115402
year 1 weekly,far,traditional,11,0.5237645748895988,0.45327950403304507,0.5908809270775686
year 1 weekly,far,traditional,12,0.5289917075296289,0.45879728326766117,0.5954495356338095
year 1 weekly,far,traditional,13,0.533633063311075,0.46349122491715483,0.5995017043628225
year 1 weekly,far,traditional,14,0.5377745794899427,0.46747053460749055,0.6036302145635005
year 1 weekly,far,traditional,15,0.5448413524336152,0.4731598394220238,0.6120423797639091
year 1 weekly,far,traditional,16,0.5486250184116948,0.4764899908328964,0.6165233535372154
year 1 weekly,far,traditional,17,0.5540952757672499,0.480800539696862,0.6229222687130248
year 1 weekly,far,traditional,18,0.5586964540924614,0.48450113423150937,0.6281875313493711
year 1 weekly,far,traditional,19,0.5626843021716942,0.4867881439022872,0.632930774331939
year 1 weekly,far,traditional,20,0.566127464755901,0.48819185995427167,0.637437840289439
year 1 weekly,far,traditional,21,0.5632699256934103,0.4862200120259522,0.6332769592255236
year 1 weekly,far,traditional,22,0.5640400360319646,0.4879133912290665,0.6335395518612001
year 1 weekly,far,traditional,23,0.5649253806550447,0.48947070112667,0.6336439329148313
year 1 weekly,far,traditional,24,0.5658842195100463,0.4909356299724425,0.6350420773836581
year 1 weekly,far,traditional,25,0.570110633841624,0.4944040090105585,0.6393183076733715
year 1 weekly,far,traditional,26,0.5715797300317094,0.49591302411794286,0.640934816961566
year 1 weekly,far,traditional,27,0.5749983049188884,0.4985907034972117,0.644918944600211
year 1 weekly,far,traditional,28,0.5778569504656538,0.5010944709075217,0.6481316882636636
year 1 weekly,far,traditional,29,0.5803623928361595,0.5024853065360786,0.6518242971615694
year 1 weekly,far,traditional,30,0.5825632290307039,0.5026181578524823,0.6560573168321201
year 1 weekly,far,traditional,31,0.5787266868243994,0.499288547392744,0.6508721245562246
year 1 weekly,far,traditional,32,0.5785613157714005,0.5003633664387238,0.6498502809620639
year 1 weekly,far,traditional,33,0.5786196839804203,0.5015418971685902,0.6498930955909029
year 1 weekly,far,traditional,34,0.5788492436644704,0.5025324307537031,0.6501391255867353
year 1 weekly,far,traditional,35,0.5823871895499153,0.5052114349954953,0.6532021064525738
year 1 weekly,far,traditional,36,0.5832697550484792,0.5063973993582278,0.6541369509570817
year 1 weekly,far,traditional,37,0.5861468870735506,0.5087060293569358,0.6575209093101543
year 1 weekly,far,traditional,38,0.5885187869356662,0.5106389176226476,0.6605103445837225
year 1 weekly,far,traditional,39,0.5905983576519702,0.5115477981484121,0.6636430033603488
year 1 weekly,far,traditional,40,0.5924202781718396,0.5112362443562107,0.6672035706262878
year 1 weekly,far,scaffolding_rapid,1,0.34015702614589977,0.3116946634038416,0.3701470486398431
year 1 weekly,far,scaffolding_rapid,2,0.3756717080016882,0.33946086342411264,0.41229029151281255
year 1 weekly,far,scaffolding_rapid,3,0.40593869618661943,0.36387064180370476,0.4494169965500906
year 1 weekly,far,scaffolding_rapid,4,0.43090320574319674,0.38360765280210635,0.4796196881009222
year 1 weekly,far,scaffolding_rapid,5,0.4551052479219872,0.4019849419430331,0.5097444731685946
year 1 weekly,far,scaffolding_rapid,6,0.47253312599678854,0.4172133925909403,0.5295425562402507
year 1 weekly,far,scaffolding_rapid,7,0.4895832409297269,0.4303378552526178,0.5491463217806752
year 1 weekly,far,scaffolding_rapid,8,0.5036377287529843,0.44217738678643687,0.5647223058602086
year 1 weekly,far,scaffolding_rapid,9,0.5152405488086665,0.45077059765628236,0.5785899298149567
year 1 weekly,far,scaffolding_rapid,10,0.5256539406661228,0.4579252383819904,0.5922223966645002
year 1 weekly,far,scaffolding_rapid,11,0.5266892618061835,0.4594163473437624,0.5917052134988909
year 1 weekly,far,scaffolding_rapid,12,0.5308872923391443,0.46312066766087473,0.5955865062821526
year 1 weekly,far,scaffolding_rapid,13,0.5347761748528469,0.4662182024141538,0.5995930888563142
year 1 weekly,far,scaffolding_rapid,14,0.5383255058802197,0.46968874377003195,0.6032979050530705
year 1 weekly,far,scaffolding_rapid,15,0.5453131913040029,0.4747831355259375,0.611524450004221
year 1 weekly,far,scaffolding_rapid,16,0.5488613986635222,0.4779578894139677,0.6156509222088398
year 1 weekly,far,scaffolding_rapid,17,0.5544679318609196,0.48245561926732394,0.6219570333065041
year 1 weekly,far,scaffolding_rapid,18,0.5592436426862357,0.4865620668781921,0.6276033592699003
year 1 weekly,far,scaffolding_rapid,19,0.5634641489923834,0.4897698896084852,0.6329042233895783
year 1 weekly,far,scaffolding_rapid,20,0.5679705706812995,0.4925962694600068,0.639160385197471
year 1 weekly,far,scaffolding_rapid,21,0.5645128174036406,0.48965598010069067,0.6333394925206307
year 1 weekly,far,scaffolding_rapid,22,0.5646636099227036,0.49064150105389787,0.633408034732534
year 1 weekly,far,scaffolding_rapid,23,0.5651323593594355,0.4918950803429077,0.6330390502450697
year 1 weekly,far,scaffolding_rapid,24,0.5657793480232614,0.49282651477248574,0.6344258782544847
year 1 weekly,far,scaffolding_rapid,25,0.5701112588042213,0.4964963525263794,0.6387473898259032
year 1 weekly,far,scaffolding_rapid,26,0.5715256676296301,0.49788951622536026,0.6405299224196701
year 1 weekly,far,scaffolding_rapid,27,0.5752114357789769,0.500705306273681,0.6441802947063271
year 1 weekly,far,scaffolding_rapid,28,0.5783513920330726,0.503118163711556,0.6479186908358961
year 1 weekly,far,scaffolding_rapid,29,0.5811731188433717,0.5050754567422604,0.6510308454681806
year 1 weekly,far,scaffolding_rapid,30,0.5844542418509131,0.5071451641432633,0.6551157099459636
year 1 weekly,far,scaffolding_rapid,31,0.5801240806345399,0.5039121373596975,0.6505756720194721
year 1 weekly,far,scaffolding_rapid,32,0.5794438414364258,0.5039696582768893,0.650160560681282
year 1 weekly,far,scaffolding_rapid,33,0.5791657101806631,0.5045104276238045,0.6500329713292623
year 1 weekly,far,scaffolding_rapid,34,0.5791496592274202,0.5049191245151684,0.6501578416891152
year 1 weekly,far,scaffolding_rapid,35,0.5828318062039867,0.5075412435130863,0.6533295597741045
year 1 weekly,far,scaffolding_rapid,36,0.5836975169308575,0.5084362441276441,0.6543091516062707
year 1 weekly,far,scaffolding_rapid,37,0.5868594237236389,0.5107845281882104,0.6571724404701564
year 1 weekly,far,scaffolding_rapid,38,0.589528883946518,0.5129418553627615,0.6596324158116206
year 1 weekly,far,scaffolding_rapid,39,0.5919381962955337,0.5145747912739805,0.6624630500823777
year 1 weekly,far,scaffolding_rapid,40,0.5948218405536343,0.5164126709372404,0.6669230112469767
year 1 weekly,far,scaffolding_nofade,1,0.34130171285059663,0.3128923560659679,0.3712697530686786
year 1 weekly,far,scaffolding_nofade,2,0.3791539283459811,0.34200441735094433,0.4155572782480514
year 1 weekly,far,scaffolding_nofade,3,0.41121633206368,0.36896871679267396,0.45489762710483805
year 1 weekly,far,scaffolding_nofade,4,0.43756469012072297,0.3897017951965118,0.4866902543747577
year 1 weekly,far,scaffolding_nofade,5,0.4631759863972554,0.41008421014455915,0.5180628408827987
year 1 weekly,far,scaffolding_nofade,6,0.48122201144593013,0.42524232320388544,0.5378580513149585
year 1 weekly,far,scaffolding_nofade,7,0.4988367072397223,0.4393564046436132,0.5578014870453373
year 1 weekly,far,scaffolding_nofade,8,0.5131716378141853,0.450127245084915,0.5743677409349018
year 1 weekly,far,scaffolding_nofade,9,0.5252450740300523,0.45914367319013866,0.5893769673259643
year 1 weekly,far,scaffolding_nofade,10,0.5357419485160008,0.46545749154146415,0.6035379858028365
year 1 weekly,far,scaffolding_nofade,11,0.5362480078729792,0.46738786251641934,0.6026490023965745
year 1 weekly,far,scaffolding_nofade,12,0.5405291013398902,0.4723349396675282,0.6062347442575066
year 1 weekly,far,scaffolding_nofade,13,0.5444053715406296,0.47590624302159645,0.6099819565120972
year 1 weekly,far,scaffolding_nofade,14,0.5479249487584019,0.4783871996479724,0.6137040858148569
year 1 weekly,far,scaffolding_nofade,15,0.555213063023046,0.48509721552481533,0.6221910779982674
year 1 weekly,far,scaffolding_nofade,16,0.5586396374476492,0.4876483489061481,0.6256384232748045
year 1 weekly,far,scaffolding_nofade,17,0.5642555952125199,0.4928190279391002,0.6314676101874791
year 1 weekly,far,scaffolding_nofade,18,0.5689202813904396,0.4966912498063749,0.6361924052206869
year 1 weekly,far,scaffolding_nofade,19,0.573305580112518,0.4998806908347338,0.6410730877826587
year 1 weekly,far,scaffolding_nofade,20,0.5777072509265261,0.502397385022042,0.646980495561761
year 1 weekly,far,scaffolding_nofade,21,0.5736017296730436,0.49907694373337874,0.641806064438601
year 1 weekly,far,scaffolding_nofade,22,0.5736768139824261,0.49993028595852745,0.6413939713488398
year 1 weekly,far,scaffolding_nofade,23,0.5740228698632126,0.5007686458029472,0.6422639380100421
year 1 weekly,far,scaffolding_nofade,24,0.5745584501664707,0.5016631708688131,0.6429336503382578
year 1 weekly,far,scaffolding_nofade,25,0.5791274219029031,0.5054642980299049,0.6479128586016251
year 1 weekly,far,scaffolding_nofade,26,0.5803942156789901,0.506558094338332,0.6497266311592782
year 1 weekly,far,scaffolding_nofade,27,0.5840663874222374,0.5092975455383325,0.6534480614743964
year 1 weekly,far,scaffolding_nofade,28,0.587091079453004,0.5115894002724566,0.6566942786559884
year 1 weekly,far,scaffolding_nofade,29,0.5900668372016333,0.5137010727135143,0.6600352340822659
year 1 weekly,far,scaffolding_nofade,30,0.5932714814642178,0.5156532729536405,0.6651607536619898
year 1 weekly,far,scaffolding_nofade,31,0.5883033493374589,0.5119118085386563,0.6597190120880352
year 1 weekly,far,scaffolding_nofade,32,0.5875343658402766,0.5113167717838734,0.6576890959676507
year 1 weekly,far,scaffolding_nofade,33,0.5871281016596054,0.5114936779720072,0.6565169246358502
year 1 weekly,far,scaffolding_nofade,34,0.5870010165290562,0.5119226994851012,0.6565081835172962
year 1 weekly,far,scaffolding_nofade,35,0.5909288359147388,0.5151443952828793,0.6603952064142928
year 1 weekly,far,scaffolding_nofade,36,0.5916520482560873,0.516143484458211,0.6611105482257535
year 1 weekly,far,scaffolding_nofade,37,0.5948204965449468,0.5185048622651686,0.6647166946756231
year 1 weekly,far,scaffolding_nofade,38,0.5973916406103587,0.5210072682994922,0.6679297680712989
year 1 weekly,far,scaffolding_nofade,39,0.5999637908920374,0.5224879509477554,0.6715362368839735
year 1 weekly,far,scaffolding_nofade,40,0.6028074032725999,0.5239508588523306,0.676163406070802
year 1 weekly,far,substitution,1,0.32274452319350183,0.290385456413234,0.35484107332058623
year 1 weekly,far,substitution,2,0.3412504967348751,0.3048203106667116,0.37825319868334467
year 1 weekly,far,substitution,3,0.3592603428878158,0.31580586784398906,0.40249506437561294
year 1 weekly,far,substitution,4,0.3762330139244625,0.32551519498221276,0.4249131616324423
year 1 weekly,far,substitution,5,0.38757850925721365,0.33057773380249156,0.4417440099787862
year 1 weekly,far,substitution,6,0.40074332072761276,0.340350542514546,0.4589289773477274
year 1 weekly,far,substitution,7,0.4104121630517918,0.34587511028650947,0.4734814524208891
year 1 weekly,far,substitution,8,0.4192233998754235,0.3512315415287878,0.48669163060818355
year 1 weekly,far,substitution,9,0.42510841107131825,0.35377527570274275,0.49624632086510256
year 1 weekly,far,substitution,10,0.4264583774045993,0.3521882306465103,0.500251871401257
year 1 weekly,far,substitution,11,0.43637558328028103,0.3601551372546783,0.5104910783130391
year 1 weekly,far,substitution,12,0.44567246781478687,0.3670465248810286,0.5201755861311993
year 1 weekly,far,substitution,13,0.45397953110090833,0.37367024078926125,0.5290464111144767
year 1 weekly,far,substitution,14,0.46140955529461547,0.37964452389047915,0.5373034479720861
year 1 weekly,far,substitution,15,0.4661230711636384,0.38200794484433603,0.543397062880042
year 1 weekly,far,substitution,16,0.47159927856860334,0.38704156531717426,0.5492421050556094
year 1 weekly,far,substitution,17,0.4753288767708291,0.3896876512919867,0.5544249830869098
year 1 weekly,far,substitution,18,0.47866626185384265,0.3921228526511335,0.5589888581579635
year 1 weekly,far,substitution,19,0.4800633997842285,0.3914298255281815,0.561756690479092
year 1 weekly,far,substitution,20,0.4783267589524577,0.38790152950406664,0.5624675566114882
year 1 weekly,far,substitution,21,0.48276849012316125,0.3934816378486691,0.5649040856443096
year 1 weekly,far,substitution,22,0.4873194793956974,0.3987080042517512,0.5692240521979843
year 1 weekly,far,substitution,23,0.49142449720329934,0.402823115418333,0.5730767837058071
year 1 weekly,far,substitution,24,0.49514125037381634,0.40640885178410857,0.5767145270435955
year 1 weekly,far,substitution,25,0.4970787260540128,0.4067417020698461,0.5798149193237735
year 1 weekly,far,substitution,26,0.49972765130145713,0.40905131848217685,0.5821557935623596
year 1 weekly,far,substitution,27,0.5012398063418201,0.40917882901926117,0.5842458891527238
year 1 weekly,far,substitution,28,0.5025917421537471,0.40888196698121604,0.5864981778530755
year 1 weekly,far,substitution,29,0.5023580303535949,0.40712745765056807,0.5874237179673625
year 1 weekly,far,substitution,30,0.49946281040942947,0.4035436120569091,0.5871605667971256
year 1 weekly,far,substitution,31,0.5021232005715219,0.4074692978947185,0.5886428101009329
year 1 weekly,far,substitution,32,0.5051223577598541,0.4102982265890615,0.5911783652878574
year 1 weekly,far,substitution,33,0.5078503472266991,0.4128845823319634,0.5925840383224248
year 1 weekly,far,substitution,34,0.5103273874809234,0.41627630540940724,0.5947719572200063
year 1 weekly,far,substitution,35,0.5113197779430012,0.4160554231531498,0.5965167815452014
year 1 weekly,far,substitution,36,0.5130503123762138,0.41824732780691876,0.5979497483279578
year 1 weekly,far,substitution,37,0.5137882075635412,0.41756691212062536,0.599372819796808
year 1 weekly,far,substitution,38,0.514428475353922,0.41777527738902986,0.600138194459012
year 1 weekly,far,substitution,39,0.5136367598707219,0.41581532571046775,0.6007310997347242
year 1 weekly,far,substitution,40,0.5103211869142305,0.4120243691840284,0.5992158874568191
year 1 weekly,far,free_choice,1,0.3347748266232609,0.3049370730125562,0.36580619010209153
year 1 weekly,far,free_choice,2,0.36629287239470865,0.32930282448310866,0.40348988320486995
year 1 weekly,far,free_choice,3,0.3943333084140074,0.3507770132531973,0.4368729156481889
year 1 weekly,far,free_choice,4,0.41844773379234124,0.3707675228904076,0.46722095593805035
year 1 weekly,far,free_choice,5,0.44036101974990355,0.3868269807220207,0.4952933163498161
year 1 weekly,far,free_choice,6,0.4577691094570709,0.40017273516805013,0.516195660726687
year 1 weekly,far,free_choice,7,0.47385060775859933,0.4124150665166589,0.5356672669064008
year 1 weekly,far,free_choice,8,0.48739351011863186,0.42160366749948247,0.5507670783120499
year 1 weekly,far,free_choice,9,0.49833245211575905,0.42972651374743337,0.5637794896139449
year 1 weekly,far,free_choice,10,0.5066870843539154,0.4339193902906519,0.5762182673815938
year 1 weekly,far,free_choice,11,0.5102730620210087,0.4370408030158839,0.5779210440591592
year 1 weekly,far,free_choice,12,0.5163870082205642,0.4426367829849472,0.5843326987597061
year 1 weekly,far,free_choice,13,0.5217798901018077,0.4480157739499303,0.5891514750436188
year 1 weekly,far,free_choice,14,0.5265804321331923,0.4526687553674925,0.5929776639110084
year 1 weekly,far,free_choice,15,0.5334160912343623,0.45772800881935,0.601228864709724
year 1 weekly,far,free_choice,16,0.5375852660696547,0.46140606316024063,0.6057101622541889
year 1 weekly,far,free_choice,17,0.5429098219728332,0.4657747865406579,0.6121953555828782
year 1 weekly,far,free_choice,18,0.5474378569023245,0.4689483305726193,0.617496201761687
year 1 weekly,far,free_choice,19,0.551151421452077,0.47123296389710506,0.6225287604829091
year 1 weekly,far,free_choice,20,0.5539615433993629,0.4719278973973664,0.6272569391056076
year 1 weekly,far,free_choice,21,0.552239229910366,0.4719624795662627,0.6240094421449706
year 1 weekly,far,free_choice,22,0.5536308461958575,0.4745349401674292,0.6247184431235147
year 1 weekly,far,free_choice,23,0.5550401311219904,0.47689841465072175,0.6255259456448861
year 1 weekly,far,free_choice,24,0.5564341920679896,0.4787308544835333,0.6265001177806061
year 1 weekly,far,free_choice,25,0.5603629568617718,0.4820372217164634,0.6310684805747498
year 1 weekly,far,free_choice,26,0.5620430754822973,0.48361888034563083,0.6327895670179651
year 1 weekly,far,free_choice,27,0.5652451895897045,0.4863768826537078,0.6366182356039972
year 1 weekly,far,free_choice,28,0.5679500976800761,0.4886963979163241,0.6396168225780372
year 1 weekly,far,free_choice,29,0.5701529883503753,0.4894716124435506,0.6429469645676241
year 1 weekly,far,free_choice,30,0.5717683691405769,0.48880275071858814,0.6463787581235853
year 1 weekly,far,free_choice,31,0.5688505314648454,0.48734994080539895,0.6427665825570099
year 1 weekly,far,free_choice,32,0.5691501424309063,0.48879689295115486,0.6430698126698392
year 1 weekly,far,free_choice,33,0.56959012638154,0.48996882574074857,0.6434124724679385
year 1 weekly,far,free_choice,34,0.5701417342610623,0.4906306577515943,0.6438949409881795
year 1 weekly,far,free_choice,35,0.5733547688175016,0.4925695545334041,0.6468497657778678
year 1 weekly,far,free_choice,36,0.5743672496998554,0.4932858466490409,0.6478909690829419
year 1 weekly,far,free_choice,37,0.5769997589695675,0.4948402914056422,0.6505773866825074
year 1 weekly,far,free_choice,38,0.5791869952204569,0.4961810064881042,0.6533347553204267
year 1 weekly,far,free_choice,39,0.5809648628906848,0.4969654138243043,0.6561762963032509
year 1 weekly,far,free_choice,40,0.5822225048761477,0.49676115251970254,0.6589620203878479
year 1 weekly,far,free_choice_centaur,1,0.33313405980904237,0.30300412221894046,0.36436009820481746
year 1 weekly,far,free_choice_centaur,2,0.3626677400691091,0.3260071076730402,0.39973631277309607
year 1 weekly,far,free_choice_centaur,3,0.38915251741009255,0.3452885165500608,0.4320525538770613
year 1 weekly,far,free_choice_centaur,4,0.412216553730925,0.363854994056101,0.46078174128504606
year 1 weekly,far,free_choice_centaur,5,0.43244887476707805,0.37793547421145146,0.48746551022391144
year 1 weekly,far,free_choice_centaur,6,0.44937275113348524,0.39111235459225635,0.5080417944510203
year 1 weekly,far,free_choice_centaur,7,0.46457780978156515,0.4026848379642631,0.5263947084518156
year 1 weekly,far,free_choice_centaur,8,0.47754347939393244,0.4125851229774422,0.5421431718923108
year 1 weekly,far,free_choice_centaur,9,0.4877887384604796,0.41824548820954244,0.5540083427102731
year 1 weekly,far,free_choice_centaur,10,0.49506585303482475,0.42205070476982537,0.5647522157089337
year 1 weekly,far,free_choice_centaur,11,0.4998263830191543,0.42591355255740493,0.5681179084257237
year 1 weekly,far,free_choice_centaur,12,0.5065245821413956,0.4324822727493649,0.5750677956252339
year 1 weekly,far,free_choice_centaur,13,0.5123668119898346,0.4379188865365095,0.5808262380572177
year 1 weekly,far,free_choice_centaur,14,0.5175225953255063,0.4429712904451588,0.5855208660215752
year 1 weekly,far,free_choice_centaur,15,0.5238517508991036,0.4473465815136851,0.592672239615368
year 1 weekly,far,free_choice_centaur,16,0.5281622672889834,0.45144049750311654,0.5975686808075626
year 1 weekly,far,free_choice_centaur,17,0.533109857759843,0.45513336722435593,0.6032574132418156
year 1 weekly,far,free_choice_centaur,18,0.5373706273309955,0.45841857138667275,0.6083430066833694
year 1 weekly,far,free_choice_centaur,19,0.5405484498602061,0.4601300305590345,0.613081417818152
year 1 weekly,far,free_choice_centaur,20,0.5424103026311583,0.4596408157894763,0.6173458727430194
year 1 weekly,far,free_choice_centaur,21,0.5418133088264839,0.46103755535515584,0.6146228035104195
year 1 weekly,far,free_choice_centaur,22,0.5437512231401013,0.4639805372087464,0.6164785704041867
year 1 weekly,far,free_choice_centaur,23,0.5455550608482007,0.4667741407094006,0.6179960686572658
year 1 weekly,far,free_choice_centaur,24,0.547254492874254,0.4691533822836608,0.6192243779940789
year 1 weekly,far,free_choice_centaur,25,0.5506303410585004,0.47178191437715566,0.6231831162170763
year 1 weekly,far,free_choice_centaur,26,0.5523950183972346,0.47371845225422593,0.6249641111588473
year 1 weekly,far,free_choice_centaur,27,0.5551634870432922,0.4756878029083756,0.6277333587129806
year 1 weekly,far,free_choice_centaur,28,0.5575427602675026,0.47745350533316555,0.6309844670055361
year 1 weekly,far,free_choice_centaur,29,0.5591565524347941,0.4779988681090597,0.6331410627179218
year 1 weekly,far,free_choice_centaur,30,0.5597263615919861,0.4765746858647945,0.6354169029390426
year 1 weekly,far,free_choice_centaur,31,0.5579391812964468,0.4759386334368844,0.6321241297446517
year 1 weekly,far,free_choice_centaur,32,0.5587674562657787,0.4774847377351454,0.6323439368051245
year 1 weekly,far,free_choice_centaur,33,0.5596013824553805,0.47897266358618373,0.6328640781440338
year 1 weekly,far,free_choice_centaur,34,0.5604476829409266,0.4802062841572539,0.6343491641009523
year 1 weekly,far,free_choice_centaur,35,0.5630702475960526,0.48176718084439013,0.6369937686366719
year 1 weekly,far,free_choice_centaur,36,0.5641683759944582,0.4826387722497643,0.6382972475554034
year 1 weekly,far,free_choice_centaur,37,0.5663242844497293,0.4837832708861203,0.6406543747218085
year 1 weekly,far,free_choice_centaur,38,0.5681643754484506,0.48475151521615073,0.6428340199300195
year 1 weekly,far,free_choice_centaur,39,0.5693259655907716,0.48472300337207597,0.6448375333285378
year 1 weekly,far,free_choice_centaur,40,0.5694977447963998,0.48349473449707425,0.6462550778914242
yearly,far,traditional,0,0.3026889091268811,0.27558545170539217,0.33194034061081995
yearly,far,traditional,1,0.5924202781718396,0.5112362443562107,0.6672035706262878
yearly,far,traditional,2,0.5969100905791955,0.5135209117268832,0.6774327662258929
yearly,far,traditional,3,0.5923692038771371,0.5051174750150049,0.6800349094845666
yearly,far,traditional,4,0.5822418167497906,0.4819860457927766,0.6786986558152879
yearly,far,traditional,5,0.5680614735803948,0.4612188223458136,0.6742703196039613
yearly,far,traditional,6,0.5508967048503356,0.4270414299331854,0.6671512515887574
yearly,far,traditional,7,0.5314990216791244,0.3906331591206633,0.6611201667728338
yearly,far,traditional,8,0.5104716679046192,0.36027204980577715,0.6524417794298933
yearly,far,traditional,9,0.4882957659147299,0.32402743855952854,0.6464135513499719
yearly,far,traditional,10,0.4653957733690953,0.2866719725441871,0.6380868476350146
yearly,far,scaffolding_rapid,0,0.3026889091268811,0.27558545170539217,0.33194034061081995
yearly,far,scaffolding_rapid,1,0.5948218405536343,0.5164126709372404,0.6669230112469767
yearly,far,scaffolding_rapid,2,0.60229767016575,0.5212543942032777,0.6805429501611542
yearly,far,scaffolding_rapid,3,0.6005907199390818,0.5161069479547585,0.6862023517353009
yearly,far,scaffolding_rapid,4,0.5931289747135146,0.4983508521269898,0.685098632907657
yearly,far,scaffolding_rapid,5,0.5814482315557887,0.47574634011569406,0.6833488411644476
yearly,far,scaffolding_rapid,6,0.566610980189664,0.44727623955856144,0.6780929335007914
yearly,far,scaffolding_rapid,7,0.5493940716308252,0.41587347535475294,0.6736964091930162
yearly,far,scaffolding_rapid,8,0.5303709756302053,0.38232035419534527,0.6673711533946439
yearly,far,scaffolding_rapid,9,0.5100388534117408,0.35255608780013525,0.6623947746551747
yearly,far,scaffolding_rapid,10,0.48876603763388465,0.3164297754618565,0.6542325801055449
yearly,far,scaffolding_nofade,0,0.3026889091268811,0.27558545170539217,0.33194034061081995
yearly,far,scaffolding_nofade,1,0.6028074032725999,0.5239508588523306,0.676163406070802
yearly,far,scaffolding_nofade,2,0.6076001186296581,0.5281139227657968,0.6869567082423719
yearly,far,scaffolding_nofade,3,0.6035977742625814,0.5179317262962683,0.6878969046971465
yearly,far,scaffolding_nofade,4,0.5941230515003816,0.49820793084025483,0.6865559497439391
yearly,far,scaffolding_nofade,5,0.5806821734663099,0.4770114829114354,0.683975497900968
yearly,far,scaffolding_nofade,6,0.5643126338836284,0.44401908512296623,0.6762941748393494
yearly,far,scaffolding_nofade,7,0.54575690970709,0.40877848860220645,0.6686662651322968
yearly,far,scaffolding_nofade,8,0.5255694563671272,0.3805150642993271,0.6639089913526176
yearly,far,scaffolding_nofade,9,0.504224719179978,0.34651454967506495,0.6565048497371616
yearly,far,scaffolding_nofade,10,0.48209101227436885,0.3078946857817883,0.6481846359143716
yearly,far,substitution,0,0.3026889091268811,0.27558545170539217,0.33194034061081995
yearly,far,substitution,1,0.5103211869142305,0.4120243691840284,0.5992158874568191
yearly,far,substitution,2,0.5049983686202714,0.40359734844927947,0.6021072212030016
yearly,far,substitution,3,0.49108869377711767,0.38196345676278337,0.6008645754404782
yearly,far,substitution,4,0.4731076296453518,0.3538133846637503,0.5931082086727217
yearly,far,substitution,5,0.452337496006005,0.32381030712827,0.5843758299629248
yearly,far,substitution,6,0.4298538741875603,0.2924327205931545,0.5731926166549087
yearly,far,substitution,7,0.40616087015586744,0.25940542133831695,0.5652958712814818
yearly,far,substitution,8,0.3820268859929658,0.22504197287319228,0.5516746458333187
yearly,far,substitution,9,0.35776315514189216,0.19188754616023784,0.5410247423782155
yearly,far,substitution,10,0.3338859315075602,0.16083372308139665,0.5256934521275248
yearly,far,free_choice,0,0.3026889091268811,0.27558545170539217,0.33194034061081995
yearly,far,free_choice,1,0.5822225048761477,0.49676115251970254,0.6589620203878479
yearly,far,free_choice,2,0.5862787032832003,0.49864987438309377,0.6695722649289474
yearly,far,free_choice,3,0.5807776275751112,0.48905177428882274,0.6714283232345213
yearly,far,free_choice,4,0.5696074269328829,0.46459274836133246,0.670579947919236
yearly,far,free_choice,5,0.554394195934497,0.4400375763879803,0.6652290464472735
yearly,far,free_choice,6,0.5361840419485187,0.4067570134338032,0.6587236292273001
yearly,far,free_choice,7,0.5157219513218905,0.3676956031613404,0.6521629642943053
yearly,far,free_choice,8,0.4936958047572746,0.3365313526178516,0.6437388843121096
yearly,far,free_choice,9,0.4705391679229366,0.3006022497991974,0.6353201488652271
yearly,far,free_choice,10,0.44676827979703065,0.26168029714306074,0.6282297885132191
yearly,far,free_choice_centaur,0,0.3026889091268811,0.27558545170539217,0.33194034061081995
yearly,far,free_choice_centaur,1,0.5694977447963998,0.48349473449707425,0.6462550778914242
yearly,far,free_choice_centaur,2,0.5708413769962237,0.48252266412135286,0.6547889881936108
yearly,far,free_choice_centaur,3,0.5634662857486685,0.46885625703484135,0.6560904149642779
yearly,far,free_choice_centaur,4,0.5509395922180935,0.4453932281203164,0.6552985843604281
yearly,far,free_choice_centaur,5,0.5347161669473495,0.4200394931975906,0.6478537266562727
yearly,far,free_choice_centaur,6,0.5157930385650649,0.3877471824431167,0.6404839888796829
yearly,far,free_choice_centaur,7,0.4949255406480136,0.35239935769112507,0.6336504912253621
yearly,far,free_choice_centaur,8,0.47275617574729634,0.3204828021136835,0.622823611663357
yearly,far,free_choice_centaur,9,0.4497242344685662,0.2831711141663715,0.6171764530336883
yearly,far,free_choice_centaur,10,0.4263104060546981,0.24700829497576515,0.6060203973269332
year 1 weekly,D,traditional,1,0.38728010004139174,0.37970544185705646,0.3944619659555207
year 1 weekly,D,traditional,2,0.38279944321572296,0.3740678840366644,0.39118854136512254
year 1 weekly,D,traditional,3,0.37744770882996903,0.3668744346839326,0.38763179650704044
year 1 weekly,D,traditional,4,0.3715210033235021,0.3582841316949658,0.3840537127387626
year 1 weekly,D,traditional,5,0.3682608793813295,0.3527387229264765,0.38327850104804606
year 1 weekly,D,traditional,6,0.3626361160386479,0.34515085995441785,0.3801094874133797
year 1 weekly,D,traditional,7,0.35865498690653286,0.3389014138276475,0.3785399393526178
year 1 weekly,D,traditional,8,0.3544388539299373,0.3325705811057348,0.3763594788691537
year 1 weekly,D,traditional,9,0.35119073342560214,0.3269915944010132,0.3750172881523388
year 1 weekly,D,traditional,10,0.35003811321690664,0.32384283025130733,0.3761909779878699
year 1 weekly,D,traditional,11,0.3420324003105574,0.31386950853600276,0.3706406495991977
year 1 weekly,D,traditional,12,0.33526094691622627,0.30484089169198847,0.3657235764138077
year 1 weekly,D,traditional,13,0.3286123426890133,0.29619715205848896,0.3612350210874587
year 1 weekly,D,traditional,14,0.3220968411735645,0.28739715243003244,0.35678953949889947
year 1 weekly,D,traditional,15,0.3179618882174112,0.2813480284224172,0.3547672503671882
year 1 weekly,D,traditional,16,0.31237254961378375,0.27362367745245575,0.35138063551674226
year 1 weekly,D,traditional,17,0.3083281802087961,0.2679247937152331,0.34916259505932407
year 1 weekly,D,traditional,18,0.30431687510602434,0.26243959379502,0.3471014005487603
year 1 weekly,D,traditional,19,0.3013447402430663,0.2581246345980208,0.34567253519857793
year 1 weekly,D,traditional,20,0.30032962690712317,0.2557605115137788,0.3470060345206493
year 1 weekly,D,traditional,21,0.293483936524469,0.2476478199503167,0.34125493969331083
year 1 weekly,D,traditional,22,0.28774636405737264,0.24051453780575385,0.3372291154667322
year 1 weekly,D,traditional,23,0.2821624327855981,0.2338540638533626,0.33351057041822474
year 1 weekly,D,traditional,24,0.2767189694835483,0.22716863148726468,0.32957442671271814
year 1 weekly,D,traditional,25,0.27343961916227094,0.22304519099791253,0.3274794160520402
year 1 weekly,D,traditional,26,0.2688769998741041,0.2175295240778616,0.32435589954265864
year 1 weekly,D,traditional,27,0.26573065610468805,0.21320692198763636,0.322763396477291
year 1 weekly,D,traditional,28,0.26262626883996226,0.20896792435242223,0.3207828315995237
year 1 weekly,D,traditional,29,0.26049269637398614,0.2057403313963696,0.31982861121474426
year 1 weekly,D,traditional,30,0.2602032795261906,0.20355434539032782,0.32096847682699226
year 1 weekly,D,traditional,31,0.2544819519578388,0.1974732910618552,0.3158138668548126
year 1 weekly,D,traditional,32,0.24976842147346764,0.19218521243204945,0.3123825600195488
year 1 weekly,D,traditional,33,0.24517922773102785,0.18718600104888583,0.3087143264605789
year 1 weekly,D,traditional,34,0.2407195272898158,0.18221007153893268,0.30534125378424937
year 1 weekly,D,traditional,35,0.2382776775997853,0.17887942558287986,0.3036755142228336
year 1 weekly,D,traditional,36,0.23460929834046268,0.17476522431273436,0.30088855454743435
year 1 weekly,D,traditional,37,0.23227011437227327,0.17154908464753643,0.29917633395253396
year 1 weekly,D,traditional,38,0.22996766926561552,0.1685129498707971,0.2978320217167972
year 1 weekly,D,traditional,39,0.2285740643698604,0.16709344159904221,0.2969704153986751
year 1 weekly,D,traditional,40,0.22894830307694275,0.16782750297154375,0.2987887429431492
year 1 weekly,D,scaffolding_rapid,1,0.3865890644648495,0.3790617551056019,0.39388247373548313
year 1 weekly,D,scaffolding_rapid,2,0.38058899943376495,0.3718131017073104,0.38885112290595997
year 1 weekly,D,scaffolding_rapid,3,0.37382249703595666,0.3634114934032804,0.38376620259337807
year 1 weekly,D,scaffolding_rapid,4,0.36655024508883843,0.353898643210561,0.37888737516332877
year 1 weekly,D,scaffolding_rapid,5,0.3614404038209733,0.34687232303310817,0.37607420569839584
year 1 weekly,D,scaffolding_rapid,6,0.35451929362178974,0.3374240488188243,0.37159796756153834
year 1 weekly,D,scaffolding_rapid,7,0.34902751294105017,0.32993017645717365,0.3683710225368488
year 1 weekly,D,scaffolding_rapid,8,0.3434493777070182,0.3223443679112697,0.36477250912562154
year 1 weekly,D,scaffolding_rapid,9,0.3385602796358704,0.3152499167609546,0.3617465658147729
year 1 weekly,D,scaffolding_rapid,10,0.3358498113481917,0.310644142693946,0.3610259385597813
year 1 weekly,D,scaffolding_rapid,11,0.3274294688840208,0.30039039494164776,0.3549230194333498
year 1 weekly,D,scaffolding_rapid,12,0.3198161185112107,0.2907291854757136,0.34937588540834486
year 1 weekly,D,scaffolding_rapid,13,0.3124061228571481,0.28127740735393614,0.34377816158754526
year 1 weekly,D,scaffolding_rapid,14,0.30516300757418996,0.2719512665247474,0.33857228478417895
year 1 weekly,D,scaffolding_rapid,15,0.299722835345923,0.2648133246570889,0.33479171838913835
year 1 weekly,D,scaffolding_rapid,16,0.29333829439695447,0.2565106553819043,0.33004020749456053
year 1 weekly,D,scaffolding_rapid,17,0.28822401785968643,0.2500069043017446,0.3276006489013208
year 1 weekly,D,scaffolding_rapid,18,0.28324385657710865,0.24349250488726137,0.3245756817555143
year 1 weekly,D,scaffolding_rapid,19,0.27898214271472443,0.23786168217905945,0.32200524472447667
year 1 weekly,D,scaffolding_rapid,20,0.2766809526727628,0.23436226867407123,0.321788318194497
year 1 weekly,D,scaffolding_rapid,21,0.2697539189514912,0.2259809693421923,0.3162468601051013
year 1 weekly,D,scaffolding_rapid,22,0.2634977749830632,0.21848079723593425,0.31123436547987493
year 1 weekly,D,scaffolding_rapid,23,0.25744709892200784,0.21127943943632685,0.3065866409425561
year 1 weekly,D,scaffolding_rapid,24,0.2515519208665889,0.20458497782607388,0.3019625177794388
year 1 weekly,D,scaffolding_rapid,25,0.24721070671168877,0.19938784178849034,0.2985564718853033
year 1 weekly,D,scaffolding_rapid,26,0.24208602238611499,0.19351868165035907,0.294650025837704
year 1 weekly,D,scaffolding_rapid,27,0.2380728764830955,0.18854412304254156,0.2922558964534477
year 1 weekly,D,scaffolding_rapid,28,0.23419527758228326,0.18382593721951257,0.2892953165360504
year 1 weekly,D,scaffolding_rapid,29,0.23095564726352236,0.17971428011289187,0.2869593855942855
year 1 weekly,D,scaffolding_rapid,30,0.22951458411809936,0.17721394219152353,0.2865404271566144
year 1 weekly,D,scaffolding_rapid,31,0.22391055726964387,0.1712601641751372,0.281786140325436
year 1 weekly,D,scaffolding_rapid,32,0.21886975020274785,0.1657570506570488,0.2775396400635317
year 1 weekly,D,scaffolding_rapid,33,0.21399490091392137,0.16042258258778294,0.2733226521359801
year 1 weekly,D,scaffolding_rapid,34,0.2092558874333245,0.155364334619366,0.2693313273301872
year 1 weekly,D,scaffolding_rapid,35,0.20590025236555057,0.15154999970814256,0.2664650059788226
year 1 weekly,D,scaffolding_rapid,36,0.20182534433566,0.14720266419420416,0.2629078278516853
year 1 weekly,D,scaffolding_rapid,37,0.19875582788312465,0.14362555323074774,0.26022807011596283
year 1 weekly,D,scaffolding_rapid,38,0.19580551288408293,0.14027675381743007,0.2577669044934166
year 1 weekly,D,scaffolding_rapid,39,0.19342176270013972,0.13747179926920267,0.25570213129402936
year 1 weekly,D,scaffolding_rapid,40,0.19273279769521642,0.13632505822197538,0.25600581997902644
year 1 weekly,D,scaffolding_nofade,1,0.3872351191845161,0.3796578036810906,0.3944294278659058
year 1 weekly,D,scaffolding_nofade,2,0.38258960383880003,0.3738264298332103,0.3910227773918162
year 1 weekly,D,scaffolding_nofade,3,0.37702387776333196,0.36647859727819593,0.3872068592184194
year 1 weekly,D,scaffolding_nofade,4,0.37087729847243983,0.3575712158168293,0.38349056029633394
year 1 weekly,D,scaffolding_nofade,5,0.36732737180340275,0.35179510822048093,0.3823999223379604
year 1 weekly,D,scaffolding_nofade,6,0.3614583929598332,0.34405397642224234,0.3791049891631031
year 1 weekly,D,scaffolding_nofade,7,0.3571873529045211,0.33763341554594845,0.37690708870113726
year 1 weekly,D,scaffolding_nofade,8,0.3526883342977875,0.3306406593329746,0.3746650936898663
year 1 weekly,D,scaffolding_nofade,9,0.349138230029496,0.32476011537413146,0.3730054696769414
year 1 weekly,D,scaffolding_nofade,10,0.3476237329152566,0.32114984737606855,0.37367267172202645
year 1 weekly,D,scaffolding_nofade,11,0.3394897618174512,0.31104003525795687,0.36744362030081446
year 1 weekly,D,scaffolding_nofade,12,0.3325674262714776,0.30228931010922905,0.36292231771013367
year 1 weekly,D,scaffolding_nofade,13,0.3257913868166679,0.2931957215607425,0.35871209528661224
year 1 weekly,D,scaffolding_nofade,14,0.3191676608699828,0.28456715670643035,0.35448564824027845
year 1 weekly,D,scaffolding_nofade,15,0.3148605484773371,0.27846432535883003,0.35222622099728124
year 1 weekly,D,scaffolding_nofade,16,0.3091568300691572,0.27085385548971,0.3486889921873601
year 1 weekly,D,scaffolding_nofade,17,0.30495712922845664,0.26504448049985696,0.346488806468523
year 1 weekly,D,scaffolding_nofade,18,0.3007898144464621,0.25940636831124037,0.3442922588387757
year 1 weekly,D,scaffolding_nofade,19,0.29764733313703284,0.2551285801476113,0.34255818067826344
year 1 weekly,D,scaffolding_nofade,20,0.29639793133778003,0.25195293880765296,0.3429697599552321
year 1 weekly,D,scaffolding_nofade,21,0.28950906954638156,0.2441404687370961,0.3376983829006491
year 1 weekly,D,scaffolding_nofade,22,0.2837033062732639,0.23683683873319378,0.33335750235821754
year 1 weekly,D,scaffolding_nofade,23,0.2780661921737054,0.22935924755528964,0.3295550761103135
year 1 weekly,D,scaffolding_nofade,24,0.2725801824141344,0.22256139001743164,0.3254359912443496
year 1 weekly,D,scaffolding_nofade,25,0.26919987982395516,0.21858106721415493,0.32309712910869337
year 1 weekly,D,scaffolding_nofade,26,0.2645808633994019,0.2130996797971394,0.3195804585132732
year 1 weekly,D,scaffolding_nofade,27,0.2613353499794398,0.20885522142859578,0.31724216290738166
year 1 weekly,D,scaffolding_nofade,28,0.2581309698474215,0.20460543458420843,0.3158337650186627
year 1 weekly,D,scaffolding_nofade,29,0.255873986464775,0.20161714524944954,0.31530953397861416
year 1 weekly,D,scaffolding_nofade,30,0.25540567518789303,0.199564326913138,0.31592353889819863
year 1 weekly,D,scaffolding_nofade,31,0.24968046855309178,0.1936322936245882,0.31129749522745687
year 1 weekly,D,scaffolding_nofade,32,0.24493551192637333,0.1879330803831769,0.30773341113515357
year 1 weekly,D,scaffolding_nofade,33,0.24032530635982646,0.18287575644665657,0.3039159539734982
year 1 weekly,D,scaffolding_nofade,34,0.2358545037478345,0.17775823053425704,0.3004298388071743
year 1 weekly,D,scaffolding_nofade,35,0.23334664288273413,0.1746672726055916,0.29873214974838774
year 1 weekly,D,scaffolding_nofade,36,0.2296478399425725,0.1704847608537117,0.29612594708665013
year 1 weekly,D,scaffolding_nofade,37,0.22723882286000505,0.1673311516611175,0.2942764799667117
year 1 weekly,D,scaffolding_nofade,38,0.22486054530795238,0.16445387623160396,0.29256270364422243
year 1 weekly,D,scaffolding_nofade,39,0.22337198244263642,0.1628788275476715,0.291621584662922
year 1 weekly,D,scaffolding_nofade,40,0.22359487714545098,0.1628439684803959,0.2924171105999362
year 1 weekly,D,substitution,1,0.38962950503944876,0.3820728248037945,0.3967907782427628
year 1 weekly,D,substitution,2,0.38827073106564447,0.3788201414981846,0.397487516667263
year 1 weekly,D,substitution,3,0.38628770331310214,0.37440048816508603,0.398138568578047
year 1 weekly,D,substitution,4,0.3837798359676329,0.3688388052895043,0.3986128186286369
year 1 weekly,D,substitution,5,0.38471880944146336,0.366669323229505,0.40235787522728506
year 1 weekly,D,substitution,6,0.38277050113753663,0.3622316544082139,0.40310595923936
year 1 weekly,D,substitution,7,0.3830254593997165,0.35940661672576446,0.4061225749465869
year 1 weekly,D,substitution,8,0.38301528572250476,0.35631166067533865,0.4088558700258164
year 1 weekly,D,substitution,9,0.3841145601216076,0.3552371854934388,0.4129662548095495
year 1 weekly,D,substitution,10,0.3877283677311873,0.35622995556274645,0.41986243158385433
year 1 weekly,D,substitution,11,0.38193690912800593,0.34818797570252563,0.41632559296061294
year 1 weekly,D,substitution,12,0.3778689995360508,0.3415624163127005,0.4144926891520581
year 1 weekly,D,substitution,13,0.37371431239370556,0.33490601443371243,0.4127586219938528
year 1 weekly,D,substitution,14,0.3695099414548666,0.32810386749808734,0.41183987872511535
year 1 weekly,D,substitution,15,0.3685655819934817,0.3252234090632761,0.4131192032109161
year 1 weekly,D,substitution,16,0.3653861163836498,0.3195503346571081,0.4125123539590133
year 1 weekly,D,substitution,17,0.36434830944907737,0.3163255119102841,0.4136567606964932
year 1 weekly,D,substitution,18,0.36327418691226615,0.313133975812979,0.41468357761640023
year 1 weekly,D,substitution,19,0.3634191244944652,0.3116012485649399,0.4170120765403315
year 1 weekly,D,substitution,20,0.3660102928898092,0.31203162283891955,0.42218878034820145
year 1 weekly,D,substitution,21,0.36020224589761135,0.3048243478184606,0.41754417696821294
year 1 weekly,D,substitution,22,0.35605191572691747,0.29897157694278365,0.4158820215313935
year 1 weekly,D,substitution,23,0.3519207392602842,0.2929468000365517,0.4135656019707159
year 1 weekly,D,substitution,24,0.3478177197017307,0.2869979603824026,0.41135212493540096
year 1 weekly,D,substitution,25,0.3468045958191539,0.2845367676912214,0.4125463242680498
year 1 weekly,D,substitution,26,0.3438048490087267,0.27995120527935136,0.41141795934590797
year 1 weekly,D,substitution,27,0.3428345870455081,0.277387246971808,0.41323924540971674
year 1 weekly,D,substitution,28,0.34187986754380323,0.2746968903213132,0.4137042534863486
year 1 weekly,D,substitution,29,0.34213615112913326,0.2737719244650483,0.4146053109485657
year 1 weekly,D,substitution,30,0.34476202082506574,0.27455131171763064,0.4183241576397772
year 1 weekly,D,substitution,31,0.33942218416023384,0.2686225080459872,0.4145222136791832
year 1 weekly,D,substitution,32,0.3356638516584277,0.2638807988089794,0.41245414814960074
year 1 weekly,D,substitution,33,0.3319349097417552,0.25912828219067635,0.4102832062083245
year 1 weekly,D,substitution,34,0.3282571079762589,0.2544738127435447,0.40789214624549464
year 1 weekly,D,substitution,35,0.3275631395753002,0.2527473629100173,0.4084603433584943
year 1 weekly,D,substitution,36,0.32494005942061405,0.2491967228427326,0.40719230640098275
year 1 weekly,D,substitution,37,0.32430918717979657,0.2474469959896386,0.408095750912312
year 1 weekly,D,substitution,38,0.3237138797587521,0.24587499767407883,0.4090658658419966
year 1 weekly,D,substitution,39,0.3242905900589183,0.2445167194397982,0.4111647289802359
year 1 weekly,D,substitution,40,0.3271976397064902,0.24629873463120874,0.41529533198887014
year 1 weekly,D,free_choice,1,0.3878599439298447,0.3802986408628308,0.3950406942623808
year 1 weekly,D,free_choice,2,0.3841076197565304,0.3752486778551852,0.3924259434082167
year 1 weekly,D,free_choice,3,0.379506147466779,0.36869030211577963,0.39003175414910823
year 1 weekly,D,free_choice,4,0.3743036793047623,0.36066026436528087,0.38739793571388953
year 1 weekly,D,free_choice,5,0.3719318475229088,0.35644154681587936,0.3874707207656752
year 1 weekly,D,free_choice,6,0.36703978262357034,0.3487816424278482,0.38524723907719666
year 1 weekly,D,free_choice,7,0.36389994630015365,0.34352206018215375,0.38458836440060884
year 1 weekly,D,free_choice,8,0.3604956749646049,0.33802188978644165,0.3836345192727298
year 1 weekly,D,free_choice,9,0.3580786730974362,0.3334790580984708,0.38315476366121654
year 1 weekly,D,free_choice,10,0.35785097318875764,0.33028750858195705,0.3853990574134181
year 1 weekly,D,free_choice,11,0.3501866423780913,0.3208255373507955,0.37992343699031195
year 1 weekly,D,free_choice,12,0.343860119523019,0.31236161664502476,0.3758978745859281
year 1 weekly,D,free_choice,13,0.3376186270274418,0.3037847609354794,0.3718411400533774
year 1 weekly,D,free_choice,14,0.3314752387941594,0.29552879047760194,0.36801447318079733
year 1 weekly,D,free_choice,15,0.3278968016701508,0.29013986962579347,0.366706507248974
year 1 weekly,D,free_choice,16,0.32270093000126243,0.2830858787206423,0.36339780157482043
year 1 weekly,D,free_choice,17,0.3191720176977853,0.2780759603420032,0.3615411308917961
year 1 weekly,D,free_choice,18,0.3156567929220021,0.27288369709005267,0.3606394841115621
year 1 weekly,D,free_choice,19,0.3132269146722295,0.26840330935554896,0.36056959272540295
year 1 weekly,D,free_choice,20,0.31285721851940923,0.2663304074410879,0.361796916741725
year 1 weekly,D,free_choice,21,0.3061228920379813,0.2587240269804446,0.3571274930565243
year 1 weekly,D,free_choice,22,0.300605729756515,0.25132849679545644,0.3536238822554734
year 1 weekly,D,free_choice,23,0.29522221698706363,0.24463616248921907,0.3494394480171905
year 1 weekly,D,free_choice,24,0.2899630922672133,0.2383332268790701,0.34544143309361236
year 1 weekly,D,free_choice,25,0.2870527910267505,0.23407495462101824,0.3440497023521209
year 1 weekly,D,free_choice,26,0.28272385294206254,0.22864649203935672,0.34115071970146366
year 1 weekly,D,free_choice,27,0.27992794464199294,0.22473374418276343,0.3400391686625647
year 1 weekly,D,free_choice,28,0.2771620823011728,0.22067846404569907,0.33867344634971885
year 1 weekly,D,free_choice,29,0.27541733147653463,0.2174896784909172,0.3389286385034402
year 1 weekly,D,free_choice,30,0.27562136494500156,0.2156674223412697,0.34098747380797817
year 1 weekly,D,free_choice,31,0.2698967887389628,0.20931405625819344,0.3360796656675279
year 1 weekly,D,free_choice,32,0.2652874875335425,0.20420006886972356,0.3325303049595438
year 1 weekly,D,free_choice,33,0.26079206143062705,0.19931404030177735,0.32893128092385515
year 1 weekly,D,free_choice,34,0.2564157175767433,0.19398711612282707,0.32520120408639713
year 1 weekly,D,free_choice,35,0.25424326627528154,0.19112498076114343,0.324267688384911
year 1 weekly,D,free_choice,36,0.25071036430126076,0.18698573319240505,0.3218298404878532
year 1 weekly,D,free_choice,37,0.24863076854274113,0.18475981251741405,0.32080185996109584
year 1 weekly,D,free_choice,38,0.24658091783148195,0.18241005030613502,0.3197745685079393
year 1 weekly,D,free_choice,39,0.2454892247776187,0.18086218703967186,0.3195045522405625
year 1 weekly,D,free_choice,40,0.24627159077159502,0.1811278536563836,0.32131864369695695
year 1 weekly,D,free_choice_centaur,1,0.38814526963413964,0.3805314350266983,0.3952672256469356
year 1 weekly,D,free_choice_centaur,2,0.38479865537624947,0.3758810768926216,0.39311178799036395
year 1 weekly,D,free_choice_centaur,3,0.38064250847641806,0.36969181392153605,0.3914428558485193
year 1 weekly,D,free_choice_centaur,4,0.37588716584576026,0.36221140786213735,0.3893233777839145
year 1 weekly,D,free_choice_centaur,5,0.37409365276979656,0.35863956155197385,0.38969842704461655
year 1 weekly,D,free_choice_centaur,6,0.3696769327031398,0.35140175913023813,0.388175678020086
year 1 weekly,D,free_choice_centaur,7,0.3671020596268583,0.3463874422716627,0.38796451170857615
year 1 weekly,D,free_choice_centaur,8,0.36425287250823857,0.3413540605107755,0.38758552240474947
year 1 weekly,D,free_choice_centaur,9,0.36242319918631194,0.3371782625679414,0.3874670569169369
year 1 weekly,D,free_choice_centaur,10,0.36286530443088394,0.3348474211276112,0.390698686551346
year 1 weekly,D,free_choice_centaur,11,0.35543158059916435,0.3256513302132415,0.38511923175754703
year 1 weekly,D,free_choice_centaur,12,0.34943034723267824,0.3176037651989443,0.3815502082447711
year 1 weekly,D,free_choice_centaur,13,0.3434971125726054,0.3092884003804018,0.3779134019337091
year 1 weekly,D,free_choice_centaur,14,0.3376477011224466,0.3014513941372475,0.3742508932651573
year 1 weekly,D,free_choice_centaur,15,0.3345309341856421,0.29628529274603543,0.37298498621976683
year 1 weekly,D,free_choice_centaur,16,0.3296674181679698,0.2894565277920732,0.37025330747361723
year 1 weekly,D,free_choice_centaur,17,0.3265823115662437,0.2848251452518029,0.3691461456802072
year 1 weekly,D,free_choice_centaur,18,0.32350273212081876,0.279908669712229,0.36861448012376274
year 1 weekly,D,free_choice_centaur,19,0.3215572583196454,0.2764171852368048,0.3690338931546422
year 1 weekly,D,free_choice_centaur,20,0.32178223767749226,0.2748488833734954,0.3719535409472374
year 1 weekly,D,free_choice_centaur,21,0.3151582546618881,0.26717521521794024,0.3668200321419453
year 1 weekly,D,free_choice_centaur,22,0.3098554405190961,0.260064884475081,0.36307246150679723
year 1 weekly,D,free_choice_centaur,23,0.30467954789424917,0.25348904406417394,0.3593806339355374
year 1 weekly,D,free_choice_centaur,24,0.2996219360652172,0.24710839233767357,0.3556827038116069
year 1 weekly,D,free_choice_centaur,25,0.2971063925049212,0.2435658076784668,0.3551875069844823
year 1 weekly,D,free_choice_centaur,26,0.29303271246902146,0.2382978092637043,0.3529041670319149
year 1 weekly,D,free_choice_centaur,27,0.29062218432690134,0.234932609805946,0.3523577610037072
year 1 weekly,D,free_choice_centaur,28,0.28823717692323164,0.2315739019068791,0.3512816205469571
year 1 weekly,D,free_choice_centaur,29,0.2869390416689586,0.22868240070934784,0.3511411079421892
year 1 weekly,D,free_choice_centaur,30,0.2877222176640814,0.2282692541388298,0.3540588028987609
year 1 weekly,D,free_choice_centaur,31,0.28203216513661233,0.22176505821706996,0.3487912099663516
year 1 weekly,D,free_choice_centaur,32,0.27757791304942825,0.21664833601098618,0.34527847983340754
year 1 weekly,D,free_choice_centaur,33,0.2732309118865732,0.21148680916812476,0.3414834409329239
year 1 weekly,D,free_choice_centaur,34,0.26899790083238423,0.20660950028535582,0.33788514157190674
year 1 weekly,D,free_choice_centaur,35,0.26718151043388,0.20360047147576657,0.33727098749885887
year 1 weekly,D,free_choice_centaur,36,0.26385077083121516,0.1996493082111811,0.334750032454158
year 1 weekly,D,free_choice_centaur,37,0.26212389437395445,0.19745249002192658,0.3341890954666279
year 1 weekly,D,free_choice_centaur,38,0.26042219052991056,0.19497377135206254,0.33355790326911755
year 1 weekly,D,free_choice_centaur,39,0.25975292220781665,0.19356360594451025,0.334301553123942
year 1 weekly,D,free_choice_centaur,40,0.2611017410529228,0.1938733608473676,0.3358763518015168
yearly,D,traditional,0,0.392629353642237,0.3856001509263069,0.3990797619768685
yearly,D,traditional,1,0.22894830307694275,0.16782750297154375,0.2987887429431492
yearly,D,traditional,2,0.17053215310736897,0.10072572646710266,0.2530008688538462
yearly,D,traditional,3,0.15468168458850384,0.08449024705626125,0.2412703715799108
yearly,D,traditional,4,0.15505995987007024,0.0788294652088149,0.24210303816976217
yearly,D,traditional,5,0.16293800345855106,0.08017180960676516,0.26163587949687334
yearly,D,traditional,6,0.17519264814529092,0.0845300717380913,0.28469068632690187
yearly,D,traditional,7,0.19076720637891875,0.08900479675017973,0.31926670489351566
yearly,D,traditional,8,0.2090246141720698,0.09249271763401018,0.3620836311150457
yearly,D,traditional,9,0.22969775704791282,0.09673954586315803,0.40822823702834216
yearly,D,traditional,10,0.25240809231547634,0.09905119835194431,0.45482938692721286
yearly,D,scaffolding_rapid,0,0.392629353642237,0.3856001509263069,0.3990797619768685
yearly,D,scaffolding_rapid,1,0.19273279769521642,0.13632505822197538,0.25600581997902644
yearly,D,scaffolding_rapid,2,0.11908260353848504,0.06571636694293542,0.18504540161026892
yearly,D,scaffolding_rapid,3,0.09541402364182383,0.04397988058329636,0.16531480463243328
yearly,D,scaffolding_rapid,4,0.0908128974823214,0.03824552682739924,0.15987392818289356
yearly,D,scaffolding_rapid,5,0.09465371959117606,0.03716593177463392,0.1699562058440777
yearly,D,scaffolding_rapid,6,0.10314402625667637,0.038682546265563965,0.1890521600774055
yearly,D,scaffolding_rapid,7,0.11500017588336175,0.03919729678432654,0.2191569032158607
yearly,D,scaffolding_rapid,8,0.12961374131106512,0.04336773888361378,0.25515313083841196
yearly,D,scaffolding_rapid,9,0.14675438706976865,0.04530656768400573,0.29674421212029717
yearly,D,scaffolding_rapid,10,0.16618569144395262,0.0478198668579009,0.3488656856314813
yearly,D,scaffolding_nofade,0,0.392629353642237,0.3856001509263069,0.3990797619768685
yearly,D,scaffolding_nofade,1,0.22359487714545098,0.1628439684803959,0.2924171105999362
yearly,D,scaffolding_nofade,2,0.16335429434766294,0.0968754262359657,0.24380780875823466
yearly,D,scaffolding_nofade,3,0.14628750493020123,0.07994064393487198,0.2288666506351957
yearly,D,scaffolding_nofade,4,0.14546631177330452,0.07487881805059665,0.22725193093565824
yearly,D,scaffolding_nofade,5,0.1520031991988429,0.07528953208130625,0.243447960644194
yearly,D,scaffolding_nofade,6,0.16271224376716825,0.0786729942737349,0.26626597180139894
yearly,D,scaffolding_nofade,7,0.1765446683410676,0.08308771714230276,0.2965583739895006
yearly,D,scaffolding_nofade,8,0.19288972525492057,0.08617409426542365,0.3330465171079028
yearly,D,scaffolding_nofade,9,0.21150695276993234,0.08946016563268973,0.37918776014363703
yearly,D,scaffolding_nofade,10,0.23208240764825389,0.09312310958534206,0.419054711851195
yearly,D,substitution,0,0.392629353642237,0.3856001509263069,0.3990797619768685
yearly,D,substitution,1,0.3271976397064902,0.24629873463120874,0.41529533198887014
yearly,D,substitution,2,0.3076657976217357,0.20135297384182693,0.4208854416880606
yearly,D,substitution,3,0.31359094628642686,0.19698933994716347,0.431958601684659
yearly,D,substitution,4,0.32952540231021615,0.20091356860170526,0.45951052140016696
yearly,D,substitution,5,0.35041392674169464,0.21320040158328327,0.4926175596852983
yearly,D,substitution,6,0.3742804735984044,0.22105581488939607,0.5352898830955451
yearly,D,substitution,7,0.40030057069349106,0.22900388807286148,0.5743699878520786
yearly,D,substitution,8,0.4276510716833189,0.23723242324796454,0.6175649010488442
yearly,D,substitution,9,0.45607752104679217,0.2452298618325079,0.6648111394656726
yearly,D,substitution,10,0.4848937900521185,0.2541069548885938,0.7123548457204618
yearly,D,free_choice,0,0.392629353642237,0.3856001509263069,0.3990797619768685
yearly,D,free_choice,1,0.24627159077159502,0.1811278536563836,0.32131864369695695
yearly,D,free_choice,2,0.1926339979735993,0.11445158442226347,0.28592916358559745
yearly,D,free_choice,3,0.17917565907106778,0.09774013358051822,0.27904407539028236
yearly,D,free_choice,4,0.181636907940151,0.09273266455571867,0.2821442882840494
yearly,D,free_choice,5,0.19167140453200512,0.0942145653999643,0.3064297602296994
yearly,D,free_choice,6,0.20626125785819607,0.09865664174444208,0.3331983550159029
yearly,D,free_choice,7,0.22434132357208933,0.1037013020615085,0.3701049657066969
yearly,D,free_choice,8,0.24517312819135118,0.11029727251671768,0.41453164486096483
yearly,D,free_choice,9,0.26841391564645833,0.1131901318952566,0.469061653689876
yearly,D,free_choice,10,0.29359136711599154,0.11662916450541196,0.5187682908746282
yearly,D,free_choice_centaur,0,0.392629353642237,0.3856001509263069,0.3990797619768685
yearly,D,free_choice_centaur,1,0.2611017410529228,0.1938733608473676,0.3358763518015168
yearly,D,free_choice_centaur,2,0.2158944295076609,0.13380030551224012,0.3103926389396411
yearly,D,free_choice_centaur,3,0.20702120531684912,0.1208744971945945,0.3066300559767257
yearly,D,free_choice_centaur,4,0.21205261002807654,0.11771513173437552,0.3137214598624328
yearly,D,free_choice_centaur,5,0.2236936609613532,0.12025006772015705,0.33911045004796037
yearly,D,free_choice_centaur,6,0.23937111497492042,0.12582043374257298,0.3660738807910889
yearly,D,free_choice_centaur,7,0.25813626141453777,0.1324548200197413,0.4040381599705182
yearly,D,free_choice_centaur,8,0.2792813410811731,0.1389930681023067,0.448148480515505
yearly,D,free_choice_centaur,9,0.3025149868248909,0.1435403614704317,0.4971272300700703
yearly,D,free_choice_centaur,10,0.32730210816330046,0.14823207557654255,0.5432905129939672
