scenario,a,e,o,f,median_G,mean,n,lo90,hi90,lo95,hi95,share_beneficial_eps0.01,class_eps0.01,share_beneficial_eps0.02,class_eps0.02,share_beneficial_eps0.05,class_eps0.05
grid_o0.00_a0.10_e0.00,0.1,0.0,0.0,0.0,-0.009191745863064885,-0.009643383756028794,100,-0.01617805453203372,-0.003940550845728826,-0.017657866656851443,-0.0031677633554728782,0.0,neutral,0.0,neutral,0.0,neutral
grid_o0.00_a0.10_e0.17,0.1,0.167,0.0,0.0,-0.008666158519474054,-0.009125545728492217,100,-0.015357421591603094,-0.003906366807192754,-0.01654096551591814,-0.0031082617218867814,0.0,neutral,0.0,neutral,0.0,neutral
grid_o0.00_a0.10_e0.33,0.1,0.333,0.0,0.0,-0.00817898362874539,-0.00850543251331518,100,-0.014338372444382947,-0.0038061586239285863,-0.01521771162471851,-0.003038166261461778,0.0,neutral,0.0,neutral,0.0,neutral
grid_o0.00_a0.10_e0.50,0.1,0.5,0.0,0.0,-0.007612365629864063,-0.00778036087550015,100,-0.012776856325647871,-0.0036569900458946,-0.013898940499255902,-0.0029463260854914308,0.0,neutral,0.0,neutral,0.0,neutral
grid_o0.00_a0.10_e0.67,0.1,0.667,0.0,0.0,-0.00694864848286204,-0.006976394128346295,100,-0.011942783981334606,-0.0031504119600151374,-0.012466822277329254,-0.002580691590159277,0.0,neutral,0.0,neutral,0.0,neutral
grid_o0.00_a0.10_e0.83,0.1,0.833,0.0,0.0,-0.006212080409807022,-0.006133459907029133,100,-0.01052782209926926,-0.0028497959280728894,-0.011413928273092445,-0.002145455436869086,0.0,neutral,0.0,neutral,0.0,neutral
grid_o0.00_a0.10_e1.00,0.1,1.0,0.0,0.0,-0.005494921206239562,-0.005290909751800898,100,-0.00894820175049526,-0.002393008806038527,-0.010458636427762878,-0.0012594107674235894,0.0,neutral,0.0,neutral,0.0,neutral
grid_o0.00_a0.25_e0.00,0.25,0.0,0.0,0.0,-0.0035539000583482807,-0.0036646297967438636,100,-0.006102045873586355,-0.001452144413873421,-0.006690582278874405,-0.0012034549856374866,0.0,neutral,0.0,neutral,0.0,neutral
grid_o0.00_a0.25_e0.17,0.25,0.167,0.0,0.0,-0.003075638770603964,-0.0031635139184833976,100,-0.005164557890041128,-0.0014205026679539857,-0.005642862453151989,-0.001150772397188313,0.0,neutral,0.0,neutral,0.0,neutral
grid_o0.00_a0.25_e0.33,0.25,0.333,0.0,0.0,-0.002637466325125384,-0.0025768794820834585,100,-0.0042357102197841745,-0.0011994055518130403,-0.004547550497212337,-0.0009930478024294351,0.0,neutral,0.0,neutral,0.0,neutral
grid_o0.00_a0.25_e0.50,0.25,0.5,0.0,0.0,-0.0019904576245257394,-0.0018884819960848056,100,-0.003198108958045726,-0.0008203532882606271,-0.0037159634599421027,0.00010255054003563142,0.0,neutral,0.0,neutral,0.0,neutral
grid_o0.00_a0.25_e0.67,0.25,0.667,0.0,0.0,-0.001420522750332675,-0.0011270728546795207,100,-0.0024073448075454945,0.0007095389067556463,-0.002808609209672774,0.002132217174589477,0.0,neutral,0.0,neutral,0.0,neutral
grid_o0.00_a0.25_e0.83,0.25,0.833,0.0,0.0,-0.0008816161054286632,-0.00031903726236132184,100,-0.0019382600166040912,0.002802993832614954,-0.0020254851230818373,0.004088653135347166,0.01,neutral,0.0,neutral,0.0,neutral
grid_o0.00_a0.25_e1.00,0.25,1.0,0.0,0.0,-0.00038645483079310385,0.00048622953397822104,100,-0.0015309567545385133,0.00458843829704251,-0.0017590410618156644,0.005903208854419145,0.01,neutral,0.0,neutral,0.0,neutral
grid_o0.00_a0.40_e0.00,0.4,0.0,0.0,0.0,0.001702144667961656,0.0017438949015781016,100,0.0006778855238562135,0.0029576221091213097,0.000587354988582017,0.003163635868182426,0.0,neutral,0.0,neutral,0.0,neutral
grid_o0.00_a0.40_e0.17,0.4,0.167,0.0,0.0,0.0020494078212700286,0.0022170766473236887,100,0.0007872437078411566,0.004101303676400276,0.0006343313027715927,0.004482496899817816,0.0,neutral,0.0,neutral,0.0,neutral
grid_o0.00_a0.40_e0.33,0.4,0.333,0.0,0.0,0.002354648583709049,0.0027833255293149358,100,0.0008605261896523911,0.005578535027448718,0.0006699350887130322,0.006220423008104066,0.0,neutral,0.0,neutral,0.0,neutral
grid_o0.00_a0.40_e0.50,0.4,0.5,0.0,0.0,0.002776645138379953,0.003450310200892693,100,0.0009315670373866923,0.007231714373660352,0.0007501256081931836,0.007985003987448887,0.01,neutral,0.0,neutral,0.0,neutral
grid_o0.00_a0.40_e0.67,0.4,0.667,0.0,0.0,0.0033917323141278762,0.004182603919675746,100,0.0010252259306228124,0.008984429491553285,0.0008093440210574202,0.009898740465878018,0.03,neutral,0.0,neutral,0.0,neutral
grid_o0.00_a0.40_e0.83,0.4,0.833,0.0,0.0,0.003922016007164641,0.004950796895177163,100,0.0010950266189935778,0.010793911888751397,0.0008962591622961351,0.011795490959454704,0.09,neutral,0.01,neutral,0.0,neutral
grid_o0.00_a0.40_e1.00,0.4,1.0,0.0,0.0,0.00456495593157585,0.005716801392300141,100,0.001166158644449829,0.012547061683691584,0.000985184225132811,0.01373833745299275,0.14,neutral,0.01,neutral,0.0,neutral
grid_o0.00_a0.55_e0.00,0.55,0.0,0.0,0.0,0.006116751050623892,0.006611209193688299,100,0.0027108086012971495,0.01090674734265433,0.0021840168319937816,0.012133947499269831,0.11,neutral,0.0,neutral,0.0,neutral
grid_o0.00_a0.55_e0.17,0.55,0.167,0.0,0.0,0.006557183081623228,0.007062027664485793,100,0.002740106535542071,0.012068453572443889,0.0022289801542549345,0.01367676862833268,0.18,neutral,0.0,neutral,0.0,neutral
grid_o0.00_a0.55_e0.33,0.55,0.333,0.0,0.0,0.007099129431825817,0.007606505090786682,100,0.002803692143235046,0.013657170399568774,0.002295155466132379,0.014983985090604965,0.23,neutral,0.0,neutral,0.0,neutral
grid_o0.00_a0.55_e0.50,0.55,0.5,0.0,0.0,0.007554345217500423,0.008242036542123613,100,0.0028801283857955162,0.015115173247156404,0.0023570602935179467,0.016458260389534116,0.27,neutral,0.02,neutral,0.0,neutral
grid_o0.00_a0.55_e0.67,0.55,0.667,0.0,0.0,0.008027915775580676,0.008947506020002322,100,0.0029310785205608155,0.0166503175411701,0.0024703277957200532,0.018425063043756747,0.39,neutral,0.02,neutral,0.0,neutral
grid_o0.00_a0.55_e0.83,0.55,0.833,0.0,0.0,0.0085023254073716,0.009674855962170551,100,0.002996529781969397,0.018417090702653342,0.0025532344349610105,0.020775414832762486,0.44,neutral,0.04,neutral,0.0,neutral
grid_o0.00_a0.55_e1.00,0.55,1.0,0.0,0.0,0.009027987748206383,0.010411937990178512,100,0.003107509529575604,0.02003736996476513,0.0026664400997728644,0.02297841113800482,0.46,neutral,0.05,neutral,0.0,neutral
grid_o0.00_a0.70_e0.00,0.7,0.0,0.0,0.0,0.010206451812684815,0.010975598521022714,100,0.004438246395187343,0.01811023440863164,0.0036858527285746597,0.020499505556221785,0.52,beneficial,0.04,neutral,0.0,neutral
grid_o0.00_a0.70_e0.17,0.7,0.167,0.0,0.0,0.010594075483626553,0.011405578409703092,100,0.004460256532731303,0.01934101054225146,0.0037415763935834344,0.0217994562671276,0.54,beneficial,0.05,neutral,0.0,neutral
grid_o0.00_a0.70_e0.33,0.7,0.333,0.0,0.0,0.011147244899189687,0.011935673955295451,100,0.004498344047956337,0.0207082952631439,0.003810130848494972,0.023006475429252955,0.55,beneficial,0.07,neutral,0.0,neutral
grid_o0.00_a0.70_e0.50,0.7,0.5,0.0,0.0,0.011673001170109174,0.012538498704126527,100,0.004570179835020713,0.02279715972832815,0.0038854010879838057,0.024452749876922433,0.6,beneficial,0.12,neutral,0.0,neutral
grid_o0.00_a0.70_e0.67,0.7,0.667,0.0,0.0,0.012096415409084937,0.013211215561663206,100,0.004632346121278853,0.024519240026223455,0.003973088735342067,0.026079668528822136,0.62,beneficial,0.17,neutral,0.0,neutral
grid_o0.00_a0.70_e0.83,0.7,0.833,0.0,0.0,0.012614978302241224,0.013911928619431626,100,0.0047122812640579765,0.02568031191334982,0.004055316670285284,0.027908084358182355,0.63,beneficial,0.2,neutral,0.0,neutral
grid_o0.00_a0.70_e1.00,0.7,1.0,0.0,0.0,0.013145487310172593,0.014616451275757258,100,0.004783757396368036,0.02704764109487438,0.004138843879354341,0.03004610760902788,0.63,beneficial,0.22,neutral,0.0,neutral
grid_o0.00_a0.85_e0.00,0.85,0.0,0.0,0.0,0.01392193357345034,0.014813813013642492,100,0.005898507215845577,0.0250412088016045,0.004966475960057539,0.02811173670660482,0.75,beneficial,0.22,neutral,0.0,neutral
grid_o0.00_a0.85_e0.17,0.85,0.167,0.0,0.0,0.014291439701918561,0.015232781024966916,100,0.005935532265260037,0.0261805611703728,0.00503056484263093,0.029277179274933843,0.77,beneficial,0.23,neutral,0.0,neutral
grid_o0.00_a0.85_e0.33,0.85,0.333,0.0,0.0,0.014790630625269478,0.015736482691804655,100,0.005980753957950293,0.027478099112570174,0.005097135725195158,0.030412159348689707,0.79,beneficial,0.25,neutral,0.0,neutral
grid_o0.00_a0.85_e0.50,0.85,0.5,0.0,0.0,0.015208104697648578,0.0163187346593146,100,0.006055723083410548,0.0287857769670002,0.005166222104235843,0.03183006008611519,0.79,beneficial,0.28,neutral,0.0,neutral
grid_o0.00_a0.85_e0.67,0.85,0.667,0.0,0.0,0.01571376274813375,0.016960312514168775,100,0.006106251531411468,0.0310016596555924,0.0052347432184929685,0.03328950613183322,0.81,beneficial,0.32,neutral,0.0,neutral
grid_o0.00_a0.85_e0.83,0.85,0.833,0.0,0.0,0.016193648281344522,0.01761999235342669,100,0.006183014639260908,0.03298609634540485,0.005310979758585609,0.03488886561075668,0.82,beneficial,0.38,neutral,0.0,neutral
grid_o0.00_a0.85_e1.00,0.85,1.0,0.0,0.0,0.01666148138192449,0.01828398216854699,100,0.0062431717871099185,0.03401298931817893,0.005393612729253669,0.036475464034053266,0.83,beneficial,0.39,neutral,0.01,neutral
grid_o0.00_a1.00_e0.00,1.0,0.0,0.0,0.0,0.017100692685101414,0.018159355205261872,100,0.007333117833800019,0.031030241399536224,0.006088743166530884,0.03459231373687461,0.85,beneficial,0.41,neutral,0.0,neutral
grid_o0.00_a1.00_e0.17,1.0,0.167,0.0,0.0,0.017518735628924437,0.01856434151236395,100,0.007354216259729188,0.03212369990525907,0.006137031313058315,0.0356287296605102,0.85,beneficial,0.44,neutral,0.0,neutral
grid_o0.00_a1.00_e0.33,1.0,0.333,0.0,0.0,0.01797826568934978,0.01904225697259353,100,0.007410530872994333,0.033271391810653694,0.006194554980138543,0.036703625976088866,0.86,beneficial,0.46,neutral,0.0,neutral
grid_o0.00_a1.00_e0.50,1.0,0.5,0.0,0.0,0.018398953545417054,0.019597809016952527,100,0.007458885344898584,0.03461962763986434,0.006257393952874195,0.03808987157646346,0.86,beneficial,0.47,neutral,0.0,neutral
grid_o0.00_a1.00_e0.67,1.0,0.667,0.0,0.0,0.018786357732418928,0.020215271416757597,100,0.007525934618745921,0.03613023979627739,0.006331027793375385,0.03951862029626492,0.87,beneficial,0.48,neutral,0.0,neutral
grid_o0.00_a1.00_e0.83,1.0,0.833,0.0,0.0,0.01917642399148963,0.020854457046457407,100,0.007570284626650398,0.038226337486393376,0.006419526619099562,0.04104541606069492,0.87,beneficial,0.49,neutral,0.02,neutral
grid_o0.00_a1.00_e1.00,1.0,1.0,0.0,0.0,0.019627376690132266,0.021494890330647907,100,0.007633943415335274,0.04026896951377668,0.006496407871212018,0.04257127041779825,0.87,beneficial,0.5,neutral,0.02,neutral
grid_o0.50_a0.10_e0.00,0.1,0.0,0.5,0.0,-0.09445924367816155,-0.0906126318508484,100,-0.11670777898274998,-0.05738533359496244,-0.11888694080732544,-0.054424185850627825,0.0,harmful,0.0,harmful,0.0,harmful
grid_o0.50_a0.10_e0.17,0.1,0.167,0.5,0.0,-0.09021873821020138,-0.08673154133925244,100,-0.1111443131272653,-0.05533804701976943,-0.1132193318314132,-0.05244639610972714,0.0,harmful,0.0,harmful,0.0,harmful
grid_o0.50_a0.10_e0.33,0.1,0.333,0.5,0.0,-0.08479584968481019,-0.08198576762051657,100,-0.1046341337241506,-0.05235815923507272,-0.10610565229944897,-0.05022394156647208,0.0,harmful,0.0,harmful,0.0,harmful
grid_o0.50_a0.10_e0.50,0.1,0.5,0.5,0.0,-0.07894795236225736,-0.07635946447562858,100,-0.09556314816628227,-0.049011781816821025,-0.09798135676772593,-0.04762608207426784,0.0,harmful,0.0,harmful,0.0,harmful
grid_o0.50_a0.10_e0.67,0.1,0.667,0.5,0.0,-0.07227418565217722,-0.06999588591377155,100,-0.08658499740481221,-0.04561137334391754,-0.08833844996457163,-0.0446171701885612,0.0,harmful,0.0,harmful,0.0,harmful
grid_o0.50_a0.10_e0.83,0.1,0.833,0.5,0.0,-0.06497470789068457,-0.06318668422900371,100,-0.07752138235955276,-0.042247265792955804,-0.07847954256108049,-0.041226091236936525,0.0,harmful,0.0,harmful,0.0,harmful
grid_o0.50_a0.10_e1.00,0.1,1.0,0.5,0.0,-0.05813895630673292,-0.05621952713910911,100,-0.06817436049862823,-0.03892516119807824,-0.0696092945240996,-0.03696560992943817,0.0,harmful,0.0,harmful,0.0,harmful
grid_o0.50_a0.25_e0.00,0.25,0.0,0.5,0.0,-0.08855118016911191,-0.08531078009056048,100,-0.10924518501738595,-0.05463110993892904,-0.11095899028284967,-0.052080469395031595,0.0,harmful,0.0,harmful,0.0,harmful
grid_o0.50_a0.25_e0.17,0.25,0.167,0.5,0.0,-0.08429890196089593,-0.0813119203556642,100,-0.10357652898766564,-0.052161143154503035,-0.10477230932425471,-0.050093925002084864,0.0,harmful,0.0,harmful,0.0,harmful
grid_o0.50_a0.25_e0.33,0.25,0.333,0.5,0.0,-0.0792612104445375,-0.07647125425289868,100,-0.096359265732212,-0.04952368712873754,-0.09744758190126221,-0.047815709928536496,0.0,harmful,0.0,harmful,0.0,harmful
grid_o0.50_a0.25_e0.50,0.25,0.5,0.5,0.0,-0.07323811904485936,-0.07078392824274182,100,-0.08760681833246557,-0.046228759642661856,-0.08930623529131204,-0.04527579322136884,0.0,harmful,0.0,harmful,0.0,harmful
grid_o0.50_a0.25_e0.67,0.25,0.667,0.5,0.0,-0.06624581413925384,-0.06435982182813889,100,-0.07788839570847048,-0.04288792824581592,-0.07953308902058909,-0.042165115079572164,0.0,harmful,0.0,harmful,0.0,harmful
grid_o0.50_a0.25_e0.83,0.25,0.833,0.5,0.0,-0.05934224914911014,-0.057533492551808105,100,-0.06859874903489356,-0.040258344980403045,-0.07045964333702992,-0.03861939733584252,0.0,harmful,0.0,harmful,0.0,harmful
grid_o0.50_a0.25_e1.00,0.25,1.0,0.5,0.0,-0.05160757194129624,-0.0504713034325143,100,-0.06110647702921223,-0.03631802985441072,-0.06145294419068466,-0.03226935738329641,0.0,harmful,0.0,harmful,0.0,harmful
grid_o0.50_a0.40_e0.00,0.4,0.0,0.5,0.0,-0.08364392270706503,-0.08029636861858774,100,-0.1001077593591042,-0.052110411560671935,-0.10374209708358147,-0.04996623687233027,0.0,harmful,0.0,harmful,0.0,harmful
grid_o0.50_a0.40_e0.17,0.4,0.167,0.5,0.0,-0.07896319363528989,-0.07625102200700634,100,-0.09370484548620302,-0.049659836810194806,-0.0975921802681485,-0.0478825249189216,0.0,harmful,0.0,harmful,0.0,harmful
grid_o0.50_a0.40_e0.33,0.4,0.333,0.5,0.0,-0.07384495442452259,-0.07136938081560733,100,-0.08646508234781702,-0.04694767303717764,-0.09024206000873597,-0.04562432676218792,0.0,harmful,0.0,harmful,0.0,harmful
grid_o0.50_a0.40_e0.50,0.4,0.5,0.5,0.0,-0.06758262951579125,-0.06562640004057221,100,-0.0804331453796821,-0.0436933524533813,-0.08135142481176871,-0.043165088418952995,0.0,harmful,0.0,harmful,0.0,harmful
grid_o0.50_a0.40_e0.67,0.4,0.667,0.5,0.0,-0.06072155615532193,-0.059185135058069174,100,-0.07025860213695746,-0.04084943508515109,-0.07273477847610563,-0.039775705787379295,0.0,harmful,0.0,harmful,0.0,harmful
grid_o0.50_a0.40_e0.83,0.4,0.833,0.5,0.0,-0.05436353139253479,-0.05229157428892075,100,-0.062288254049613204,-0.03718523150953735,-0.06306194604635638,-0.03468682277154317,0.0,harmful,0.0,harmful,0.0,harmful
grid_o0.50_a0.40_e1.00,0.4,1.0,0.5,0.0,-0.04544451216106954,-0.04522226747118457,100,-0.054842765619666486,-0.03390144786770175,-0.05544181287962928,-0.030286109876593557,0.0,harmful,0.0,harmful,0.0,neutral
grid_o0.50_a0.55_e0.00,0.55,0.0,0.5,0.0,-0.07868130596824005,-0.07570112129110067,100,-0.0925087632879479,-0.049818759945289594,-0.09724810559172568,-0.04790509280154447,0.0,harmful,0.0,harmful,0.0,harmful
grid_o0.50_a0.55_e0.17,0.55,0.167,0.5,0.0,-0.07386114820090726,-0.07160206220398886,100,-0.08677291906640029,-0.047429903122923535,-0.09072219174395132,-0.045953384052154406,0.0,harmful,0.0,harmful,0.0,harmful
grid_o0.50_a0.55_e0.33,0.55,0.333,0.5,0.0,-0.06879755782112632,-0.06670707843595874,100,-0.08161224759028485,-0.044618387907073766,-0.08332820490540473,-0.043773876317902236,0.0,harmful,0.0,harmful,0.0,harmful
grid_o0.50_a0.55_e0.50,0.55,0.5,0.5,0.0,-0.06254680046110982,-0.06094482699751755,100,-0.07301028424341292,-0.04169324820044221,-0.07523822271012734,-0.04097397593479943,0.0,harmful,0.0,harmful,0.0,harmful
grid_o0.50_a0.55_e0.67,0.55,0.667,0.5,0.0,-0.05610098722469606,-0.05445399779713187,100,-0.06470429324045807,-0.039284985312912246,-0.0660428628543353,-0.03754879840026751,0.0,harmful,0.0,harmful,0.0,harmful
grid_o0.50_a0.55_e0.83,0.55,0.833,0.5,0.0,-0.04827168957755565,-0.047540158372899155,100,-0.056830949300452606,-0.03510867584418124,-0.05708426432294965,-0.03215426488673349,0.0,harmful,0.0,harmful,0.0,neutral
grid_o0.50_a0.55_e1.00,0.55,1.0,0.5,0.0,-0.04028060516261872,-0.04046111227447389,100,-0.05008677566728942,-0.03171084530639344,-0.05079450105810313,-0.0285997522612746,0.0,harmful,0.0,harmful,0.0,neutral
grid_o0.50_a0.70_e0.00,0.7,0.0,0.5,0.0,-0.07384261085609796,-0.07149103748147988,100,-0.08658666592609972,-0.04778017910031212,-0.09042650506884514,-0.046200460724422555,0.0,harmful,0.0,harmful,0.0,harmful
grid_o0.50_a0.70_e0.17,0.7,0.167,0.5,0.0,-0.06949577052957483,-0.06742027742351263,100,-0.0823457595978886,-0.04539750680471457,-0.08429866284232292,-0.04427520825464294,0.0,harmful,0.0,harmful,0.0,harmful
grid_o0.50_a0.70_e0.33,0.7,0.333,0.5,0.0,-0.06430144358863116,-0.062477766503995724,100,-0.07503174226329007,-0.04261729798991957,-0.07742863496652427,-0.0419606340078772,0.0,harmful,0.0,harmful,0.0,harmful
grid_o0.50_a0.70_e0.50,0.7,0.5,0.5,0.0,-0.058475821799309796,-0.056682436043396824,100,-0.06790124319808286,-0.04011976779274646,-0.06885631190579479,-0.03895507654289203,0.0,harmful,0.0,harmful,0.0,harmful
grid_o0.50_a0.70_e0.67,0.7,0.667,0.5,0.0,-0.05139680077090823,-0.05019852985067756,100,-0.059929490535153215,-0.03638037115375673,-0.06011250681053524,-0.03421352823927655,0.0,harmful,0.0,harmful,0.0,harmful
grid_o0.50_a0.70_e0.83,0.7,0.833,0.5,0.0,-0.043847949853254346,-0.04327736787326739,100,-0.052723035834493476,-0.03303565839505944,-0.053189716132670734,-0.030464991787397092,0.0,harmful,0.0,harmful,0.0,neutral
grid_o0.50_a0.70_e1.00,0.7,1.0,0.5,0.0,-0.03617532588138942,-0.03623569511593739,100,-0.046362944034870734,-0.02723440903473868,-0.047094807800607874,-0.02644076059719837,0.0,harmful,0.0,harmful,0.0,neutral
grid_o0.50_a0.85_e0.00,0.85,0.0,0.5,0.0,-0.06993754176664563,-0.06775633752719998,100,-0.08271156942818979,-0.0460022525466085,-0.08460043781804362,-0.04462900734158019,0.0,harmful,0.0,harmful,0.0,harmful
grid_o0.50_a0.85_e0.17,0.85,0.167,0.5,0.0,-0.06521308773995826,-0.06365593306798309,100,-0.07656160503219647,-0.043597812071232644,-0.07889886763170795,-0.042699434022127114,0.0,harmful,0.0,harmful,0.0,harmful
grid_o0.50_a0.85_e0.33,0.85,0.333,0.5,0.0,-0.06021822694967678,-0.05870205873172825,100,-0.07040665344039682,-0.04095741250965976,-0.07192009226688992,-0.040194649571185986,0.0,harmful,0.0,harmful,0.0,harmful
grid_o0.50_a0.85_e0.50,0.85,0.5,0.5,0.0,-0.053603152795035136,-0.0529062720526277,100,-0.06307570575079643,-0.03890852596773484,-0.06344473990554833,-0.03717033223899581,0.0,harmful,0.0,harmful,0.0,harmful
grid_o0.50_a0.85_e0.67,0.85,0.667,0.5,0.0,-0.047171640755156494,-0.04639175295059987,100,-0.05574896191688461,-0.03457838713966782,-0.056625200267052485,-0.032461615739553765,0.0,harmful,0.0,harmful,0.0,neutral
grid_o0.50_a0.85_e0.83,0.85,0.833,0.5,0.0,-0.03975340936214225,-0.03950519794715088,100,-0.049375165146620846,-0.0297409853596621,-0.05016159039452518,-0.028386699343932183,0.0,harmful,0.0,harmful,0.0,neutral
grid_o0.50_a0.85_e1.00,0.85,1.0,0.5,0.0,-0.03244967237491453,-0.032493851402332116,100,-0.04327154494987059,-0.02234093554703244,-0.04378143835951982,-0.02135191282023224,0.0,harmful,0.0,harmful,0.0,neutral
grid_o0.50_a1.00_e0.00,1.0,0.0,0.5,0.0,-0.06582952180515894,-0.06441983961479093,100,-0.07755067741013881,-0.04440015526239658,-0.07958971042807433,-0.04328369940173874,0.0,harmful,0.0,harmful,0.0,harmful
grid_o0.50_a1.00_e0.17,1.0,0.167,0.5,0.0,-0.06155413383385347,-0.06028390979558976,100,-0.07240039271132466,-0.04180951756846469,-0.07440950935415647,-0.041133300993485056,0.0,harmful,0.0,harmful,0.0,harmful
grid_o0.50_a1.00_e0.33,1.0,0.333,0.5,0.0,-0.05619289543167367,-0.05535613563716473,100,-0.06618292377737985,-0.039843499651778004,-0.06709274640174938,-0.038633705304913,0.0,harmful,0.0,harmful,0.0,harmful
grid_o0.50_a1.00_e0.50,1.0,0.5,0.5,0.0,-0.05020147837730042,-0.04955364329937231,100,-0.05934847626770019,-0.03609290992250634,-0.05991787116867854,-0.03517846746656623,0.0,harmful,0.0,harmful,0.0,harmful
grid_o0.50_a1.00_e0.67,1.0,0.667,0.5,0.0,-0.04342444969967279,-0.0430632102569888,100,-0.05249852534639742,-0.03229579016588427,-0.05358250867953155,-0.030991937491405802,0.0,harmful,0.0,harmful,0.0,neutral
grid_o0.50_a1.00_e0.83,1.0,0.833,0.5,0.0,-0.03624627886014822,-0.036196339656990664,100,-0.04633899109746518,-0.026971076858953155,-0.047444303730622514,-0.024961568375452173,0.0,harmful,0.0,harmful,0.0,neutral
grid_o0.50_a1.00_e1.00,1.0,1.0,0.5,0.0,-0.02895761408584995,-0.029215365886200943,100,-0.04017803467533036,-0.01745514848174842,-0.04112803951096198,-0.015565591712096889,0.0,harmful,0.0,harmful,0.0,neutral
grid_o1.00_a0.10_e0.00,0.1,0.0,1.0,0.0,-0.1946680358268103,-0.1885877171570057,100,-0.22983793580120102,-0.12867441974634622,-0.23913078879638064,-0.11936430419645905,0.0,harmful,0.0,harmful,0.0,harmful
grid_o1.00_a0.10_e0.17,0.1,0.167,1.0,0.0,-0.18457738975678517,-0.17854351062454682,100,-0.21720860544487552,-0.12250502252534208,-0.22540525295090943,-0.11228806488106191,0.0,harmful,0.0,harmful,0.0,harmful
grid_o1.00_a0.10_e0.33,0.1,0.333,1.0,0.0,-0.17181424880859164,-0.1666410291849449,100,-0.20186566219367105,-0.11503549967329149,-0.20839975492265664,-0.10542360393213093,0.0,harmful,0.0,harmful,0.0,harmful
grid_o1.00_a0.10_e0.50,0.1,0.5,1.0,0.0,-0.1586274949235756,-0.15293921381033093,100,-0.18403444341535385,-0.10582935096218357,-0.18947834054749743,-0.09843596156902304,0.0,harmful,0.0,harmful,0.0,harmful
grid_o1.00_a0.10_e0.67,0.1,0.667,1.0,0.0,-0.14233407259120182,-0.1378962945639138,100,-0.16560486652599052,-0.09577039262196028,-0.16996336170899687,-0.09070974298117902,0.0,harmful,0.0,harmful,0.0,harmful
grid_o1.00_a0.10_e0.83,0.1,0.833,1.0,0.0,-0.12644680801719466,-0.12251788654239709,100,-0.14531088758898736,-0.08493435675438601,-0.15140415347677344,-0.08231459695824123,0.0,harmful,0.0,harmful,0.0,harmful
grid_o1.00_a0.10_e1.00,0.1,1.0,1.0,0.0,-0.1101130285941862,-0.10727597297908945,100,-0.12832760419137257,-0.0769719170706689,-0.13114378130521917,-0.07342427032193377,0.0,harmful,0.0,harmful,0.0,harmful
grid_o1.00_a0.25_e0.00,0.25,0.0,1.0,0.0,-0.19196387833817713,-0.1859770575161573,100,-0.2271463304851682,-0.12733734022181947,-0.23583096028194872,-0.11776406066992233,0.0,harmful,0.0,harmful,0.0,harmful
grid_o1.00_a0.25_e0.17,0.25,0.167,1.0,0.0,-0.1806975895222936,-0.17526643579052972,100,-0.21329112612340517,-0.12068465396670394,-0.22095344616822699,-0.11075978030950381,0.0,harmful,0.0,harmful,0.0,harmful
grid_o1.00_a0.25_e0.33,0.25,0.333,1.0,0.0,-0.16818634957611328,-0.16274573216446572,100,-0.19727272738601992,-0.11280857244124003,-0.20276010222819457,-0.10349910690652088,0.0,harmful,0.0,harmful,0.0,harmful
grid_o1.00_a0.25_e0.50,0.25,0.5,1.0,0.0,-0.153021733952819,-0.14841172478757061,100,-0.1784604598746166,-0.10333743677098627,-0.1834738560522212,-0.09609664774420938,0.0,harmful,0.0,harmful,0.0,harmful
grid_o1.00_a0.25_e0.67,0.25,0.667,1.0,0.0,-0.1360712841606526,-0.1329027333240834,100,-0.15831628581513715,-0.09301761858719397,-0.16398437735123755,-0.08800216330351328,0.0,harmful,0.0,harmful,0.0,harmful
grid_o1.00_a0.25_e0.83,0.25,0.833,1.0,0.0,-0.12020339311269962,-0.11712360271284171,100,-0.13770762872744166,-0.0828729365677828,-0.14491618523923128,-0.07956356140022011,0.0,harmful,0.0,harmful,0.0,harmful
grid_o1.00_a0.25_e1.00,0.25,1.0,1.0,0.0,-0.10406921751306285,-0.10160704789174911,100,-0.12122651498690157,-0.07288629432653981,-0.12281545449876412,-0.07046631805396333,0.0,harmful,0.0,harmful,0.0,harmful
grid_o1.00_a0.40_e0.00,0.4,0.0,1.0,0.0,-0.1891778400507711,-0.1833629732164794,100,-0.22400671848891748,-0.1259017657129587,-0.2323186267243394,-0.11630419884955169,0.0,harmful,0.0,harmful,0.0,harmful
grid_o1.00_a0.40_e0.17,0.4,0.167,1.0,0.0,-0.1774006911188889,-0.17211900550256665,100,-0.20921176782010445,-0.11909210575924564,-0.21656826188840453,-0.10900042314877081,0.0,harmful,0.0,harmful,0.0,harmful
grid_o1.00_a0.40_e0.33,0.4,0.333,1.0,0.0,-0.1644844161305562,-0.1590198142250165,100,-0.19265891514659356,-0.11060570840527696,-0.1978377214324633,-0.1017088532254227,0.0,harmful,0.0,harmful,0.0,harmful
grid_o1.00_a0.40_e0.50,0.4,0.5,1.0,0.0,-0.14755062139737157,-0.14415232918072585,100,-0.17291096393418373,-0.1013578737900814,-0.1780128638191977,-0.0940775817014543,0.0,harmful,0.0,harmful,0.0,harmful
grid_o1.00_a0.40_e0.67,0.4,0.667,1.0,0.0,-0.1311403826529336,-0.12823966140178297,100,-0.1508314474701793,-0.09062343235492044,-0.15833525034453072,-0.08550945191105527,0.0,harmful,0.0,harmful,0.0,harmful
grid_o1.00_a0.40_e0.83,0.4,0.833,1.0,0.0,-0.11548566945361566,-0.11208874700345874,100,-0.13175250026174204,-0.08089493843431493,-0.1386374021922059,-0.07706544285253553,0.0,harmful,0.0,harmful,0.0,harmful
grid_o1.00_a0.40_e1.00,0.4,1.0,1.0,0.0,-0.09808427498480363,-0.0964110398061609,100,-0.11494158914550211,-0.06929518608718517,-0.11606277052768343,-0.06623554254007948,0.0,harmful,0.0,harmful,0.0,harmful
grid_o1.00_a0.55_e0.00,0.55,0.0,1.0,0.0,-0.18663127200993399,-0.18082157970884882,100,-0.22066927286114973,-0.12477284183162858,-0.2289677056222197,-0.1149830871599487,0.0,harmful,0.0,harmful,0.0,harmful
grid_o1.00_a0.55_e0.17,0.55,0.167,1.0,0.0,-0.17465626690176256,-0.1690943481604175,100,-0.20571931052215234,-0.11756552614663203,-0.21206887103293293,-0.10746724054290044,0.0,harmful,0.0,harmful,0.0,harmful
grid_o1.00_a0.55_e0.33,0.55,0.333,1.0,0.0,-0.15948499739846417,-0.15547981666150718,100,-0.18885235243819978,-0.10874916077008644,-0.1927719837482397,-0.0999645642730528,0.0,harmful,0.0,harmful,0.0,harmful
grid_o1.00_a0.55_e0.50,0.55,0.5,1.0,0.0,-0.14322665492659398,-0.14016399007264646,100,-0.16814864641249808,-0.09888369476680661,-0.17255017961787772,-0.09185238470397644,0.0,harmful,0.0,harmful,0.0,harmful
grid_o1.00_a0.55_e0.67,0.55,0.667,1.0,0.0,-0.12686024772652993,-0.12389662319464023,100,-0.14467345388743907,-0.08830036851184885,-0.15306635822434786,-0.08316606563256199,0.0,harmful,0.0,harmful,0.0,harmful
grid_o1.00_a0.55_e0.83,0.55,0.833,1.0,0.0,-0.11098763617362456,-0.10750557419234225,100,-0.12658919667884516,-0.0786180887800122,-0.1320343231912316,-0.07479900510692464,0.0,harmful,0.0,harmful,0.0,harmful
grid_o1.00_a0.55_e1.00,0.55,1.0,1.0,0.0,-0.09242946613905388,-0.0917116838389222,100,-0.10978397161607711,-0.0668725791936421,-0.1110774047480253,-0.061902659874022076,0.0,harmful,0.0,harmful,0.0,harmful
grid_o1.00_a0.70_e0.00,0.7,0.0,1.0,0.0,-0.18399691202882687,-0.17843902940715656,100,-0.2177012469601372,-0.12352941319796634,-0.22553904127976762,-0.11367315252592447,0.0,harmful,0.0,harmful,0.0,harmful
grid_o1.00_a0.70_e0.17,0.7,0.167,1.0,0.0,-0.17154535589181102,-0.1662342399863141,100,-0.20196439633482105,-0.11617248940356169,-0.20820960409191078,-0.10609812422990295,0.0,harmful,0.0,harmful,0.0,harmful
grid_o1.00_a0.70_e0.33,0.7,0.333,1.0,0.0,-0.15580599980782378,-0.15220314463610074,100,-0.18466101752696107,-0.10697490532741316,-0.1880668956279459,-0.09828489258373603,0.0,harmful,0.0,harmful,0.0,harmful
grid_o1.00_a0.70_e0.50,0.7,0.5,1.0,0.0,-0.13930992886354593,-0.1365158309522933,100,-0.16335754194958288,-0.09703436130233184,-0.16793376326622977,-0.09005328664581379,0.0,harmful,0.0,harmful,0.0,harmful
grid_o1.00_a0.70_e0.67,0.7,0.667,1.0,0.0,-0.123052632781869,-0.11992905593368514,100,-0.13996643800503147,-0.08611317421667294,-0.14799360946020826,-0.08107402622616593,0.0,harmful,0.0,harmful,0.0,harmful
grid_o1.00_a0.70_e0.83,0.7,0.833,1.0,0.0,-0.10586423423685914,-0.10335679761959597,100,-0.12181511815860775,-0.07485116435627215,-0.12613614462502026,-0.07262162187031578,0.0,harmful,0.0,harmful,0.0,harmful
grid_o1.00_a0.70_e1.00,0.7,1.0,1.0,0.0,-0.0882462983523638,-0.08749038337011728,100,-0.10507617576091037,-0.06482040127877726,-0.10694471691829338,-0.06028875393166732,0.0,harmful,0.0,harmful,0.0,harmful
grid_o1.00_a0.85_e0.00,0.85,0.0,1.0,0.0,-0.1817643316134463,-0.17619291918423538,100,-0.21460554230446713,-0.12235749917132416,-0.22236735994842888,-0.1126981297925537,0.0,harmful,0.0,harmful,0.0,harmful
grid_o1.00_a0.85_e0.17,0.85,0.167,1.0,0.0,-0.1679232832641951,-0.16361628849161394,100,-0.1989191291516855,-0.1148484765784611,-0.20435546376181846,-0.10497172240885538,0.0,harmful,0.0,harmful,0.0,harmful
grid_o1.00_a0.85_e0.33,0.85,0.333,1.0,0.0,-0.1523601020064595,-0.14919854881018177,100,-0.18097150604685447,-0.10543298548513176,-0.18396936712039386,-0.0967418656650373,0.0,harmful,0.0,harmful,0.0,harmful
grid_o1.00_a0.85_e0.50,0.85,0.5,1.0,0.0,-0.1361884075170845,-0.1331804367950184,100,-0.15907107888173436,-0.0951515412555263,-0.16369149565226743,-0.08817460339435913,0.0,harmful,0.0,harmful,0.0,harmful
grid_o1.00_a0.85_e0.67,0.85,0.667,1.0,0.0,-0.11891519223592265,-0.11637996778867818,100,-0.1358518859569146,-0.08417294670243193,-0.1434337696082472,-0.07928917763840458,0.0,harmful,0.0,harmful,0.0,harmful
grid_o1.00_a0.85_e0.83,0.85,0.833,1.0,0.0,-0.10121582338604701,-0.0996780436146823,100,-0.11793378588511198,-0.07155475824408444,-0.12125490102443932,-0.07012820805267433,0.0,harmful,0.0,harmful,0.0,harmful
grid_o1.00_a0.85_e1.00,0.85,1.0,1.0,0.0,-0.0840028432164645,-0.08374186263759248,100,-0.10106875260783744,-0.06295285525394731,-0.10258729922719574,-0.058824964750833174,0.0,harmful,0.0,harmful,0.0,harmful
grid_o1.00_a1.00_e0.00,1.0,0.0,1.0,0.0,-0.17945398286196362,-0.17413464054012337,100,-0.21226120612563718,-0.1215422654667799,-0.21930311413060108,-0.1116429054025638,0.0,harmful,0.0,harmful,0.0,harmful
grid_o1.00_a1.00_e0.17,1.0,0.167,1.0,0.0,-0.1649878637343479,-0.1611675355386141,100,-0.1960876040377449,-0.11365001631507521,-0.20068101462387603,-0.1037179399502652,0.0,harmful,0.0,harmful,0.0,harmful
grid_o1.00_a1.00_e0.33,1.0,0.333,1.0,0.0,-0.14912111929043084,-0.14643184428080183,100,-0.17725958874655584,-0.10413649385758679,-0.18014959882689502,-0.09550677671301551,0.0,harmful,0.0,harmful,0.0,harmful
grid_o1.00_a1.00_e0.50,1.0,0.5,1.0,0.0,-0.1334710070853387,-0.13019448592375563,100,-0.15488636945564938,-0.0936669029339234,-0.15986318424102125,-0.08667569017562042,0.0,harmful,0.0,harmful,0.0,harmful
grid_o1.00_a1.00_e0.67,1.0,0.667,1.0,0.0,-0.11573586373381432,-0.1132011891085499,100,-0.13272417501429332,-0.08220948323050543,-0.13970936427871525,-0.07762709407349833,0.0,harmful,0.0,harmful,0.0,harmful
grid_o1.00_a1.00_e0.83,1.0,0.833,1.0,0.0,-0.09767106086060412,-0.09641335903188299,100,-0.11526328043961383,-0.06974956900117209,-0.11690033107274087,-0.0668132076987552,0.0,harmful,0.0,harmful,0.0,harmful
grid_o1.00_a1.00_e1.00,1.0,1.0,1.0,0.0,-0.08126945447708457,-0.08043230289091996,100,-0.09694286076833297,-0.0613634603038665,-0.0996650068550371,-0.05747004769043968,0.0,harmful,0.0,harmful,0.0,harmful
