scenario,half_life_weeks,lambda_O,network,median_d,prsup,n_draws
substitution,4.0,0.0,Cont,0.1924896653911552,0.5622333333333334,100
substitution,4.0,0.0,Default,4.605915731025564,1.0,100
substitution,4.0,0.0,DorsAttn,-0.630613339332394,0.24056666666666665,100
substitution,4.0,0.0,Limbic,3.424687749205576,1.0,100
substitution,4.0,0.0,SalVentAttn,0.6173915662693191,0.7144666666666667,100
substitution,4.0,0.0,SomMot,3.0225040016189433,0.9999333333333333,100
substitution,4.0,0.0,Vis,3.5760614091177043,1.0,100
substitution,4.0,0.1667,Cont,0.12299984035327463,0.5321,100
substitution,4.0,0.1667,Default,3.0866692519080585,0.9987999999999999,100
substitution,4.0,0.1667,DorsAttn,-0.55636697873017,0.2639666666666667,100
substitution,4.0,0.1667,Limbic,2.1759118819849883,0.9891333333333333,100
substitution,4.0,0.1667,SalVentAttn,0.20097518156423994,0.5656333333333333,100
substitution,4.0,0.1667,SomMot,1.832734825182159,0.9621333333333334,100
substitution,4.0,0.1667,Vis,2.2062981691765913,0.9885333333333334,100
substitution,4.0,0.3333,Cont,0.07252230828482904,0.5158333333333334,100
substitution,4.0,0.3333,Default,2.23138911643063,0.9618666666666666,100
substitution,4.0,0.3333,DorsAttn,-0.5163633173360492,0.2823,100
substitution,4.0,0.3333,Limbic,1.4739248556882445,0.9080666666666667,100
substitution,4.0,0.3333,SalVentAttn,-0.04213164605015417,0.48710000000000003,100
substitution,4.0,0.3333,SomMot,1.1438401690302555,0.8233,100
substitution,4.0,0.3333,Vis,1.4509765274276383,0.8756333333333334,100
substitution,4.0,0.5,Cont,0.03871969249572586,0.5046333333333333,100
substitution,4.0,0.5,Default,1.6974591528653304,0.9053,100
substitution,4.0,0.5,DorsAttn,-0.4879849484213288,0.2968,100
substitution,4.0,0.5,Limbic,1.0194899402119773,0.8094333333333332,100
substitution,4.0,0.5,SalVentAttn,-0.20752350784345241,0.43976666666666664,100
substitution,4.0,0.5,SomMot,0.7252321628669435,0.7241,100
substitution,4.0,0.5,Vis,0.9737813233536252,0.7813333333333334,100
substitution,4.0,0.6667,Cont,0.014822263083316523,0.4978,100
substitution,4.0,0.6667,Default,1.32018470883484,0.8540000000000001,100
substitution,4.0,0.6667,DorsAttn,-0.46396900886949444,0.3072666666666667,100
substitution,4.0,0.6667,Limbic,0.7056471216484126,0.7346666666666667,100
substitution,4.0,0.6667,SalVentAttn,-0.32490750282811715,0.40490000000000004,100
substitution,4.0,0.6667,SomMot,0.4346537049865289,0.6584333333333333,100
substitution,4.0,0.6667,Vis,0.6498396912771385,0.7140666666666666,100
substitution,4.0,0.8333,Cont,-0.002975279370069344,0.4922666666666667,100
substitution,4.0,0.8333,Default,1.0475332180897694,0.8123333333333334,100
substitution,4.0,0.8333,DorsAttn,-0.4428702703651757,0.3151,100
substitution,4.0,0.8333,Limbic,0.4770565034670875,0.6729,100
substitution,4.0,0.8333,SalVentAttn,-0.40927730602724754,0.37810000000000005,100
substitution,4.0,0.8333,SomMot,0.22798362783004114,0.6106,100
substitution,4.0,0.8333,Vis,0.42569447754796963,0.6625,100
substitution,4.0,1.0,Cont,-0.014968863357034852,0.48846666666666666,100
substitution,4.0,1.0,Default,0.843906757928542,0.7767000000000001,100
substitution,4.0,1.0,DorsAttn,-0.43024421103306654,0.3214666666666667,100
substitution,4.0,1.0,Limbic,0.3092992860321335,0.6225,100
substitution,4.0,1.0,SalVentAttn,-0.4727838857332493,0.35700000000000004,100
substitution,4.0,1.0,SomMot,0.07106674944347097,0.5746,100
substitution,4.0,1.0,Vis,0.25145224772323727,0.6209,100
substitution,8.0,0.0,Cont,0.36469558406863267,0.6231333333333333,100
substitution,8.0,0.0,Default,5.3537193702413965,1.0,100
substitution,8.0,0.0,DorsAttn,-0.6382231259290791,0.306,100
substitution,8.0,0.0,Limbic,3.9967825601000926,1.0,100
substitution,8.0,0.0,SalVentAttn,0.6657509977545368,0.6940333333333334,100
substitution,8.0,0.0,SomMot,2.751773256939281,1.0,100
substitution,8.0,0.0,Vis,3.413440017917301,1.0,100
substitution,8.0,0.1667,Cont,0.09376258449384928,0.5391666666666667,100
substitution,8.0,0.1667,Default,3.4529990023388866,0.9998333333333334,100
substitution,8.0,0.1667,DorsAttn,-0.719441788685028,0.28036666666666665,100
substitution,8.0,0.1667,Limbic,2.4447532177046605,0.9953666666666666,100
substitution,8.0,0.1667,SalVentAttn,0.15247232576384454,0.5525333333333333,100
substitution,8.0,0.1667,SomMot,1.5733654128095322,0.9372,100
substitution,8.0,0.1667,Vis,2.0153958639644127,0.9890666666666666,100
substitution,8.0,0.3333,Cont,-0.0685967692403834,0.49229999999999996,100
substitution,8.0,0.3333,Default,2.4226506420176332,0.9674666666666667,100
substitution,8.0,0.3333,DorsAttn,-0.7606946823140839,0.2656,100
substitution,8.0,0.3333,Limbic,1.6373311971995494,0.9217666666666666,100
substitution,8.0,0.3333,SalVentAttn,-0.1381854765033783,0.48373333333333335,100
substitution,8.0,0.3333,SomMot,0.9284926281386952,0.7394,100
substitution,8.0,0.3333,Vis,1.26791836535793,0.8299333333333334,100
substitution,8.0,0.5,Cont,-0.17477894631419938,0.46020000000000005,100
substitution,8.0,0.5,Default,1.775917144436984,0.9033,100
substitution,8.0,0.5,DorsAttn,-0.7868527807533298,0.2555,100
substitution,8.0,0.5,Limbic,1.1131290059433734,0.8195666666666667,100
substitution,8.0,0.5,SalVentAttn,-0.33627742544804745,0.43479999999999996,100
substitution,8.0,0.5,SomMot,0.5264562879933286,0.6428,100
substitution,8.0,0.5,Vis,0.80278969498439,0.7156666666666667,100
substitution,8.0,0.6667,Cont,-0.24881671976801722,0.43616666666666665,100
substitution,8.0,0.6667,Default,1.335872209992424,0.8459333333333333,100
substitution,8.0,0.6667,DorsAttn,-0.8037012122017961,0.24696666666666667,100
substitution,8.0,0.6667,Limbic,0.7535446762514946,0.7375333333333333,100
substitution,8.0,0.6667,SalVentAttn,-0.47236736430968906,0.3974666666666667,100
substitution,8.0,0.6667,SomMot,0.25264950763593974,0.5914666666666667,100
substitution,8.0,0.6667,Vis,0.4796441353220878,0.6487333333333334,100
substitution,8.0,0.8333,Cont,-0.3005036344061788,0.4196333333333333,100
substitution,8.0,0.8333,Default,1.0225339570548782,0.7987000000000001,100
substitution,8.0,0.8333,DorsAttn,-0.8153172489737851,0.24100000000000002,100
substitution,8.0,0.8333,Limbic,0.49826836492481646,0.6757,100
substitution,8.0,0.8333,SalVentAttn,-0.5696788606223373,0.3674,100
substitution,8.0,0.8333,SomMot,0.05330341069912861,0.5559666666666666,100
substitution,8.0,0.8333,Vis,0.25553364681378593,0.6053000000000001,100
substitution,8.0,1.0,Cont,-0.33913912059267315,0.4053666666666667,100
substitution,8.0,1.0,Default,0.791180571209259,0.7611666666666668,100
substitution,8.0,1.0,DorsAttn,-0.8237586320396024,0.2364,100
substitution,8.0,1.0,Limbic,0.31192372869265594,0.628,100
substitution,8.0,1.0,SalVentAttn,-0.6443954440019972,0.3422333333333334,100
substitution,8.0,1.0,SomMot,-0.10278415915323744,0.5253666666666666,100
substitution,8.0,1.0,Vis,0.08362346509967351,0.5720000000000001,100
substitution,13.0,0.0,Cont,0.4125136004264354,0.6338333333333334,100
substitution,13.0,0.0,Default,5.621495961433768,1.0,100
substitution,13.0,0.0,DorsAttn,-0.6139855738608824,0.3516666666666666,100
substitution,13.0,0.0,Limbic,4.215918427638257,1.0,100
substitution,13.0,0.0,SalVentAttn,0.6701879494557352,0.6786333333333333,100
substitution,13.0,0.0,SomMot,2.6181247549862516,1.0,100
substitution,13.0,0.0,Vis,3.3432984485831803,1.0,100
substitution,13.0,0.1667,Cont,0.06507934296723579,0.5428999999999999,100
substitution,13.0,0.1667,Default,3.5576454532747963,0.9999666666666667,100
substitution,13.0,0.1667,DorsAttn,-0.7367992788449891,0.30823333333333336,100
substitution,13.0,0.1667,Limbic,2.5505184862817396,0.9980333333333333,100
substitution,13.0,0.1667,SalVentAttn,0.14081331169976502,0.5477666666666666,100
substitution,13.0,0.1667,SomMot,1.4621533537707714,0.9197333333333333,100
substitution,13.0,0.1667,Vis,1.933989676738094,0.9910333333333334,100
substitution,13.0,0.3333,Cont,-0.1440223921851541,0.4898,100
substitution,13.0,0.3333,Default,2.461564010107515,0.9702333333333333,100
substitution,13.0,0.3333,DorsAttn,-0.8115107694585271,0.2790333333333333,100
substitution,13.0,0.3333,Limbic,1.6852641790297218,0.9251333333333334,100
substitution,13.0,0.3333,SalVentAttn,-0.17191790677410293,0.49016666666666664,100
substitution,13.0,0.3333,SomMot,0.8500193813742365,0.6982666666666667,100
substitution,13.0,0.3333,Vis,1.2104644617370837,0.8027333333333333,100
substitution,13.0,0.5,Cont,-0.27910890390944004,0.4508,100
substitution,13.0,0.5,Default,1.7898561555873131,0.9007,100
substitution,13.0,0.5,DorsAttn,-0.8649060204039822,0.2566333333333333,100
substitution,13.0,0.5,Limbic,1.1272889804572306,0.8133333333333332,100
substitution,13.0,0.5,SalVentAttn,-0.3824084306097545,0.4437,100
substitution,13.0,0.5,SomMot,0.4562893836629806,0.6174000000000001,100
substitution,13.0,0.5,Vis,0.7452164447469862,0.688,100
substitution,13.0,0.6667,Cont,-0.37102997991774955,0.42310000000000003,100
substitution,13.0,0.6667,Default,1.3383190374368858,0.8421,100
substitution,13.0,0.6667,DorsAttn,-0.9000575705208362,0.24136666666666667,100
substitution,13.0,0.6667,Limbic,0.7561660924517162,0.7272666666666667,100
substitution,13.0,0.6667,SalVentAttn,-0.5275417217125731,0.40576666666666666,100
substitution,13.0,0.6667,SomMot,0.1894025589084393,0.5732,100
substitution,13.0,0.6667,Vis,0.42409320989346255,0.629,100
substitution,13.0,0.8333,Cont,-0.4386775320482453,0.39909999999999995,100
substitution,13.0,0.8333,Default,1.0099085651888893,0.7911333333333332,100
substitution,13.0,0.8333,DorsAttn,-0.9247273017525701,0.22906666666666667,100
substitution,13.0,0.8333,Limbic,0.5004580197040347,0.6649666666666667,100
substitution,13.0,0.8333,SalVentAttn,-0.6300712967832203,0.3736333333333334,100
substitution,13.0,0.8333,SomMot,-0.010130541095992882,0.5406333333333333,100
substitution,13.0,0.8333,Vis,0.20936064001383276,0.5893999999999999,100
substitution,13.0,1.0,Cont,-0.4905939225506041,0.38136666666666663,100
substitution,13.0,1.0,Default,0.7642331475537127,0.7516666666666667,100
substitution,13.0,1.0,DorsAttn,-0.9426463893362627,0.21846666666666667,100
substitution,13.0,1.0,Limbic,0.30373378255762795,0.6184333333333334,100
substitution,13.0,1.0,SalVentAttn,-0.7090057907904104,0.3456666666666667,100
substitution,13.0,1.0,SomMot,-0.16581868521649545,0.5145666666666666,100
substitution,13.0,1.0,Vis,0.039086112922581566,0.5595666666666667,100
substitution,20.0,0.0,Cont,0.4392826767953515,0.6338666666666667,100
substitution,20.0,0.0,Default,5.851673947393085,1.0,100
substitution,20.0,0.0,DorsAttn,-0.5863673335144386,0.387,100
substitution,20.0,0.0,Limbic,4.393764434655887,1.0,100
substitution,20.0,0.0,SalVentAttn,0.6818158829224301,0.6721333333333334,100
substitution,20.0,0.0,SomMot,2.5704092076933946,1.0,100
substitution,20.0,0.0,Vis,3.3384679293887984,1.0,100
substitution,20.0,0.1667,Cont,0.05602182437303101,0.5467,100
substitution,20.0,0.1667,Default,3.6498770132223104,1.0,100
substitution,20.0,0.1667,DorsAttn,-0.7355224070886446,0.3304666666666667,100
substitution,20.0,0.1667,Limbic,2.6011511611278593,0.9994,100
substitution,20.0,0.1667,SalVentAttn,0.14025354541205293,0.5491666666666667,100
substitution,20.0,0.1667,SomMot,1.4210835785213152,0.9072333333333333,100
substitution,20.0,0.1667,Vis,1.9034279522055333,0.9940666666666667,100
substitution,20.0,0.3333,Cont,-0.1679091527911821,0.49516666666666664,100
substitution,20.0,0.3333,Default,2.513779111551019,0.9737666666666667,100
substitution,20.0,0.3333,DorsAttn,-0.8242273203711437,0.2920333333333333,100
substitution,20.0,0.3333,Limbic,1.7128093445194006,0.9292,100
substitution,20.0,0.3333,SalVentAttn,-0.18071915724870974,0.49596666666666667,100
substitution,20.0,0.3333,SomMot,0.8144433081405253,0.6800333333333333,100
substitution,20.0,0.3333,Vis,1.1945747264289444,0.7914666666666667,100
substitution,20.0,0.5,Cont,-0.3150637244516008,0.4565666666666667,100
substitution,20.0,0.5,Default,1.807822790096548,0.9020333333333334,100
substitution,20.0,0.5,DorsAttn,-0.8909314789129938,0.26426666666666665,100
substitution,20.0,0.5,Limbic,1.1532301563817784,0.8114,100
substitution,20.0,0.5,SalVentAttn,-0.3992257311424595,0.45343333333333335,100
substitution,20.0,0.5,SomMot,0.4301840003598705,0.6087,100
substitution,20.0,0.5,Vis,0.7311242379188847,0.6798333333333333,100
substitution,20.0,0.6667,Cont,-0.42171070622513834,0.4262666666666666,100
substitution,20.0,0.6667,Default,1.355793465148051,0.8411333333333333,100
substitution,20.0,0.6667,DorsAttn,-0.9379808507074281,0.24316666666666667,100
substitution,20.0,0.6667,Limbic,0.7717566888215263,0.7195333333333334,100
substitution,20.0,0.6667,SalVentAttn,-0.5483898170224488,0.4143333333333333,100
substitution,20.0,0.6667,SomMot,0.1631518416340953,0.5676333333333333,100
substitution,20.0,0.6667,Vis,0.4130078637280702,0.6239333333333333,100
substitution,20.0,0.8333,Cont,-0.5035212475604104,0.4021333333333333,100
substitution,20.0,0.8333,Default,1.0183856576532313,0.7889,100
substitution,20.0,0.8333,DorsAttn,-0.9725632678880289,0.22626666666666664,100
substitution,20.0,0.8333,Limbic,0.5073116555160981,0.6589,100
substitution,20.0,0.8333,SalVentAttn,-0.6539400952332857,0.3814333333333333,100
substitution,20.0,0.8333,SomMot,-0.039608842718735486,0.5384,100
substitution,20.0,0.8333,Vis,0.19307859935043203,0.5864666666666667,100
substitution,20.0,1.0,Cont,-0.5657826791379006,0.38043333333333335,100
substitution,20.0,1.0,Default,0.7635297307785986,0.7475333333333333,100
substitution,20.0,1.0,DorsAttn,-0.9969222089135261,0.21183333333333335,100
substitution,20.0,1.0,Limbic,0.3048393916497607,0.6149333333333333,100
substitution,20.0,1.0,SalVentAttn,-0.7353229500308017,0.3514,100
substitution,20.0,1.0,SomMot,-0.19473568349965856,0.5125333333333333,100
substitution,20.0,1.0,Vis,0.02171099011356792,0.5566333333333333,100
substitution,32.0,0.0,Cont,0.4778636315607514,0.6361666666666667,100
substitution,32.0,0.0,Default,6.144206337601277,1.0,100
substitution,32.0,0.0,DorsAttn,-0.5533827005561223,0.41590000000000005,100
substitution,32.0,0.0,Limbic,4.5492097532812545,1.0,100
substitution,32.0,0.0,SalVentAttn,0.7199341795329823,0.6731333333333334,100
substitution,32.0,0.0,SomMot,2.5763173838877647,1.0,100
substitution,32.0,0.0,Vis,3.3974410036369607,1.0,100
substitution,32.0,0.1667,Cont,0.07301591935377155,0.5569666666666666,100
substitution,32.0,0.1667,Default,3.7548022065566773,1.0,100
substitution,32.0,0.1667,DorsAttn,-0.7220214323963032,0.35423333333333334,100
substitution,32.0,0.1667,Limbic,2.692435444965154,0.9999333333333333,100
substitution,32.0,0.1667,SalVentAttn,0.15875580638097425,0.5581,100
substitution,32.0,0.1667,SomMot,1.419017270012789,0.9063333333333334,100
substitution,32.0,0.1667,Vis,1.9269447850058494,0.9976999999999999,100
substitution,32.0,0.3333,Cont,-0.16677023773956234,0.5075999999999999,100
substitution,32.0,0.3333,Default,2.57221380913953,0.9797,100
substitution,32.0,0.3333,DorsAttn,-0.8233071055089619,0.3094,100
substitution,32.0,0.3333,Limbic,1.7592601454994692,0.9376333333333333,100
substitution,32.0,0.3333,SalVentAttn,-0.1638991363851267,0.5069,100
substitution,32.0,0.3333,SomMot,0.8117186055887353,0.6790666666666667,100
substitution,32.0,0.3333,Vis,1.2093563469106763,0.7940666666666667,100
substitution,32.0,0.5,Cont,-0.3366041528690995,0.4708333333333334,100
substitution,32.0,0.5,Default,1.88795399940091,0.9095666666666666,100
substitution,32.0,0.5,DorsAttn,-0.8961650371426211,0.2735,100
substitution,32.0,0.5,Limbic,1.1977993688199668,0.8163666666666667,100
substitution,32.0,0.5,SalVentAttn,-0.3937583863051384,0.4644,100
substitution,32.0,0.5,SomMot,0.42805413902135203,0.6116333333333334,100
substitution,32.0,0.5,Vis,0.7474527124898566,0.6834,100
substitution,32.0,0.6667,Cont,-0.45437848525738755,0.43939999999999996,100
substitution,32.0,0.6667,Default,1.4249505704361747,0.8481333333333333,100
substitution,32.0,0.6667,DorsAttn,-0.954057467173234,0.24636666666666668,100
substitution,32.0,0.6667,Limbic,0.7968456881865873,0.7226666666666667,100
substitution,32.0,0.6667,SalVentAttn,-0.547603577505773,0.4253,100
substitution,32.0,0.6667,SomMot,0.16311136057947268,0.5719333333333334,100
substitution,32.0,0.6667,Vis,0.42282039110850544,0.6275666666666667,100
substitution,32.0,0.8333,Cont,-0.5402744530140062,0.41186666666666666,100
substitution,32.0,0.8333,Default,1.0807028327940722,0.7957333333333334,100
substitution,32.0,0.8333,DorsAttn,-0.9984330372246304,0.22546666666666668,100
substitution,32.0,0.8333,Limbic,0.5198472731401822,0.6609333333333334,100
substitution,32.0,0.8333,SalVentAttn,-0.6560299400415521,0.39153333333333334,100
substitution,32.0,0.8333,SomMot,-0.04000052144710402,0.5406,100
substitution,32.0,0.8333,Vis,0.20125242603655105,0.5919666666666666,100
substitution,32.0,1.0,Cont,-0.6017281068641547,0.3899666666666667,100
substitution,32.0,1.0,Default,0.8143472153319664,0.7535333333333334,100
substitution,32.0,1.0,DorsAttn,-1.0278565469218832,0.2077,100
substitution,32.0,1.0,Limbic,0.31367023593435844,0.6186666666666667,100
substitution,32.0,1.0,SalVentAttn,-0.7397240076059974,0.35979999999999995,100
substitution,32.0,1.0,SomMot,-0.19545648799520332,0.5168333333333334,100
substitution,32.0,1.0,Vis,0.024069968953433843,0.5615333333333333,100
substitution,52.0,0.0,Cont,0.5401031269069672,0.6487333333333334,100
substitution,52.0,0.0,Default,6.529286741539135,1.0,100
substitution,52.0,0.0,DorsAttn,-0.5015452514699225,0.4407666666666667,100
substitution,52.0,0.0,Limbic,4.812104774124689,1.0,100
substitution,52.0,0.0,SalVentAttn,0.7833920862433068,0.6855666666666668,100
substitution,52.0,0.0,SomMot,2.65396559477837,1.0,100
substitution,52.0,0.0,Vis,3.5383751768945473,1.0,100
substitution,52.0,0.1667,Cont,0.11217260329624343,0.5729,100
substitution,52.0,0.1667,Default,3.9511607779408386,1.0,100
substitution,52.0,0.1667,DorsAttn,-0.6931777770363328,0.3766333333333333,100
substitution,52.0,0.1667,Limbic,2.8587434588781466,1.0,100
substitution,52.0,0.1667,SalVentAttn,0.206411391024901,0.5745666666666667,100
substitution,52.0,0.1667,SomMot,1.4888561227067483,0.9258666666666667,100
substitution,52.0,0.1667,Vis,2.0356343783800437,0.9997333333333333,100
substitution,52.0,0.3333,Cont,-0.14391178408034633,0.5266333333333333,100
substitution,52.0,0.3333,Default,2.7325177327720374,0.9882333333333334,100
substitution,52.0,0.3333,DorsAttn,-0.8093311295703445,0.32603333333333334,100
substitution,52.0,0.3333,Limbic,1.8722193024235576,0.9523333333333334,100
substitution,52.0,0.3333,SalVentAttn,-0.12346918934334339,0.5216,100
substitution,52.0,0.3333,SomMot,0.8626180735503565,0.6939333333333333,100
substitution,52.0,0.3333,Vis,1.274086257353491,0.8127333333333334,100
substitution,52.0,0.5,Cont,-0.3181018426476747,0.4892333333333333,100
substitution,52.0,0.5,Default,1.9988928751042203,0.9236,100
substitution,52.0,0.5,DorsAttn,-0.8911484253685218,0.2874333333333333,100
substitution,52.0,0.5,Limbic,1.2948017451291052,0.8330666666666667,100
substitution,52.0,0.5,SalVentAttn,-0.3551952710919345,0.4784333333333333,100
substitution,52.0,0.5,SomMot,0.46832083902282606,0.6257333333333333,100
substitution,52.0,0.5,Vis,0.8123177767565224,0.7004333333333334,100
substitution,52.0,0.6667,Cont,-0.44149287451276265,0.4578333333333333,100
substitution,52.0,0.6667,Default,1.5182724423954648,0.8634000000000001,100
substitution,52.0,0.6667,DorsAttn,-0.956385960401296,0.2569,100
substitution,52.0,0.6667,Limbic,0.8830116438936884,0.7375,100
substitution,52.0,0.6667,SalVentAttn,-0.5171666470305616,0.4407333333333333,100
substitution,52.0,0.6667,SomMot,0.1919896409082793,0.5842,100
substitution,52.0,0.6667,Vis,0.4720846757290173,0.6412333333333333,100
substitution,52.0,0.8333,Cont,-0.5273819141595139,0.4298,100
substitution,52.0,0.8333,Default,1.1750541289368854,0.8126666666666666,100
substitution,52.0,0.8333,DorsAttn,-1.0047397451492008,0.2323,100
substitution,52.0,0.8333,Limbic,0.5739956394761794,0.6751,100
substitution,52.0,0.8333,SalVentAttn,-0.6342899957292556,0.4052,100
substitution,52.0,0.8333,SomMot,-0.010053134234715114,0.5519666666666666,100
substitution,52.0,0.8333,Vis,0.24839677552745676,0.6047666666666667,100
substitution,52.0,1.0,Cont,-0.5962431094927687,0.4064333333333333,100
substitution,52.0,1.0,Default,0.9058005732675671,0.7699333333333334,100
substitution,52.0,1.0,DorsAttn,-1.0371219110023735,0.21166666666666667,100
substitution,52.0,1.0,Limbic,0.3517810513283934,0.6303333333333333,100
substitution,52.0,1.0,SalVentAttn,-0.7220043917420895,0.37276666666666664,100
substitution,52.0,1.0,SomMot,-0.17180633031247017,0.5263666666666666,100
substitution,52.0,1.0,Vis,0.06525909586303705,0.5750666666666667,100
substitution,104.0,0.0,Cont,0.7034134546860418,0.6815333333333333,100
substitution,104.0,0.0,Default,7.298662214002606,1.0,100
substitution,104.0,0.0,DorsAttn,-0.41821975756540314,0.4732,100
substitution,104.0,0.0,Limbic,5.303607555626259,1.0,100
substitution,104.0,0.0,SalVentAttn,0.9528966572181454,0.7216666666666667,100
substitution,104.0,0.0,SomMot,2.8965226182489525,1.0,100
substitution,104.0,0.0,Vis,3.8997734733141196,1.0,100
substitution,104.0,0.1667,Cont,0.222968447254458,0.6010666666666666,100
substitution,104.0,0.1667,Default,4.513379198687369,1.0,100
substitution,104.0,0.1667,DorsAttn,-0.6409318598570023,0.40523333333333333,100
substitution,104.0,0.1667,Limbic,3.237390169250132,1.0,100
substitution,104.0,0.1667,SalVentAttn,0.32263541294780196,0.6032,100
substitution,104.0,0.1667,SomMot,1.671850969497941,0.9686333333333333,100
substitution,104.0,0.1667,Vis,2.2939634505021855,1.0,100
substitution,104.0,0.3333,Cont,-0.05223324842206951,0.5556,100
substitution,104.0,0.3333,Default,3.1111357579717973,0.9971333333333334,100
substitution,104.0,0.3333,DorsAttn,-0.7776392090402205,0.35153333333333336,100
substitution,104.0,0.3333,Limbic,2.141480813163387,0.977,100
substitution,104.0,0.3333,SalVentAttn,-0.034863506764693936,0.5467666666666667,100
substitution,104.0,0.3333,SomMot,0.9977787425298759,0.7342666666666666,100
substitution,104.0,0.3333,Vis,1.4655664488839624,0.8593000000000001,100
substitution,104.0,0.5,Cont,-0.24557563875341015,0.5181333333333333,100
substitution,104.0,0.5,Default,2.3051755117173602,0.9504333333333334,100
substitution,104.0,0.5,DorsAttn,-0.8635266435770468,0.30760000000000004,100
substitution,104.0,0.5,Limbic,1.4808483139404407,0.8692666666666666,100
substitution,104.0,0.5,SalVentAttn,-0.2721968976530756,0.5024000000000001,100
substitution,104.0,0.5,SomMot,0.5792766487249741,0.6578333333333333,100
substitution,104.0,0.5,Vis,0.9458163202190097,0.7398333333333333,100
substitution,104.0,0.6667,Cont,-0.3841065586700986,0.4858,100
substitution,104.0,0.6667,Default,1.743330517575431,0.8945666666666666,100
substitution,104.0,0.6667,DorsAttn,-0.9327289727536014,0.27283333333333337,100
substitution,104.0,0.6667,Limbic,1.0373964665576327,0.7755333333333333,100
substitution,104.0,0.6667,SalVentAttn,-0.4476768942390686,0.4635333333333333,100
substitution,104.0,0.6667,SomMot,0.2746283899294363,0.6118666666666667,100
substitution,104.0,0.6667,Vis,0.6014411838182814,0.6760666666666667,100
substitution,104.0,0.8333,Cont,-0.4917918265340777,0.4578666666666667,100
substitution,104.0,0.8333,Default,1.3551884701990946,0.8460333333333334,100
substitution,104.0,0.8333,DorsAttn,-0.9839666371347917,0.2441,100
substitution,104.0,0.8333,Limbic,0.7161578818013237,0.7095,100
substitution,104.0,0.8333,SalVentAttn,-0.5717326591403156,0.42700000000000005,100
substitution,104.0,0.8333,SomMot,0.0488964627125307,0.5767,100
substitution,104.0,0.8333,Vis,0.3399351410157603,0.6321666666666667,100
substitution,104.0,1.0,Cont,-0.57402404566481,0.4328333333333333,100
substitution,104.0,1.0,Default,1.0672157236855249,0.8047666666666667,100
substitution,104.0,1.0,DorsAttn,-1.0243086324916757,0.21916666666666668,100
substitution,104.0,1.0,Limbic,0.47912057022702514,0.6617666666666666,100
substitution,104.0,1.0,SalVentAttn,-0.671568697294923,0.3950333333333333,100
substitution,104.0,1.0,SomMot,-0.11628398770894913,0.5471,100
substitution,104.0,1.0,Vis,0.1387888303919057,0.601,100
