scenario,mediator,outcome,year,sc_full_median,sc_held_median,contribution,per_draw_median,per_draw_lo90,per_draw_hi90,per_draw_lo95,per_draw_hi95,small_full_sc
scaffolding_rapid,E,K,10,0.01283661435459529,0.008151064385889157,0.36501446871221044,0.43025190210262054,0.30170014366769216,0.674191627017993,0.29875074822211795,0.7092976444376066,False
scaffolding_rapid,E,R,10,0.10429457938427811,0.09621292745459001,0.07748870533252628,0.06500025322904796,0.03193966602259658,0.11307039970886398,0.02900401963461298,0.1253316195486273,False
scaffolding_rapid,E,M,10,-0.022999565840386163,-0.02253550415123665,0.020176976051201945,0.01270814588433078,-0.029156433696199392,0.027737324197035562,-0.05140602771633103,0.03224209443378546,False
scaffolding_rapid,E,D,10,-0.09152383774304354,-0.08110691850675844,0.11381646020494651,0.07983590737017798,0.036473945256962986,0.15540087756287244,0.035681034775018716,0.16642492302225337,False
scaffolding_rapid,E,unaided,10,0.027938425150193423,0.0222369008024912,0.20407465048769047,0.22898175875063637,0.1490239984368316,0.31400215710644713,0.1442628235617032,0.3376750804546178,False
scaffolding_rapid,E,far,10,0.024098813375716635,0.018219214126286312,0.2439787867461951,0.2086023476289433,0.137552025930322,0.29651663613750995,0.12986466692383034,0.3224342310302858,False
scaffolding_rapid,E,retention,10,0.02418341820467081,0.01888056282192776,0.21927650334057625,0.18892025431198795,0.12515962323275168,0.27927708733759304,0.11142632709169054,0.2980804997619269,False
scaffolding_rapid,E,G,10,0.04651907879492746,0.04092966590964955,0.12015312921216736,0.10707850233986999,0.05887304498588338,0.1802721527538976,0.053516741882592984,0.1989491321949648,False
scaffolding_rapid,F,K,10,0.01283661435459529,0.0048080839601269895,0.6254398685424575,0.6409147289056905,0.2646224411656586,0.8428550363921944,0.19045773862723375,0.8491940706342379,False
scaffolding_rapid,F,R,10,0.10429457938427811,0.08971160373696314,0.13982486657895543,0.08131501127118823,0.033411829434249286,0.18672680849048737,0.020301126860398682,0.20172389570549254,False
scaffolding_rapid,F,M,10,-0.022999565840386163,-0.022972780880629207,0.0011645854509967357,0.0044991720122896095,-0.1297703474922704,0.02803250973822981,-0.16578455428380393,0.0336803599475329,False
scaffolding_rapid,F,D,10,-0.09152383774304354,-0.07298971000136409,0.2025060159050004,0.11673001011512762,0.04221554573387512,0.273239041224571,0.03209677162655741,0.3000673212745796,False
scaffolding_rapid,F,unaided,10,0.027938425150193423,0.016129204024520595,0.42268743002470455,0.34502153235694283,0.1764290041372313,0.5599034901423684,0.1267138247637821,0.5711860836198513,False
scaffolding_rapid,F,far,10,0.024098813375716635,0.017659232638853453,0.2672156772396137,0.23501098462081138,0.07852978980965558,0.4444848638221402,0.04466879201774139,0.45535308099712823,False
scaffolding_rapid,F,retention,10,0.02418341820467081,0.016991107630491706,0.2974066988094336,0.24276672038384178,0.09294059684655434,0.4460034267827496,0.06273450371047087,0.45294598814105563,False
scaffolding_rapid,F,G,10,0.04651907879492746,0.03646518126628781,0.21612417505000014,0.14173477469971063,0.05191692023250638,0.3462595909370151,0.03660423876651181,0.35324133347930886,False
scaffolding_rapid,D,K,10,0.01283661435459529,0.01188895494245486,0.07382471623455644,0.07534735710430207,0.05187570547270027,0.1020349770620513,0.04831312451457318,0.106429555913472,False
scaffolding_rapid,D,R,10,0.10429457938427811,0.09609891361903769,0.07858189575743069,0.071536279564751,0.03451365459889141,0.08789942827539708,0.027635749251242212,0.09097792376392441,False
scaffolding_rapid,D,M,10,-0.022999565840386163,-0.02299635917557344,0.00013942284106482905,0.00012818734854858072,-0.027676967132173255,0.006029104587034223,-0.03871054920954488,0.007431517090046883,False
scaffolding_rapid,D,D,10,-0.09152383774304354,-0.08379656810492236,0.08442903869280227,0.07721735039408684,0.0382583476581438,0.09408315414160405,0.033871018215086035,0.09819917069922073,False
scaffolding_rapid,D,unaided,10,0.027938425150193423,0.025756372550680577,0.07810220467984175,0.08545579021815103,0.052550009820987925,0.1008939400556857,0.049490168146938934,0.10406062036564835,False
scaffolding_rapid,D,far,10,0.024098813375716635,0.022047863549581236,0.08510584293756374,0.07948916701913877,0.04441583516636309,0.09872203650769674,0.038840786491945875,0.10530159927046923,False
scaffolding_rapid,D,retention,10,0.02418341820467081,0.02207821709139723,0.08705142901870577,0.08229239500387125,0.047699962199592084,0.09969733279886836,0.04159862723515363,0.1021188653773516,False
scaffolding_rapid,D,G,10,0.04651907879492746,0.04276390890630273,0.08072322122239028,0.08267344098347551,0.044604539009488846,0.09685452466469334,0.03658365112748095,0.09977852513723878,False
scaffolding_nofade,E,K,10,0.020299362418681598,0.018160225777375034,0.1053794989806136,0.14470125569703363,0.07437479691210372,0.23678973333709993,0.06316548553617017,0.268016486693215,False
scaffolding_nofade,E,R,10,0.020045969436527457,0.017604638549902737,0.12178662121354755,0.1316102674431418,0.0752999224436331,0.2003474391081625,0.06958362457587232,0.22144849761181606,False
scaffolding_nofade,E,M,10,-0.00025757049430254024,-0.0001949861051499214,0.24297965231649443,0.1286660762351423,0.02987212222587096,0.5363983411532148,0.012526061065502317,0.7655290848090374,True
scaffolding_nofade,E,D,10,-0.019380715550225205,-0.01659359680858361,0.14380886683047212,0.14601640558012252,0.08412570077501119,0.23649714104452849,0.0818753297350052,0.2562455515159958,False
scaffolding_nofade,E,unaided,10,0.01954210883277542,0.016902210390646627,0.13508769522873798,0.1531430898789954,0.08047710721470658,0.22922102377264925,0.07458985282541099,0.26296663016139415,False
scaffolding_nofade,E,far,10,0.017385420756299976,0.014838290888289644,0.1465095325396324,0.12990683948249332,0.06997190982923206,0.19496224122888853,0.06205858076898776,0.22671860493002255,False
scaffolding_nofade,E,retention,10,0.015102218517688826,0.013334633070780717,0.1170414429401736,0.1341395216563509,0.07238599535728975,0.20122819485499135,0.06686408017347603,0.23518522857849683,False
scaffolding_nofade,E,G,10,0.014141325769062952,0.01233491043411022,0.12774016838680258,0.1415705342944203,0.07966885268188821,0.224252898107795,0.07168420813087739,0.2513635318767552,False
scaffolding_nofade,F,K,10,0.020299362418681598,0.0,1.0,1.0,1.0,1.0,1.0,1.0,False
scaffolding_nofade,F,R,10,0.020045969436527457,0.0,1.0,1.0,1.0,1.0,1.0,1.0,False
scaffolding_nofade,F,M,10,-0.00025757049430254024,0.0,1.0,1.0,1.0,1.0,1.0,1.0,True
scaffolding_nofade,F,D,10,-0.019380715550225205,0.0,1.0,1.0,1.0,1.0,1.0,1.0,False
scaffolding_nofade,F,unaided,10,0.01954210883277542,0.0,1.0,1.0,1.0,1.0,1.0,1.0,False
scaffolding_nofade,F,far,10,0.017385420756299976,0.0,1.0,1.0,1.0,1.0,1.0,1.0,False
scaffolding_nofade,F,retention,10,0.015102218517688826,0.0,1.0,1.0,1.0,1.0,1.0,1.0,False
scaffolding_nofade,F,G,10,0.014141325769062952,0.0,1.0,1.0,1.0,1.0,1.0,1.0,False
scaffolding_nofade,D,K,10,0.020299362418681598,0.019956229594106617,0.016903625714825066,0.024366669651637585,0.0101612022448126,0.03861583329207399,0.007370507664693157,0.038961435647043643,False
scaffolding_nofade,D,R,10,0.020045969436527457,0.017644196306232988,0.11981326909129153,0.1101528848000492,0.0776180828419592,0.1277604147861887,0.07251364609830137,0.12886287058906626,False
scaffolding_nofade,D,M,10,-0.00025757049430254024,-0.0002922683492922898,-0.13471207206285718,0.03623571904764539,-0.35057798295436676,0.41842775232716134,-0.48178972356433225,0.8243997414705033,True
scaffolding_nofade,D,D,10,-0.019380715550225205,-0.016964289871074657,0.12468196403215204,0.11129608066976132,0.09073478651498171,0.12921246078035709,0.08501582648344289,0.12926895614448053,False
scaffolding_nofade,D,unaided,10,0.01954210883277542,0.018455914746048636,0.05558223506078597,0.04583775012970254,0.027691951573095147,0.06011061492765106,0.024211542965681867,0.06449002498597266,False
scaffolding_nofade,D,far,10,0.017385420756299976,0.01674893303317448,0.03661042962649319,0.04029974069973269,0.021076575400367895,0.05344656394499737,0.019397084647486625,0.05589516247044303,False
scaffolding_nofade,D,retention,10,0.015102218517688826,0.014262955963429424,0.05557213685369444,0.04625609282560422,0.027725500387053292,0.059892204898462954,0.024145090288613252,0.06382151991667331,False
scaffolding_nofade,D,G,10,0.014141325769062952,0.012783203142993001,0.09603927158238035,0.08067725090184685,0.05364162764112079,0.09843452280825635,0.05246043581817101,0.10252399306274314,False
substitution,E,K,10,-0.14842531815589322,-0.004622907854865342,0.9688536436215698,0.9660794291942966,0.9551723414250373,0.9749554808222947,0.9519789300459476,0.9763381046947964,False
substitution,E,R,10,-0.2796456693588131,-0.17929839504656833,0.3588372190505452,0.360878828964131,0.29503344206371224,0.4368761094573523,0.28623415987905054,0.44681044627094024,False
substitution,E,M,10,-0.09595516910389014,-0.07818801969573966,0.1851609410318905,0.18639280252520646,0.11585791474632626,0.26663292490793983,0.09882728905823777,0.2806987894009154,False
substitution,E,D,10,0.24530648220026502,0.11998081931440505,0.5108942159284064,0.501772520616732,0.3940413710264883,0.582568736133151,0.3863848158323961,0.5895234188920012,False
substitution,E,unaided,10,-0.18172104139313805,-0.04946866160394117,0.7277769199169406,0.722888758969522,0.6630129144722967,0.7722185603595147,0.6433496618986928,0.7831153349551586,False
substitution,E,far,10,-0.13834724048126384,-0.04815616960381257,0.6519181052235423,0.6526636092589596,0.584994120547612,0.7117689327065142,0.5625086526173815,0.7192670397137654,False
substitution,E,retention,10,-0.14467101568610063,-0.04607200391421058,0.681539500530119,0.6795115432574583,0.609823735631664,0.7286068472546723,0.588665228777955,0.7344626120634739,False
substitution,E,G,10,-0.1967538522861354,-0.09719461500709903,0.5060090876098795,0.5120955689929112,0.420916161639262,0.5560014197471566,0.4166096959238918,0.5686914997935916,False
substitution,F,K,10,-0.14842531815589322,-0.12262650479116283,0.17381679679226647,0.1794406271899217,0.0779047590839517,0.2558618323350281,0.06506585288843483,0.2642091186953028,False
substitution,F,R,10,-0.2796456693588131,-0.2726213029818894,0.02511880978893577,0.022532089534757938,-0.008503429750289296,0.04006973879797006,-0.011596213960820133,0.04531216799172309,False
substitution,F,M,10,-0.09595516910389014,-0.09378992792819957,0.022565133237859025,0.028585753421864535,0.00579711328683437,0.046392637373607576,0.0041298416484482165,0.050248537699707656,False
substitution,F,D,10,0.24530648220026502,0.23031521587513434,0.06111239373157695,0.06566085925189746,0.017963500252057146,0.10726474999636794,0.017458147302437242,0.12062418875948101,False
substitution,F,unaided,10,-0.18172104139313805,-0.16099131076355727,0.11407446529394338,0.10491388203554514,0.04748331837534472,0.15146203418161772,0.04273256547370012,0.15346715548102485,False
substitution,F,far,10,-0.13834724048126384,-0.12868532202475247,0.06983817257865632,0.06827494539248907,0.007342358383040126,0.10291392575788054,0.0038273344200659824,0.11251178189976228,False
substitution,F,retention,10,-0.14467101568610063,-0.13292723451883826,0.08117577049948554,0.09207007268215167,0.025896453969621733,0.13493425991859478,0.023063810388852014,0.14267043821932393,False
substitution,F,G,10,-0.1967538522861354,-0.1837455856312668,0.06611441912685356,0.0679502907939844,0.017715477655424035,0.10581007420045897,0.012858752516131186,0.11644567542791827,False
substitution,D,K,10,-0.14842531815589322,-0.14842531815589322,0.0,0.0,0.0,0.0,0.0,0.0,False
substitution,D,R,10,-0.2796456693588131,-0.2796456693588131,0.0,0.0,0.0,0.0,0.0,0.0,False
substitution,D,M,10,-0.09595516910389014,-0.09595516910389014,0.0,0.0,0.0,0.0,0.0,0.0,False
substitution,D,D,10,0.24530648220026502,0.24530648220026502,0.0,0.0,0.0,0.0,0.0,0.0,False
substitution,D,unaided,10,-0.18172104139313805,-0.18172104139313805,0.0,0.0,0.0,0.0,0.0,0.0,False
substitution,D,far,10,-0.13834724048126384,-0.13834724048126384,0.0,0.0,0.0,0.0,0.0,0.0,False
substitution,D,retention,10,-0.14467101568610063,-0.14467101568610063,0.0,0.0,0.0,0.0,0.0,0.0,False
substitution,D,G,10,-0.1967538522861354,-0.1967538522861354,0.0,0.0,0.0,0.0,0.0,0.0,False
free_choice,E,K,10,-0.020927369002819357,0.005167197180091525,1.246910979559609,1.2654777955563161,1.1598943316843853,1.5864737600471548,1.1529832543727045,1.633437165165478,False
free_choice,E,R,10,-0.051677794131362045,-0.02925242085729809,0.4339460236452801,0.4148860335148993,0.29015583169876014,0.49829280519445424,0.27343504650751205,0.5023148281411478,False
free_choice,E,M,10,-0.0196962027629586,-0.017269003267787165,0.12323184952868749,0.14174999842914887,0.023576299032972845,0.22804419230288958,0.008548888586690263,0.23148982489263575,False
free_choice,E,D,10,0.04569835199518503,0.01920718561862282,0.5796963176998906,0.5460513785248357,0.3818450834614829,0.686509658234651,0.35239592202849845,0.7017574159313744,False
free_choice,E,unaided,10,-0.029033214739893568,-0.003989840282420107,0.8625766964435461,0.8574116318173807,0.7456476517406951,0.9355265782737876,0.7307735048886406,0.9508427178906601,False
free_choice,E,far,10,-0.02002306708216781,-0.0035831895608565553,0.8210469182292417,0.8204601543058361,0.6961699823702664,0.9025768491554986,0.6811703044827168,0.9129713566603762,False
free_choice,E,retention,10,-0.02099062040360803,-0.004367863796149134,0.7919135446135575,0.78288227574862,0.6669750050544009,0.8819824420576448,0.6460540401605446,0.8881883367242256,False
free_choice,E,G,10,-0.035269236510056534,-0.015537972226489699,0.5594468788101137,0.5504127365390388,0.4028920222219497,0.6401197549092507,0.3857038151835626,0.644339819983861,False
free_choice,F,K,10,-0.020927369002819357,-0.02522317843443738,-0.2052723125892839,-0.26180519452418716,-0.7158273543128894,-0.0846039858093187,-0.8075103264949076,-0.07183134991999793,False
free_choice,F,R,10,-0.051677794131362045,-0.0578804719038394,-0.12002597782541757,-0.11808957571861467,-0.15510097497474218,-0.07875980738476464,-0.16159811598280097,-0.07310442483545258,False
free_choice,F,M,10,-0.0196962027629586,-0.0203776546142789,-0.03459813343320506,-0.01177540415681999,-0.03801507964267211,0.01635502446065923,-0.03815630770004954,0.02339093178808372,False
free_choice,F,D,10,0.04569835199518503,0.0520464688014978,-0.13891347344389215,-0.1275777124080545,-0.17774192229911537,-0.072298303651863,-0.19260459231448523,-0.05894760651576113,False
free_choice,F,unaided,10,-0.029033214739893568,-0.03462758018613079,-0.19268846031542597,-0.1891760713915951,-0.34226567124088714,-0.08904520723973952,-0.3641389218788777,-0.08168702830603411,False
free_choice,F,far,10,-0.02002306708216781,-0.02496240312450113,-0.2466822900839305,-0.22724163870823977,-0.3830917341652851,-0.1311555663503461,-0.3972155647531437,-0.12603260261622742,False
free_choice,F,retention,10,-0.02099062040360803,-0.025760227953175424,-0.22722565878746281,-0.20137647329345776,-0.33844744467576626,-0.10845676644071342,-0.3544767840342731,-0.10143889164042377,False
free_choice,F,G,10,-0.035269236510056534,-0.039511744553386796,-0.12028919429884932,-0.12899245773444568,-0.1891252229482271,-0.07135564345437485,-0.19039423532560454,-0.05854840063888547,False
free_choice,D,K,10,-0.020927369002819357,-0.015226765164313693,0.2723994515382069,0.25899494300618414,0.22297616940086865,0.3310325034990473,0.19847398672164218,0.34165891708992463,False
free_choice,D,R,10,-0.051677794131362045,-0.04243252004514272,0.17890225853523012,0.18387013963712973,0.11653456684206999,0.21806837093017248,0.1135521470789675,0.2256025188278067,False
free_choice,D,M,10,-0.0196962027629586,-0.01679029704113429,0.14753634275583627,0.15139710632987718,0.09972326819442695,0.18794294422470129,0.09588134295009763,0.18829274478660404,False
free_choice,D,D,10,0.04569835199518503,0.036563757165414115,0.19988893320996293,0.20931459586577084,0.1692889010752486,0.24194945495281203,0.16515620593064184,0.24509429524927134,False
free_choice,D,unaided,10,-0.029033214739893568,-0.02245108684783579,0.22671026791302917,0.2234092368626146,0.1736392157307804,0.2680701801913938,0.16631644892833622,0.2762609075846445,False
free_choice,D,far,10,-0.02002306708216781,-0.01587609873767437,0.207109546578239,0.20679550101139516,0.1399862266282211,0.24076701631706807,0.1311609977141174,0.24737906786056388,False
free_choice,D,retention,10,-0.02099062040360803,-0.016733230216275184,0.20282345664261803,0.2165867719782658,0.15394182776256918,0.2518292071613095,0.14171631782543306,0.2560364934342775,False
free_choice,D,G,10,-0.035269236510056534,-0.027910047887815648,0.20865744060386782,0.1986278304179619,0.14264542312489548,0.22803221916383756,0.13560755193839788,0.23598190088595503,False
scaffolding_rapid,E,N_Vis,10,-12.593277692492244,-12.398644372523965,0.015455334561891965,0.009878536379502256,0.0022060338200323715,0.037875325265137885,0.001921743550156513,0.04022615060934963,False
scaffolding_rapid,E,N_SomMot,10,-19.076359437133785,-18.93942229810684,0.00717836857070242,0.006914254505927753,0.0014571620764873728,0.03028137971892234,0.001233776859845415,0.03255821937688521,False
scaffolding_rapid,E,N_DorsAttn,10,-36.732168665058246,-36.54602163951962,0.005067684057426636,0.005428499028721112,0.001115128744021937,0.024399620502070923,0.0009764453763032756,0.026923524832062878,False
scaffolding_rapid,E,N_SalVentAttn,10,-31.759648398592148,-31.59379409866643,0.005222170530485792,0.005598187825685497,0.0011657518696171986,0.02540154986214911,0.0009952178387223733,0.02793404147907323,False
scaffolding_rapid,E,N_Limbic,10,0.18682000377308255,0.21424523838655427,-0.146800310778193,-0.1027963142392243,-2.455394854598309,2.430413576584802,-3.626121628727864,2.907505191171483,False
scaffolding_rapid,E,N_Cont,10,-20.933030802610517,-20.813892088122685,0.005691422117096168,0.006092976665615701,0.001263027636774877,0.0269554949871404,0.0011012402488987107,0.02896559396354936,False
scaffolding_rapid,E,N_Default,10,10.389187883638298,10.393238071788673,-0.00038984646304762727,0.0002737153806011139,-0.000439739853524912,0.007066213952657711,-0.0006297478888059147,0.011019047477419445,False
scaffolding_rapid,F,N_Vis,10,-12.593277692492244,-12.265380985576684,0.0260374395707198,0.015563749215539158,0.002423895597538905,0.06081335822172882,0.0022496213688114833,0.07356840333207595,False
scaffolding_rapid,F,N_SomMot,10,-19.076359437133785,-18.796651444901066,0.014662545710280694,0.010870140804170203,0.0016170646032110712,0.04813829561747536,0.0015302994587060943,0.05942658346424677,False
scaffolding_rapid,F,N_DorsAttn,10,-36.732168665058246,-36.36421171016966,0.010017294602009286,0.00875846294195437,0.0013969638665923489,0.03912193502842571,0.001174813712132575,0.05060413711704844,False
scaffolding_rapid,F,N_SalVentAttn,10,-31.759648398592148,-31.426224805580603,0.010498340183965227,0.00924566928433046,0.0014167852294971971,0.04060275927293568,0.0012308930647566526,0.05247267439930529,False
scaffolding_rapid,F,N_Limbic,10,0.18682000377308255,0.23515756271786598,-0.25873866806841384,-0.16900347945847938,-4.071647141283642,5.308953994788597,-5.345281399592035,7.1829928207152385,False
scaffolding_rapid,F,N_Cont,10,-20.933030802610517,-20.702041696737346,0.011034670901280297,0.00947806071221785,0.001618362927586614,0.042017418709422126,0.0013640974671851995,0.053704157985730215,False
scaffolding_rapid,F,N_Default,10,10.389187883638298,10.366790810006096,0.0021558060055372197,0.002470563755810118,6.938817019414004e-05,0.018054777982082968,1.4633962262700332e-06,0.028534826531588557,False
scaffolding_rapid,D,N_Vis,10,-12.593277692492244,-12.396548879038686,0.015621732344617612,0.011601178960412739,0.002592312238411259,0.02797669965394993,0.0021134355650946736,0.030542694685483467,False
scaffolding_rapid,D,N_SomMot,10,-19.076359437133785,-18.934541735329905,0.00743421208177808,0.007983016822287303,0.0017307795658064336,0.020146993629284946,0.0013879822059565284,0.02239036435704854,False
scaffolding_rapid,D,N_DorsAttn,10,-36.732168665058246,-36.4907318340275,0.006572898900478297,0.0063155428007666825,0.0012945177798146632,0.016171864553540916,0.0010239806635197496,0.018889778388917207,False
scaffolding_rapid,D,N_SalVentAttn,10,-31.759648398592148,-31.544702766401585,0.0067678845021499345,0.006514522811283563,0.0013202292312527117,0.016672781533778824,0.001048232233339108,0.01943516126908845,False
scaffolding_rapid,D,N_Limbic,10,0.18682000377308255,0.22228193780149585,-0.18981872022380686,-0.1257949697716384,-1.8775913571413507,2.210822735652292,-2.2265891823557684,2.6006006350507245,False
scaffolding_rapid,D,N_Cont,10,-20.933030802610517,-20.777676508885317,0.00742149071437026,0.006913143793255194,0.001389868320872589,0.017865722631826876,0.0011682377481541718,0.020058735393418264,False
scaffolding_rapid,D,N_Default,10,10.389187883638298,10.394983940352553,-0.0005578931461411862,-2.35108038000309e-05,-0.0012630146106590414,0.004057287691952139,-0.0017005759825154505,0.005371732722690726,False
scaffolding_nofade,E,N_Vis,10,-12.329784768894923,-12.275315395632102,0.004417706738907068,0.005024979880018043,0.0011462399078357444,0.023854102831826852,0.000996450832974852,0.02662397050852477,False
scaffolding_nofade,E,N_SomMot,10,-18.859598465009796,-18.799852690713344,0.0031679239834982997,0.0036195207662857998,0.000799926117396571,0.019400289718472866,0.0006597386426612231,0.022723818308879158,False
scaffolding_nofade,E,N_DorsAttn,10,-36.382399927440645,-36.29278971133063,0.0024630100347622363,0.002929623564896733,0.0006125886049031581,0.015871954602336757,0.000503896865557399,0.018091375225432176,False
scaffolding_nofade,E,N_SalVentAttn,10,-31.444234190536292,-31.364100854230866,0.002548427028620237,0.003003585498682626,0.000647097378724798,0.016597368298238113,0.0005292891143154317,0.01901734193918649,False
scaffolding_nofade,E,N_Limbic,10,0.22648898186003846,0.23886470355898287,-0.05464160595058054,-0.05284252467723449,-0.37468202268228806,-0.007493512490220949,-0.4892744481786825,-0.006602793533493784,False
scaffolding_nofade,E,N_Cont,10,-20.708801578287368,-20.652860727286146,0.00270130798200674,0.003296128751423655,0.0006928248989499397,0.017455551699809353,0.0005815930851296476,0.02002451294644024,False
scaffolding_nofade,E,N_Default,10,10.511500142270602,10.506194253509197,0.0005047698891301744,0.0004911048882955682,-0.00023868746186260785,0.006927424016170115,-0.00027515788497726735,0.008970224251426321,False
scaffolding_nofade,F,N_Vis,10,-12.329784768894923,-11.89525202200154,0.03524252491329816,0.03382898195792644,0.010671016356685836,0.09596052067973079,0.008309620108376886,0.10982931206775673,False
scaffolding_nofade,F,N_SomMot,10,-18.859598465009796,-18.395822362990657,0.02459098495016121,0.02389103656624242,0.007164676447292366,0.07334035458636136,0.005473034877108478,0.08526125348331479,False
scaffolding_nofade,F,N_DorsAttn,10,-36.382399927440645,-35.69411390556419,0.01891810389774018,0.01795155778837132,0.005401431043734333,0.05961987789494297,0.004078543443323744,0.07127332917094098,False
scaffolding_nofade,F,N_SalVentAttn,10,-31.444234190536292,-30.82711701560339,0.019625765766578485,0.01864242480467382,0.005601781961977408,0.06239260450033954,0.004200543521183254,0.07447839058518314,False
scaffolding_nofade,F,N_Limbic,10,0.22648898186003846,0.3282640669103157,-0.44935998305281943,-0.323894543337894,-1.8355761798618933,-0.08601797962793481,-1.9083975069315993,-0.06345109399546565,False
scaffolding_nofade,F,N_Cont,10,-20.708801578287368,-20.277151066487068,0.020843818999785713,0.020073771691414943,0.0060931273381135565,0.0646985203133843,0.0044789297667966145,0.07632568412825098,False
scaffolding_nofade,F,N_Default,10,10.511500142270602,10.492391960135938,0.0018178358822279472,0.002178096543201946,-0.001114455724888197,0.022190115571808246,-0.0012627095021114363,0.03220619971245716,False
scaffolding_nofade,D,N_Vis,10,-12.329784768894923,-12.28133787869793,0.003929256763606559,0.004294314834865198,0.0010156984194197747,0.012258100236840474,0.0008470811270853918,0.012428518378475657,False
scaffolding_nofade,D,N_SomMot,10,-18.859598465009796,-18.80626608943964,0.002827863788781304,0.0030443926430850365,0.0007477953441703655,0.009058684426940182,0.000623499287277668,0.009259791600481649,False
scaffolding_nofade,D,N_DorsAttn,10,-36.382399927440645,-36.303954893149864,0.002156125886341398,0.002381774278159221,0.0005099526699132107,0.0074468587721276,0.0004672238284254754,0.0076516273791651405,False
scaffolding_nofade,D,N_SalVentAttn,10,-31.444234190536292,-31.372746872974766,0.002273463463232983,0.00251172342457201,0.0005364853814823156,0.007708259137400213,0.0004736196979192476,0.007877229988366744,False
scaffolding_nofade,D,N_Limbic,10,0.22648898186003846,0.23565012505710609,-0.04044851595795884,-0.04271189999399505,-0.22170088938789725,-0.009334680638036634,-0.25284210298201826,-0.007272513320694093,False
scaffolding_nofade,D,N_Cont,10,-20.708801578287368,-20.657286550331758,0.0024875909772403837,0.002656283165383244,0.0005640739023822338,0.00789333572064858,0.0004878224216842226,0.00812104046752843,False
scaffolding_nofade,D,N_Default,10,10.511500142270602,10.508685636229485,0.00026775493535879935,0.0003228220205883092,-0.0005303549561440968,0.003699222895985895,-0.0007822462814624228,0.0042922640800046735,False
substitution,E,N_Vis,10,7.992666489896551,11.470099590750204,-0.4350779686916051,-0.2672132797221948,-1.5956369701277833,-0.06683005711012753,-2.029441885140191,-0.04140876108710353,False
substitution,E,N_SomMot,10,4.677874293569244,7.345832371044985,-0.5703355648405153,-0.42437111119361115,-6.599098971699858,1.7059655157748153,-15.824534825553238,5.7763265259249525,False
substitution,E,N_DorsAttn,10,-3.5221167999289804,-1.3030842461953602,0.6300280995162808,0.6231486806210838,0.525604732244599,1.0407348502626883,0.5004610843907119,1.117073925715125,False
substitution,E,N_SalVentAttn,10,-0.7917985810613886,1.5552683738011905,2.964222228987058,1.0360266356026895,-12.561421801009708,7.105899410770836,-67.76182076345967,10.049626354927083,False
substitution,E,N_Limbic,10,4.966528571462957,5.924060689509478,-0.19279706222740334,-0.1588984221557861,-0.5369012957367386,-0.07003266221207827,-0.6462587612669859,-0.04264397224165562,False
substitution,E,N_Cont,10,-0.4166131651650216,0.8961992737603519,3.1511544730118284,1.088851313604334,-13.014426404797526,10.100646896217189,-21.18222149499431,22.505850421354335,False
substitution,E,N_Default,10,9.941716762477611,10.575604848163891,-0.06376042496792134,-0.07259165984779725,-0.21191388805338204,-0.023766342628546933,-0.2568508592574829,-0.01567323881443038,False
substitution,F,N_Vis,10,7.992666489896551,8.250296585546828,-0.032233309869233784,-0.04044524208529787,-0.3141316989071667,-0.0046593896913052395,-0.38442953952290093,-0.002074394811148793,False
substitution,F,N_SomMot,10,4.677874293569244,4.92389453641476,-0.052592315955074964,-0.05976697577207346,-1.1654499017135758,0.29984176349078334,-3.3165893305317105,1.0609735338909032,False
substitution,F,N_DorsAttn,10,-3.5221167999289804,-3.1899102607398166,0.09432013702551323,0.10249569401876801,0.05399829747283223,0.15413503153856173,0.04290794160438527,0.1782825306500577,False
substitution,F,N_SalVentAttn,10,-0.7917985810613886,-0.4486949183619816,0.4333218963836536,0.18964758745740928,-2.128948860873357,1.1932702318699986,-10.427319749623969,1.3204901613741575,False
substitution,F,N_Limbic,10,4.966528571462957,5.117501833339187,-0.030398146251227276,-0.025433153498808703,-0.10295596212343273,-0.0049547330651489455,-0.11352491633247562,-0.004282474033152745,False
substitution,F,N_Cont,10,-0.4166131651650216,-0.16536405741666396,0.6030752956374703,0.23046597425291276,-2.4503139184833467,1.911102911510656,-4.045041702051828,4.475445871152489,False
substitution,F,N_Default,10,9.941716762477611,10.122723175348654,-0.018206756156462056,-0.015118515840220281,-0.046849007914323275,-0.0036333570584067727,-0.05757204844252803,-0.0023644534143696847,False
substitution,D,N_Vis,10,7.992666489896551,7.992666489896551,0.0,0.0,0.0,0.0,0.0,0.0,False
substitution,D,N_SomMot,10,4.677874293569244,4.677874293569244,0.0,0.0,0.0,0.0,0.0,1.7208456881689895e-16,False
substitution,D,N_DorsAttn,10,-3.5221167999289804,-3.5221167999289804,0.0,0.0,0.0,0.0,0.0,0.0,False
substitution,D,N_SalVentAttn,10,-0.7917985810613886,-0.7917985810613886,0.0,0.0,0.0,0.0,0.0,8.604228440844947e-17,False
substitution,D,N_Limbic,10,4.966528571462957,4.966528571462957,0.0,0.0,0.0,0.0,0.0,0.0,False
substitution,D,N_Cont,10,-0.4166131651650216,-0.4166131651650216,0.0,0.0,0.0,0.0,0.0,0.0,False
substitution,D,N_Default,10,9.941716762477611,9.941716762477611,0.0,0.0,0.0,0.0,0.0,0.0,False
free_choice,E,N_Vis,10,-1.4810268615773936,-1.5718364139454235,-0.06131526356740857,-0.059941726849690125,-0.15322345180233013,0.038282139622209964,-0.17866501940711768,0.04941852501455555,False
free_choice,E,N_SomMot,10,-4.030625753034375,-4.058288777870736,-0.006863208477129179,-0.008268246305072058,-0.02746183175639048,0.01731267664711255,-0.03742279012735394,0.0227726954579446,False
free_choice,E,N_DorsAttn,10,-10.886705739022005,-10.88278978083591,0.0003597009306551824,0.001297447078570324,-0.0046249338804304155,0.012541236145011136,-0.006195325578278459,0.014107662883509835,False
free_choice,E,N_SalVentAttn,10,-8.81472970831585,-8.836018203877908,-0.0024151047469980202,0.0013166213285897843,-0.005810104032071073,0.014365750819990291,-0.006946034305748465,0.017396340268315363,False
free_choice,E,N_Limbic,10,1.1616049505314785,1.1527789480510773,0.00759811024941226,0.03764297392176136,-0.05810913794625368,0.06263961755570403,-0.08187989828147314,0.0666066518900769,False
free_choice,E,N_Cont,10,-5.761657041388341,-5.8044416662970235,-0.0074257500231864615,-0.003701997029300741,-0.018523621037201583,0.013902803592527779,-0.023118848671849546,0.015066616424176477,False
free_choice,E,N_Default,10,5.070504576186346,4.989858631010206,0.015904915174496548,0.01859488710703372,-0.013654486313804583,0.02861316155615097,-0.019610043570549844,0.029705080930977876,False
free_choice,F,N_Vis,10,-1.4810268615773936,-1.448095222262,0.022235679966208788,0.023700427604994412,0.00639938838977011,0.06805064515493238,0.005988781280486685,0.08755790513724662,False
free_choice,F,N_SomMot,10,-4.030625753034375,-4.021726543488514,0.002207897753633281,0.004220465365119275,-0.0005036445724298847,0.012220251198800944,-0.0010546867983430848,0.014102527716608335,False
free_choice,F,N_DorsAttn,10,-10.886705739022005,-10.889991826374914,-0.0003018440501363351,-0.0006155956266773455,-0.0027100584473266132,0.0025077154727469737,-0.003232776517199914,0.002637867934183305,False
free_choice,F,N_SalVentAttn,10,-8.81472970831585,-8.813404295204991,0.0001503634433178691,-0.00031450812553990293,-0.002745642902020573,0.0030788672201941805,-0.0035355163591470943,0.0036421731669525163,False
free_choice,F,N_Limbic,10,1.1616049505314785,1.174914363364832,-0.011457779021399661,-0.013575757303087577,-0.02696103479807649,-0.00017718730465054804,-0.030622749270727157,0.0009938203506186726,False
free_choice,F,N_Cont,10,-5.761657041388341,-5.739923228629142,0.0037721462077794365,0.0010729482610169483,-0.002886179029364999,0.005725903854689036,-0.0032874423687168025,0.006524367794491073,False
free_choice,F,N_Default,10,5.070504576186346,5.1170980471326715,-0.009189119198343976,-0.008266281177358614,-0.01106757269613089,-0.003983806649099731,-0.012330651738183266,-0.003643529312477612,False
free_choice,D,N_Vis,10,-1.4810268615773936,-1.582550542347838,-0.06854952020405292,-0.07877373221687345,-0.2760937880448237,0.017304578349367036,-0.29889822368535524,0.03227708098227072,False
free_choice,D,N_SomMot,10,-4.030625753034375,-4.025253660344071,0.001332818529792723,-0.008738319484492219,-0.04428793888749905,0.025592639260212567,-0.049386147143875486,0.026571334280008452,False
free_choice,D,N_DorsAttn,10,-10.886705739022005,-10.7457702775379,0.012945648101697071,0.013830836683426995,0.0062024667799742235,0.028564235475887916,0.00438297661172917,0.030700626213335008,False
free_choice,D,N_SalVentAttn,10,-8.81472970831585,-8.761269931285302,0.006064823176610168,0.010594177612493205,0.0005983263033510341,0.02852189099871366,-0.002218970159752253,0.03160501920140852,False
free_choice,D,N_Limbic,10,1.1616049505314785,1.0738039997576299,0.0755858958191219,0.07879798456665565,0.033846758406222324,0.1164469853684723,0.032748353911910416,0.12096718694050404,False
free_choice,D,N_Cont,10,-5.761657041388341,-5.738598829918283,0.004002010412008539,0.008378538404254954,-0.0034599221056962706,0.02629649741853174,-0.006578376066148155,0.02652423525853319,False
free_choice,D,N_Default,10,5.070504576186346,4.86370279747867,0.04078524643857384,0.04171714430055751,0.024863515997392442,0.054253979506068195,0.020632902004753307,0.058433102133603206,False
free_choice,Z,N_Vis,10,-1.5947232106632723,0.3270773405396653,1.2050997554639142,1.2054154951153826,1.1017278782499198,1.3893938275651911,1.0854179149473566,1.4564943751432697,False
free_choice,Z,N_SomMot,10,-4.402275986389434,-0.10837046161557835,0.975383083216357,0.9750940450306207,0.8850889358982554,1.012648133133791,0.8594980652779908,1.0161267663794031,False
free_choice,Z,N_DorsAttn,10,-11.320455210605006,-1.0410849104196729,0.9080350665188459,0.9094436731706785,0.7817836390585713,0.9711981756780917,0.723834135451099,0.9768964604538847,False
free_choice,Z,N_SalVentAttn,10,-9.339638543799488,-0.8024487729916316,0.9140813887787583,0.9150801421840276,0.7993546609846316,0.9726574817578516,0.7440912512619171,0.9782664516336732,False
free_choice,Z,N_Limbic,10,1.193375746303485,0.32176023973129103,0.7303780969841625,0.7474553680691371,0.36126673915056096,0.8709726132768233,0.10427409285710662,0.8889127744774642,False
free_choice,Z,N_Cont,10,-6.099036893404034,-0.4655779294708454,0.923663696808531,0.9256641414577096,0.8061482496907395,0.9785836928739869,0.749311008472879,0.9843023734782248,False
free_choice,Z,N_Default,10,5.249127440656112,0.9012874447179268,0.8282976637722343,0.8313944084874388,0.6570507004306709,0.9167929118047963,0.5604281314935978,0.9275432092322728,False
scaffolding_nofade,Z,N_Vis,10,-13.211879189679637,-0.1259455331286065,0.9904672506219261,0.99034075776069,0.9826722449483951,0.9960300229359734,0.980535637665482,0.9965309824303641,False
scaffolding_nofade,Z,N_SomMot,10,-20.29748572302595,-0.0035750281435743,0.9998238684242788,0.9998123717970246,0.9984314911211984,1.0063154198548585,0.9982308463089515,1.0092302481925022,False
scaffolding_nofade,Z,N_DorsAttn,10,-39.03567754521209,0.2130714520291706,1.005458377193079,1.0052213197465465,1.0007823300823222,1.02169015331391,1.0005746750220805,1.02869781318167,False
scaffolding_nofade,Z,N_SalVentAttn,10,-33.75509112929764,0.1640464711588771,1.0048599030744874,1.004588991344039,1.000696840426533,1.0194242419059572,1.00051278745692,1.0254861193554716,False
scaffolding_nofade,Z,N_Limbic,10,0.2621686661477599,-0.07950572358129301,1.3032617312721997,1.2968148677426394,1.0766249970451045,2.260596053788878,1.0575167804804289,2.628657776117762,False
scaffolding_nofade,Z,N_Cont,10,-22.230924020917588,0.08678508956717992,1.003903800376697,1.0036796873203917,1.0004209899271788,1.017179615330471,1.0002502129526656,1.0232322270149505,False
scaffolding_nofade,Z,N_Default,10,11.2588357245294,-0.23254783105935017,1.0206546961647822,1.0197734212629008,1.005742518935456,1.0585134191178376,1.0044052655069864,1.0743734718043523,False
scaffolding_rapid,Z,N_Vis,10,-13.467992612296435,-0.28218587945735274,0.9790476660048274,0.9783534174016135,0.9487542732578671,1.00212006383723,0.9436261771329492,1.0058100785751638,False
scaffolding_rapid,Z,N_SomMot,10,-20.65006886371811,-0.08904850740018191,0.9956877379931338,0.9954088814757527,0.9913653455226997,1.00436439493507,0.9906322362895857,1.0075307409549856,False
scaffolding_rapid,Z,N_DorsAttn,10,-39.51780863499043,0.1616375340617125,1.0040902453765768,1.004058616581541,0.9938035100170406,1.0314178511750896,0.9923993460974331,1.0462124393853884,False
scaffolding_rapid,Z,N_SalVentAttn,10,-34.217803618542476,0.12096107154209501,1.0035350331918016,1.0035086416823047,0.9946251633413713,1.0275315500900044,0.9933932745978741,1.0402567794087172,False
scaffolding_rapid,Z,N_Limbic,10,0.2268250909160855,-0.10969378692262516,1.4836051711898426,1.4153971631303364,0.7712465302823881,6.09107141785622,-5.393231239648669,9.457152318532843,False
scaffolding_rapid,Z,N_Cont,10,-22.562521673168163,0.05931808950208553,1.002629054073004,1.002473590474267,0.9944793622799102,1.0250154171199488,0.9936394901953676,1.0383988663407906,False
scaffolding_rapid,Z,N_Default,10,11.16851079098202,-0.3390782680527533,1.0303602041846565,1.029733075534895,0.9872888612047164,1.1194801149801006,0.9819936497067028,1.1491230665366472,False
substitution,Z,N_Vis,10,9.804742655873792,1.7903644354118937,0.8173981206595639,0.8157697177442493,0.5133444215371982,0.9033612086678667,0.25816142829041194,0.923725395245567,False
substitution,Z,N_SomMot,10,5.501126029727438,-0.5162804829989353,1.0938499645725286,1.0701205728729812,0.4998365584931608,1.9075867399206037,-0.5620573203297048,2.91256836412644,False
substitution,Z,N_DorsAttn,10,-3.7019829774305646,-5.296345373581793,-0.43067793824860523,-0.3896868025758854,-2.1856060821222223,-0.0833642162064827,-2.8596518966128577,-0.047736946812239875,False
substitution,Z,N_SalVentAttn,10,-0.7173111997416717,-4.059583530059291,-4.659445344672278,-0.3549428090856078,-7.68586169700044,14.68777721041072,-16.568727121068157,43.373262591124536,False
substitution,Z,N_Limbic,10,5.522033387161809,1.6624015690355676,0.6989511919829225,0.7080322745061306,0.2201197661584115,0.8480152129395234,0.06830036841488771,0.8678244349688747,False
substitution,Z,N_Cont,10,-0.42175588371830225,-2.3731177917710853,-4.626756812137635,-0.5893525240230758,-12.000952485928485,11.606394470261396,-24.18642729290728,24.959855637781605,False
substitution,Z,N_Default,10,10.570972549132893,4.689000966013092,0.5564267200374371,0.5702043646271029,0.14057554259059224,0.7463583647090011,0.010808982900540992,0.772075161712988,False
