scenario,network,year,mechanism,d_mean,d_median,d_n,d_lo90,d_hi90,d_lo95,d_hi95,prsup
free_choice,Cont,1,D,-3.3068753024508646,-3.364350545894465,500,-3.7339706115204585,-2.7320661758322524,-3.7912859563530485,-2.6381055479966373,0.0012520000000000003
free_choice,Cont,5,D,-4.185374657594626,-4.145680086697885,500,-5.577894257766004,-2.8584218916464064,-5.808487985699896,-2.679801119604732,0.001444
free_choice,Cont,10,D,-3.445708537131096,-3.45856176229871,500,-5.169651542999692,-1.8071868646297393,-5.562290653218401,-1.5443751380680635,0.009597999999999999
free_choice,Default,1,D,3.7517141866799486,3.7842677661172215,500,3.1982157200068873,4.16854306427463,3.086924607533192,4.207091198096212,0.9996770000000001
free_choice,Default,5,D,4.2115056803338895,4.217378329886531,500,3.0070068953697158,5.384578872326419,2.6971550428214326,5.520956481428398,0.997636
free_choice,Default,10,D,3.402567661789566,3.596777763708925,500,1.3074717714316821,4.945683141781062,0.9910945211088193,5.158726532948118,0.973483
free_choice,DorsAttn,1,D,-4.66788577322439,-4.735985285373346,500,-5.191807640299683,-3.8977573076472387,-5.251823590287184,-3.777445272159273,4e-05
free_choice,DorsAttn,5,D,-5.695155219300938,-5.652874948483245,500,-7.479262893891062,-3.8369357440787417,-7.804775357944371,-3.5371786540393084,0.000252
free_choice,DorsAttn,10,D,-4.475878984361142,-4.541506981473114,500,-6.859733649927,-2.1009198184402553,-7.3024204912384105,-1.7235664615394741,0.006113
free_choice,Limbic,1,D,1.2704399669604853,1.2735328080366344,500,1.0426478720476375,1.467988704657983,0.997539108624219,1.5066593153581151,0.9006810000000001
free_choice,Limbic,5,D,1.3409533537869252,1.3241548972342438,500,0.9139420551931344,1.8020481975812985,0.8601998742831344,1.8609508465099556,0.9110049999999998
free_choice,Limbic,10,D,1.20280582932089,1.2310818546742237,500,0.5281926698259468,1.7589198568744544,0.3419041774512726,1.8286718511623639,0.881591
free_choice,SalVentAttn,1,D,-4.1019683811161505,-4.158015096826566,500,-4.511103704844461,-3.511040320414243,-4.570460325527941,-3.4123644753036593,8.8e-05
free_choice,SalVentAttn,5,D,-5.12592616708001,-5.07695639942487,500,-6.690914136704231,-3.593763142215503,-6.964039696764036,-3.3942177717696196,0.00022300000000000003
free_choice,SalVentAttn,10,D,-4.13354765914554,-4.184898940374849,500,-6.083498703920463,-2.1493787893866676,-6.46439479408547,-1.8172318310190352,0.0035910000000000004
free_choice,SomMot,1,D,-1.9026360928095274,-1.9110761077975904,500,-2.0906427721957255,-1.6775256355685182,-2.1142307110988394,-1.6239960775247724,0.029263
free_choice,SomMot,5,D,-2.701359756286468,-2.680056204855047,500,-3.5104808521804687,-1.917815393962804,-3.611887455353987,-1.8140953370038113,0.007469
free_choice,SomMot,10,D,-2.467431561822301,-2.421147593244389,500,-3.3479342673448933,-1.68163772590393,-3.495717951282063,-1.565514331856211,0.012187000000000002
free_choice,Vis,1,D,-0.49566778832545616,-0.49540563026892276,500,-0.6406954842868817,-0.3414169714877761,-0.6610004112851758,-0.3115566135190942,0.30497900000000006
free_choice,Vis,5,D,-1.0822640658615876,-1.0850219334544393,500,-1.5031804556836919,-0.6692869174505307,-1.563418568113933,-0.5933276143404037,0.144945
free_choice,Vis,10,D,-1.0137420846768057,-1.0221586246185046,500,-1.4774216175448283,-0.5378137355270007,-1.5422410040122794,-0.45862854331054,0.163117
free_choice_centaur,Cont,1,D,-2.1120631932027685,-2.1327468868201627,500,-2.3772222220195394,-1.7827888678302577,-2.408288700797886,-1.7258546168279332,0.017846000000000004
free_choice_centaur,Cont,5,D,-2.8351967271173093,-2.811700658880479,500,-3.710933541316572,-2.0236720956792644,-3.8331347345086764,-1.89850019339088,0.0056370000000000005
free_choice_centaur,Cont,10,D,-2.5777441554677716,-2.5638720669470167,500,-3.678851152910368,-1.4918233592356387,-3.875338208961492,-1.2786025173365239,0.016846
free_choice_centaur,Default,1,D,4.166843517022351,4.21072023508661,500,3.229210104918436,4.922818638472046,3.06585120915083,5.026246361426947,0.999647
free_choice_centaur,Default,5,D,4.759201425712965,4.675345603798473,500,2.8657285335421454,6.831848892622162,2.5823507101006435,7.316400082814724,0.997882
free_choice_centaur,Default,10,D,3.4677501415546823,3.3395953822651214,500,1.4606316594111848,5.942700552893336,1.1702890265849726,6.544509049753486,0.977063
free_choice_centaur,DorsAttn,1,D,-3.2775942466826464,-3.3052876451791624,500,-3.5958811343150887,-2.876844896672359,-3.6201611222944976,-2.81909277905577,0.00041000000000000005
free_choice_centaur,DorsAttn,5,D,-4.292556114123757,-4.269514963594896,500,-5.5839411207763705,-3.0393740731792236,-5.755303186126587,-2.8797257069925357,0.00045500000000000006
free_choice_centaur,DorsAttn,10,D,-3.645478303995814,-3.7190476630730136,500,-5.360176033184354,-1.8888290430648131,-5.683126801738975,-1.5854935762227873,0.00923
free_choice_centaur,Limbic,1,D,1.9436275351055134,1.9549677858282473,500,1.5119952754122292,2.356078480356067,1.4169025790608247,2.4201865764182036,0.969882
free_choice_centaur,Limbic,5,D,2.436725826726587,2.4049118242271375,500,1.6080330474146862,3.3738333571516588,1.4691650334202926,3.6059407915055877,0.9809110000000001
free_choice_centaur,Limbic,10,D,1.9650391905943716,1.9292702557181913,500,0.9807349596828396,3.074919664746233,0.8024842426398734,3.331345701343252,0.943447
free_choice_centaur,SalVentAttn,1,D,-2.5278432929255388,-2.545599409718182,500,-2.7451191840169136,-2.2805313088498753,-2.777346573261873,-2.246858066500373,0.004737
free_choice_centaur,SalVentAttn,5,D,-3.377088954096935,-3.3761370954973744,500,-4.32316908075341,-2.510986544219308,-4.4136710123191945,-2.4208259393504696,0.001128
free_choice_centaur,SalVentAttn,10,D,-3.0856189581007576,-3.102968308130581,500,-4.253388847003512,-1.8552042650920193,-4.3782984868466155,-1.5718713097429278,0.008158000000000002
free_choice_centaur,SomMot,1,D,-0.386250769576308,-0.38138857487069416,500,-0.5501058261305365,-0.23029876444609076,-0.5752651181733439,-0.2086172567986753,0.352024
free_choice_centaur,SomMot,5,D,-0.4986561162128668,-0.4846178737799834,500,-0.8064969465607591,-0.23740546272449065,-0.8623828631101065,-0.20112581352165185,0.31390300000000004
free_choice_centaur,SomMot,10,D,-0.6627427717638744,-0.6341306088522782,500,-1.0974505967328347,-0.3056718210209142,-1.1735266788339904,-0.26594969926773876,0.259018
free_choice_centaur,Vis,1,D,1.0182722255766348,1.0243785286190503,500,0.7112837842714221,1.2870075938902579,0.6515753424898825,1.3201007255446797,0.841499
free_choice_centaur,Vis,5,D,1.2672375944674095,1.2501071203558642,500,0.757851926396896,1.8194123118585193,0.6499969509549702,1.9653220277662153,0.880425
free_choice_centaur,Vis,10,D,0.9332203772031178,0.9239208180077458,500,0.2693633808353361,1.618872523231988,0.1287024586323123,1.7977844925003295,0.7876749999999999
scaffolding_nofade,Cont,1,D,-13.591124313847951,-12.077214166859012,500,-26.051165280711427,-6.149856347061697,-30.347697718614587,-5.5798878899000215,1.2e-05
scaffolding_nofade,Cont,5,D,-9.765721414387231,-8.499808378791924,500,-20.62239983678666,-3.94265064654918,-24.298449017285552,-3.549994466935419,0.0005250000000000001
scaffolding_nofade,Cont,10,D,-5.906738765138436,-4.839886340633816,500,-13.882234674080676,-1.8732012598870036,-17.05798961931798,-1.4611923294444407,0.012379
scaffolding_nofade,Default,1,D,13.228577002243746,11.804331704520626,500,6.003651991825522,24.920840875325958,5.444624246538604,28.854760816758354,0.999984
scaffolding_nofade,Default,5,D,9.56608420819638,8.312067194931938,500,3.9548151114731667,20.517386430449882,3.4816607558933157,24.370803136301426,0.9994570000000002
scaffolding_nofade,Default,10,D,5.773816634443347,4.707778308052205,500,1.8380553572931433,13.382517292273548,1.4509136540720242,16.584363219079883,0.987562
scaffolding_nofade,DorsAttn,1,D,-14.164921341636058,-12.631610114239798,500,-27.36799103305564,-6.422660462760808,-31.536955872778613,-5.783064880148722,7e-06
scaffolding_nofade,DorsAttn,5,D,-9.969202987122785,-8.681649177972119,500,-21.0174026073582,-3.9884190781865145,-25.114346165195208,-3.607894597656718,0.00044900000000000007
scaffolding_nofade,DorsAttn,10,D,-5.980592404991503,-4.885641295324877,500,-14.126288191828518,-1.8729307500103547,-17.43618489433981,-1.4627468466002962,0.012232
scaffolding_nofade,Limbic,1,D,1.0471447573936088,0.9224967554566814,500,0.4921526423780506,2.082715846704516,0.42303917851373096,2.4242088726952233,0.87101
scaffolding_nofade,Limbic,5,D,1.229476674598674,1.0793096211550377,500,0.4547982159308897,2.4809762740301236,0.3883296950719453,3.118649451460465,0.8977180000000001
scaffolding_nofade,Limbic,10,D,0.8060273500605971,0.6886594373491959,500,0.18738508727045858,1.9425229798450043,0.1464777236478483,2.281486571168447,0.83096
scaffolding_nofade,SalVentAttn,1,D,-13.984271106177534,-12.446203966644294,500,-26.867898047326428,-6.367860414028454,-31.083839347530258,-5.73796067131682,6e-06
scaffolding_nofade,SalVentAttn,5,D,-9.895444043794173,-8.606351893592926,500,-20.830292300936915,-3.964175383375646,-24.83505955374688,-3.5881767934561553,0.000459
scaffolding_nofade,SalVentAttn,10,D,-5.957730113345011,-4.872108492824152,500,-14.027595335880873,-1.8787658410274568,-17.28785133224061,-1.4655668122165169,0.012152000000000001
scaffolding_nofade,SomMot,1,D,-14.135146123938386,-12.499277091292184,500,-27.61365682480598,-6.429076309925265,-31.722756529544704,-5.824830773299559,1.2e-05
scaffolding_nofade,SomMot,5,D,-10.344889347889758,-8.97257339106829,500,-22.176881960739426,-4.117834362388131,-26.009153492198962,-3.731865718442015,0.00043900000000000005
scaffolding_nofade,SomMot,10,D,-6.212255887065863,-5.075797698217381,500,-14.768803482149831,-1.9401008515241387,-18.30657693421143,-1.5181105604069256,0.011019
scaffolding_nofade,Vis,1,D,-14.57749973043206,-12.783850432589764,500,-28.978146155438957,-6.486779107850176,-33.90248798963629,-5.923842754986255,2.7e-05
scaffolding_nofade,Vis,5,D,-11.058226817850077,-9.406669495792816,500,-24.136736899695116,-4.264782525559824,-28.908537400158774,-3.8834000083105895,0.000504
scaffolding_nofade,Vis,10,D,-6.546529110168843,-5.285872099051739,500,-15.950226044779187,-1.9825854988586402,-19.92921640718674,-1.5503683161588813,0.011120000000000001
scaffolding_rapid,Cont,1,D,-14.355357084602106,-13.136188106938153,500,-25.574177032245874,-6.685887055331245,-29.55408463547402,-6.0719834271544295,1.2e-05
scaffolding_rapid,Cont,5,D,-10.813988086539437,-9.516305579300582,500,-22.780793891975897,-4.315717704697164,-27.530325546414947,-3.7973182709614908,0.000389
scaffolding_rapid,Cont,10,D,-6.53184778275242,-5.261263591375835,500,-15.786963207879735,-2.001740059638759,-19.21166058808809,-1.5449029871058384,0.011129
scaffolding_rapid,Default,1,D,11.766398106500313,11.054258178763806,500,5.8746623394767585,19.948113953004423,5.262031674920768,22.201853820015586,0.999987
scaffolding_rapid,Default,5,D,8.988831364878266,7.991000022093619,500,3.947888185823557,17.92849519476909,3.44374413217685,20.737497575414505,0.9994750000000001
scaffolding_rapid,Default,10,D,5.589486384388347,4.670679430542799,500,1.8453216949715703,12.579443532803959,1.472922470189251,14.524034189398677,0.9880509999999999
scaffolding_rapid,DorsAttn,1,D,-15.273007384197776,-13.80910821279335,500,-28.035680110703964,-6.953199138520561,-32.72104534772603,-6.299098701778005,6e-06
scaffolding_rapid,DorsAttn,5,D,-11.060695276909923,-9.629141153205266,500,-23.310485587664914,-4.3590656304821325,-28.580578899946094,-3.842246480204795,0.00035099999999999997
scaffolding_rapid,DorsAttn,10,D,-6.60183493584051,-5.284826240891499,500,-15.931234734272893,-1.9965859229424843,-19.774960705793777,-1.5434085597210478,0.011006
scaffolding_rapid,Limbic,1,D,0.7529609835278704,0.7696798527601074,500,0.32405616649437796,1.1428780988467018,0.26273687327142925,1.1911827710855356,0.8050080000000001
scaffolding_rapid,Limbic,5,D,0.8451566832650161,0.8149348528260318,500,0.245864666556852,1.587352572071029,0.196651504374697,1.6904810355104936,0.837339
scaffolding_rapid,Limbic,10,D,0.5279477891485518,0.46581589150130376,500,0.020800139007115383,1.32284200178294,-0.027587358593038035,1.430098098241768,0.756596
scaffolding_rapid,SalVentAttn,1,D,-15.074544208226989,-13.700118971903798,500,-27.646145021682273,-6.948451538244893,-31.736868595481138,-6.278649263531712,6e-06
scaffolding_rapid,SalVentAttn,5,D,-11.018288998781934,-9.63596962524096,500,-23.008269412540983,-4.356461226156793,-28.242833458283506,-3.8504000266938627,0.000341
scaffolding_rapid,SalVentAttn,10,D,-6.607177904160037,-5.3118510485114125,500,-15.87223864895815,-2.0115226136696807,-19.67279232339527,-1.552859854956158,0.010841
scaffolding_rapid,SomMot,1,D,-15.176698847128758,-13.922944915018359,500,-27.381100850158717,-7.128891645829503,-30.643195304714453,-6.44606008346064,1e-05
scaffolding_rapid,SomMot,5,D,-11.831186065154368,-10.343661007097506,500,-25.26184814286985,-4.587488104251869,-30.51243487335231,-4.056667646917171,0.000321
scaffolding_rapid,SomMot,10,D,-7.051570792553234,-5.609401635258171,500,-17.525139505589006,-2.095920937740132,-20.88417045716591,-1.6195627271206856,0.009753
scaffolding_rapid,Vis,1,D,-14.838906929709307,-14.201460629646892,500,-24.109272612207793,-7.208564397747499,-24.817072865623285,-6.640978634057843,2e-05
scaffolding_rapid,Vis,5,D,-12.85617219491213,-11.390923220289096,500,-26.751767015043175,-4.941048255138615,-29.89038886597363,-4.296870669275075,0.00037
scaffolding_rapid,Vis,10,D,-7.5914706288308755,-6.023999042832909,500,-19.49902053967149,-2.167628567609527,-22.032885008397457,-1.6768000952859583,0.009559000000000002
substitution,Cont,1,D,0.566487643574838,0.5496156743897491,500,0.1409396449621911,1.0908035295326954,0.08135123594738819,1.1902911984510236,0.725277
substitution,Cont,5,D,0.3527248985429297,0.3298526322887571,500,-0.195260475714699,1.0428173557447529,-0.27273267801757173,1.2365870933743761,0.670881
substitution,Cont,10,D,-0.0980093045307998,-0.1328617029258013,500,-0.7222240574969037,0.6528748307945996,-0.8920848045223687,0.7770337870632428,0.507981
substitution,Default,1,D,5.790356707212501,5.58648009155355,500,3.425632404203863,8.82342725427034,3.2119030381766915,9.301787443822617,0.999426
substitution,Default,5,D,4.7709352552509685,4.380625982834463,500,2.302638414743025,8.379570097397057,2.0277511535767423,9.715393090046318,0.994677
substitution,Default,10,D,3.058580149683104,2.7282008052160354,500,1.067062332026116,6.39598226641017,0.8206578923290468,7.137608898242142,0.95868
substitution,DorsAttn,1,D,-0.3400592811036156,-0.33788358935728013,500,-0.6731354142360386,0.012746989698721956,-0.7269161678601807,0.10033917122242536,0.40345899999999996
substitution,DorsAttn,5,D,-0.4729136350176669,-0.47610452398083153,500,-0.8820891855140237,-0.03667620509218098,-0.9573240001520023,0.045248911428801705,0.418859
substitution,DorsAttn,10,D,-0.808048010980523,-0.8191182189506382,500,-1.3890526070533833,-0.2465820713927339,-1.4797697184893703,-0.1745860879249253,0.301962
substitution,Limbic,1,D,3.475480453940283,3.3532993550304564,500,2.063085053566311,5.355236679310939,1.905517225693982,5.584212227198577,0.993092
substitution,Limbic,5,D,3.0025565732791564,2.7906824375531474,500,1.4562705494814956,5.106903930451927,1.329761309707171,5.863967893393892,0.977953
substitution,Limbic,10,D,2.0258172470004987,1.896543752241556,500,0.6128634738560652,3.990359073020328,0.42624211640659326,4.5483000186410445,0.9142729999999999
substitution,SalVentAttn,1,D,0.7660772495820053,0.7133248853332528,500,0.1020322699607764,1.6297761851394272,0.02350001309444901,1.761551788529494,0.767576
substitution,SalVentAttn,5,D,0.39827606395430665,0.34927901598337574,500,-0.2548054716448046,1.2281848034805587,-0.37429758073058284,1.4438172493413488,0.673131
substitution,SalVentAttn,10,D,-0.10113577567014952,-0.15028906069757098,500,-0.8495505756840883,0.77899546135079,-1.0237189466072316,0.9275915278897063,0.506713
substitution,SomMot,1,D,2.6763818437308635,2.5598476552435434,500,1.3183138549593523,4.497729216162157,1.1999979466940673,4.8029440188591,0.9651320000000001
substitution,SomMot,5,D,1.7816275322493398,1.6358103414162395,500,0.6337611428601958,3.4492330734073113,0.530780537243004,3.8394762844445305,0.8807170000000001
substitution,SomMot,10,D,0.9975127939394295,0.8948412295741921,500,-0.05706329458743331,2.469621898671906,-0.25875795703658583,2.818875662952483,0.720645
substitution,Vis,1,D,3.4628492850315182,3.298709133839173,500,1.7762585171525633,5.767887388355269,1.665853683900298,6.091215289633748,0.9857539999999999
substitution,Vis,5,D,2.4057863957659373,2.203471006830931,500,0.9980577398780333,4.474833596446934,0.8796409441704595,5.063562961641358,0.937663
substitution,Vis,10,D,1.4574909045963407,1.3244434476832576,500,0.2205364007678276,3.267449363880652,0.02674656640479222,3.7764546807045782,0.8135609999999999
