scenario,outcome,year,mean,median,n,lo90,hi90,lo95,hi95,prsup,share_draws_positive,episodes_per_week,run
free_choice,D,1,0.011740624344448957,0.011675088358662525,200,0.008721272029210468,0.014892667217170462,0.008183849894474366,0.015318043702208546,0.88846,1.0,1,v_epw1
free_choice,D,5,0.03996882755771154,0.04030986089449164,200,0.028557831300285136,0.04787462931884203,0.027904731930958188,0.04991458448689157,0.9958449999999999,1.0,1,v_epw1
free_choice,D,10,0.04923786838965418,0.050010418888588745,200,0.037344931063008895,0.059396823654367575,0.034621106411304496,0.06127983273552608,0.99912,1.0,1,v_epw1
free_choice,G,1,-0.011769457940095918,-0.011814623098252004,200,-0.013749744701977712,-0.009928048972381009,-0.01407823573999429,-0.009613921794094657,0.08186,0.0,1,v_epw1
free_choice,G,5,-0.028808709576790426,-0.02936431885560499,200,-0.03521071445277127,-0.02106114630067952,-0.0362231667310943,-0.01981285578520884,0.004260000000000001,0.0,1,v_epw1
free_choice,G,10,-0.040507245307252776,-0.040749833743334275,200,-0.049206327382483,-0.030761665279202773,-0.05026719705441122,-0.02647667940052062,0.00096,0.0,1,v_epw1
free_choice,K,1,-0.013931249512697924,-0.01391499923656125,200,-0.016569186536150464,-0.011230106114735131,-0.017087828260405433,-0.010830073482203688,0.222105,0.0,1,v_epw1
free_choice,K,5,-0.02324828917376482,-0.02358978825408911,200,-0.031617512311783245,-0.014324237992571192,-0.03396896633156928,-0.013107266145510202,0.17735,0.0,1,v_epw1
free_choice,K,10,-0.0356493471323046,-0.03604914974850877,200,-0.04893239275529575,-0.020795946846804282,-0.05116939516073232,-0.01520072542630301,0.12059000000000002,0.0,1,v_epw1
free_choice,far,1,-0.012807518378184134,-0.012728388752960923,200,-0.015249061091447563,-0.01065308020159377,-0.015678980477016446,-0.010078514402460905,0.16906500000000002,0.0,1,v_epw1
free_choice,far,5,-0.0181800372378945,-0.01823974195194504,200,-0.022823688608188543,-0.013732248072979597,-0.023633267589399345,-0.012276155549335685,0.05357,0.0,1,v_epw1
free_choice,far,10,-0.01945339556203805,-0.01965753253352151,200,-0.026649951696279598,-0.013009612457240822,-0.02809042751394154,-0.011678902427978744,0.018879999999999997,0.0,1,v_epw1
free_choice,p_request,1,0.012041352700462606,0.011953041547091729,200,0.009461550608120027,0.015008355026712203,0.008980378223037627,0.015399250054964153,0.8706900000000001,1.0,1,v_epw1
free_choice,p_request,5,0.027096573434768415,0.02744431094691977,200,0.019912157706124506,0.03266564654429398,0.018271990107709326,0.034341881948037445,0.9867349999999999,1.0,1,v_epw1
free_choice,p_request,10,0.031104397637040215,0.03135994292509259,200,0.02289789540108694,0.03857342394800184,0.020123531105289024,0.03998114319858082,0.993355,1.0,1,v_epw1
free_choice,retention,1,-0.012768086229181385,-0.012757082363745972,200,-0.015710775303643038,-0.010077252068313641,-0.01611458928335435,-0.009457834486009111,0.163065,0.0,1,v_epw1
free_choice,retention,5,-0.02218553632022581,-0.022104846415213576,200,-0.02815515312316495,-0.0159419759922256,-0.02945863277327788,-0.014770843896812989,0.045155000000000015,0.0,1,v_epw1
free_choice,retention,10,-0.027553004059812817,-0.0276877030543349,200,-0.035731846897612274,-0.018999247738511586,-0.037091781246787914,-0.018101666357241128,0.01541,0.0,1,v_epw1
free_choice,unaided,1,-0.015898182460943263,-0.015828316028521423,200,-0.020089819959521103,-0.012175877690807784,-0.02052157030867064,-0.011892187587533824,0.16906500000000002,0.0,1,v_epw1
free_choice,unaided,5,-0.027918795833912494,-0.028151442172854188,200,-0.035997392553812145,-0.019415715964315055,-0.037764075912216685,-0.017417645959642174,0.05357,0.0,1,v_epw1
free_choice,unaided,10,-0.03477734720557826,-0.0345948530888983,200,-0.04467063792777847,-0.023812614411266555,-0.04706576185863551,-0.021812489998659826,0.018879999999999997,0.0,1,v_epw1
scaffolding_nofade,D,1,-0.0047174343858733285,-0.004549751447364829,200,-0.006785558695283488,-0.0031544976081998278,-0.006885069910069104,-0.0030431403752158074,5e-06,0.0,1,v_epw1
scaffolding_nofade,D,5,-0.020530485281220336,-0.020234184522944322,200,-0.027445100059749192,-0.013909532016300914,-0.02907892685900112,-0.012945493921304785,5e-06,0.0,1,v_epw1
scaffolding_nofade,D,10,-0.03041926578581222,-0.03019644125156565,200,-0.03894770714013596,-0.021658649389741366,-0.039131704447001585,-0.019895237894081853,5e-06,0.0,1,v_epw1
scaffolding_nofade,G,1,0.005857966350785849,0.0057345674183365055,200,0.004722672216038431,0.0074868161793735675,0.004562003845915769,0.007823933661099536,0.999615,1.0,1,v_epw1
scaffolding_nofade,G,5,0.014533646510529796,0.01442558012099358,200,0.0107334330054008,0.01908734647183821,0.009720745009349479,0.019562272902309576,0.9999850000000001,1.0,1,v_epw1
scaffolding_nofade,G,10,0.0220100506307712,0.021758203540610203,200,0.01513712427345071,0.02944089338128562,0.013790587103108156,0.029901111145625933,1.0,1.0,1,v_epw1
scaffolding_nofade,K,1,0.01732647404185215,0.017018730927738795,200,0.014473037949808316,0.021462172483075137,0.013727784539680418,0.022211350328306425,0.9996200000000001,1.0,1,v_epw1
scaffolding_nofade,K,5,0.02581980126069773,0.025548415014091545,200,0.019328350176142328,0.033434271014254564,0.017539506812495546,0.03520300819653292,0.9999800000000001,1.0,1,v_epw1
scaffolding_nofade,K,10,0.035546707904183246,0.03523864356257926,200,0.020996463907110033,0.052548723946332136,0.020238770310428065,0.05622744538863141,0.999955,1.0,1,v_epw1
scaffolding_nofade,far,1,0.012638341498718321,0.012576194280110774,200,0.010001765830352023,0.01537205824050027,0.009603841380134013,0.01621165120005073,0.9995400000000001,1.0,1,v_epw1
scaffolding_nofade,far,5,0.016464647743131444,0.016592010035860826,200,0.01338528521364145,0.019437917457353897,0.012780345005125376,0.020218095577012627,0.9999799999999999,1.0,1,v_epw1
scaffolding_nofade,far,10,0.01703011193264591,0.017094859349877766,200,0.013565729099750259,0.02002083664161304,0.01246196568211933,0.021260275764320557,0.99997,1.0,1,v_epw1
scaffolding_nofade,p_request,1,-0.010347373685081653,-0.010153503601795157,200,-0.013917673502068446,-0.007678199777239124,-0.015151678805925566,-0.007101884548093948,0.0,0.0,1,v_epw1
scaffolding_nofade,p_request,5,-0.020306393519035373,-0.020312092704915866,200,-0.02664605359478864,-0.014782764514946352,-0.02764102085591626,-0.013337354372816664,0.0,0.0,1,v_epw1
scaffolding_nofade,p_request,10,-0.02500004285430582,-0.025075739298846815,200,-0.03118212217612054,-0.017965282221681665,-0.03152033464831553,-0.01681672405344913,0.0,0.0,1,v_epw1
scaffolding_nofade,retention,1,0.01186148668721906,0.011667138794505594,200,0.008634459929211469,0.015290861869590524,0.008444401548999858,0.01636026302245062,0.999565,1.0,1,v_epw1
scaffolding_nofade,retention,5,0.018244751342323052,0.018103968411831838,200,0.013278812768214484,0.023143642394333596,0.01277233058596899,0.02391510382555912,0.9999850000000001,1.0,1,v_epw1
scaffolding_nofade,retention,10,0.02212834574481972,0.02231462693084131,200,0.015825627140920766,0.027490741886748982,0.014935022852996874,0.028339537306319437,0.99997,1.0,1,v_epw1
scaffolding_nofade,unaided,1,0.015057662880250122,0.01472444668194062,200,0.010994297945416428,0.020546829998815047,0.010434806752373895,0.021579136577747814,0.9995400000000001,1.0,1,v_epw1
scaffolding_nofade,unaided,5,0.0234774299392,0.023044071925383686,200,0.017227318958423197,0.03082067753863188,0.015244986057084057,0.031822519599506,0.9999799999999999,1.0,1,v_epw1
scaffolding_nofade,unaided,10,0.028510058746705882,0.02888448120171727,200,0.020779785709924056,0.03585855464254225,0.017822603732641554,0.036704147700317734,0.99997,1.0,1,v_epw1
scaffolding_rapid,D,1,-0.01969494451788077,-0.019503969909449113,200,-0.02537838569360775,-0.014003922957330519,-0.02565300587214877,-0.013192420226889623,0.0007400000000000001,0.0,1,v_epw1
scaffolding_rapid,D,5,-0.06341567704726211,-0.06399682527023653,200,-0.07523858076576907,-0.04961993984332314,-0.0769498506001097,-0.04595003894019464,0.0,0.0,1,v_epw1
scaffolding_rapid,D,10,-0.07606410279333572,-0.0767699030271993,200,-0.08924861115055932,-0.06227802439421312,-0.09021541192532653,-0.05567665347188624,0.0,0.0,1,v_epw1
scaffolding_rapid,G,1,0.00464220314039707,0.004578739269036477,200,0.0019610664952036654,0.007354581075058618,0.001706106181559078,0.007771484082426079,0.802275,1.0,1,v_epw1
scaffolding_rapid,G,5,0.024531689074081355,0.0246541844053709,200,0.01958311405385702,0.02928630922788906,0.01779924128201444,0.030527254515439518,0.9987200000000002,1.0,1,v_epw1
scaffolding_rapid,G,10,0.03716125563664782,0.03715569021566871,200,0.03069388535828941,0.04360455325196722,0.028070118261229238,0.045270216472332175,0.9999600000000001,1.0,1,v_epw1
scaffolding_rapid,K,1,0.010485071614280922,0.010198812485793303,200,0.007165589407910348,0.014485361833819837,0.006535988981642032,0.015935989287324,0.85923,1.0,1,v_epw1
scaffolding_rapid,K,5,0.01974807205273939,0.019655830129546664,200,0.012082261377736067,0.02846490345941328,0.010057895432724883,0.03022123407375402,0.8619800000000001,1.0,1,v_epw1
scaffolding_rapid,K,10,0.031224161327726385,0.03108971650873766,200,0.015080212173530802,0.050593808415648776,0.01264548835271595,0.053150048235949425,0.912875,1.0,1,v_epw1
scaffolding_rapid,far,1,0.005131106106691895,0.005063678118196871,200,0.002040483364888247,0.008300564360451141,0.0017588986149535465,0.009239137181097076,0.72536,1.0,1,v_epw1
scaffolding_rapid,far,5,0.012691654927334766,0.012840327036642271,200,0.009081825945197223,0.01627417444926299,0.008510234117606744,0.016983819732176293,0.8948599999999999,1.0,1,v_epw1
scaffolding_rapid,far,10,0.017182126088399998,0.01712322958408899,200,0.012791756076438211,0.020936125395273425,0.011759863331073407,0.02148704802986835,0.986335,1.0,1,v_epw1
scaffolding_rapid,p_request,1,-0.014180456388590622,-0.01418624751791276,200,-0.01780221335306821,-0.010608402681845376,-0.018692077484746765,-0.00987011251946665,0.0008900000000000003,0.0,1,v_epw1
scaffolding_rapid,p_request,5,-0.03672949361643356,-0.03727731958342895,200,-0.042131702905729984,-0.029591606960650753,-0.04291596236734944,-0.02696548892920249,0.0,0.0,1,v_epw1
scaffolding_rapid,p_request,10,-0.0429265509834886,-0.04342208492685491,200,-0.048593413002997264,-0.03476583985829007,-0.04988860407856026,-0.03216629474408325,0.0,0.0,1,v_epw1
scaffolding_rapid,retention,1,0.0056995702407446865,0.00555539674149814,200,0.002500596648292642,0.009206277252953652,0.00225516601838109,0.010248892303236517,0.736035,1.0,1,v_epw1
scaffolding_rapid,retention,5,0.015724715896025653,0.01580169227418875,200,0.010837587953937047,0.02093392990418835,0.01039675236572764,0.021666635599690443,0.9058949999999999,1.0,1,v_epw1
scaffolding_rapid,retention,10,0.023481273131241594,0.023786663429558957,200,0.016966418669777654,0.02925884556835256,0.016207766778473447,0.029937729624878836,0.98891,1.0,1,v_epw1
scaffolding_rapid,unaided,1,0.007699574692191283,0.007409395620305206,200,0.0034034243284335893,0.013040748314178697,0.0030753043768668342,0.013980863607195172,0.72536,1.0,1,v_epw1
scaffolding_rapid,unaided,5,0.019971540684438918,0.019950607818573204,200,0.012899812111130473,0.027410635936494628,0.011950623096991426,0.028739783842052787,0.8948599999999999,1.0,1,v_epw1
scaffolding_rapid,unaided,10,0.02926506877773942,0.029855457152153007,200,0.01994956855888525,0.03656734334198738,0.01815325986588826,0.037904216677558035,0.986335,1.0,1,v_epw1
substitution,D,1,0.05592835668388215,0.056255707523408444,200,0.04328026493840138,0.06975051528344041,0.040194270533241615,0.07131815129518959,0.9995050000000001,1.0,1,v_epw1
substitution,D,5,0.17678764329308858,0.17616782590217597,200,0.15174401344599758,0.19875059496385722,0.14429231367815043,0.2052287252273169,1.0,1.0,1,v_epw1
substitution,D,10,0.1946613814526565,0.19651218401996012,200,0.1383247259376982,0.23568631889059427,0.13164646332024907,0.23782608270985817,1.0,1.0,1,v_epw1
substitution,G,1,-0.06259073486155357,-0.06302779716820951,200,-0.07122611896972425,-0.05311935950390145,-0.07360713923317071,-0.0522951304874882,0.0,0.0,1,v_epw1
substitution,G,5,-0.13162569417624417,-0.13229211531122492,200,-0.14871203865027613,-0.1144958007413221,-0.1519155840546664,-0.11156920538891309,0.0,0.0,1,v_epw1
substitution,G,10,-0.15533343133545688,-0.15701921868480906,200,-0.178075189200156,-0.12398632237414899,-0.1791784010763406,-0.11856491710598108,0.0,0.0,1,v_epw1
substitution,K,1,-0.09996073227633259,-0.09912194456972101,200,-0.11961668713758489,-0.08368080093700216,-0.12167186786771284,-0.08202375675688282,0.0,0.0,1,v_epw1
substitution,K,5,-0.13804188113614171,-0.13805527914034244,200,-0.16309287231404385,-0.11440876899079962,-0.16572100982132276,-0.11025772003138719,0.0,0.0,1,v_epw1
substitution,K,10,-0.1585027560562464,-0.15907990214952356,200,-0.19003264058983127,-0.12257937558597673,-0.19878629154709773,-0.11797460011789093,0.0,0.0,1,v_epw1
substitution,far,1,-0.07954277777797739,-0.0795060370140646,200,-0.09345868029234614,-0.06544013881338068,-0.09536533026852737,-0.06141213000821914,0.0,0.0,1,v_epw1
substitution,far,5,-0.09812928491068754,-0.09869117880299091,200,-0.11720428283492773,-0.07853667301524069,-0.1182622451138211,-0.07622008237160967,0.0,0.0,1,v_epw1
substitution,far,10,-0.08890693155992885,-0.09032748273586805,200,-0.11965845584324074,-0.04991870226305102,-0.12207434722281228,-0.04852096478203235,0.0,0.0,1,v_epw1
substitution,p_request,1,0.07288229546340813,0.07227677257717414,200,0.057069784487882136,0.0897006894851466,0.05540228411805029,0.0959633674601209,0.999685,1.0,1,v_epw1
substitution,p_request,5,0.13318375235248445,0.13276986295774165,200,0.1144040798181279,0.15375718318039158,0.10953735892761045,0.15798007959404298,1.0,1.0,1,v_epw1
substitution,p_request,10,0.13119697889370374,0.13216262501513298,200,0.08390599272051608,0.16779173586791415,0.08124897262420121,0.17228636745498638,1.0,1.0,1,v_epw1
substitution,retention,1,-0.08260488415184165,-0.08255900690516622,200,-0.1019556782747371,-0.0647253877107574,-0.10415683232189,-0.060968256144889516,0.0,0.0,1,v_epw1
substitution,retention,5,-0.12062795576788363,-0.12144376000361126,200,-0.13941424258839125,-0.1000045454486438,-0.14609524650760247,-0.09337568558363699,0.0,0.0,1,v_epw1
substitution,retention,10,-0.1233358076356195,-0.12516348496839153,200,-0.15227795939513014,-0.0823931719762207,-0.15681699406230093,-0.0811098772553052,0.0,0.0,1,v_epw1
substitution,unaided,1,-0.10242293528358692,-0.10152710087588368,200,-0.127765026815648,-0.07956293225913717,-0.13406287587121923,-0.0770553691469596,0.0,0.0,1,v_epw1
substitution,unaided,5,-0.14619181076278537,-0.14713027047453198,200,-0.17187530550219043,-0.12177894053335242,-0.1749136010531976,-0.11363236256879523,0.0,0.0,1,v_epw1
substitution,unaided,10,-0.14768406867837022,-0.15031256520640926,200,-0.18294140152292293,-0.09924659682572562,-0.18710844051342831,-0.0943431074064522,0.0,0.0,1,v_epw1
free_choice,D,1,0.017323287694652266,0.017252522014806607,500,0.011113533243410481,0.02437819076521695,0.01060632914644489,0.025724768053554392,0.9555820000000002,1.0,3,v_main
free_choice,D,5,0.028733401073454054,0.028249541917158713,500,0.013700088824610795,0.04532508524607221,0.012350072461403292,0.05128781516668725,0.9962629999999999,1.0,3,v_main
free_choice,D,10,0.04118327480051521,0.04243642277970725,500,0.0184532531204895,0.06147771166835626,0.015075304640865827,0.06365090690133891,0.9984059999999999,1.0,3,v_main
free_choice,G,1,-0.012079446194095457,-0.011875289644762567,500,-0.01644336022508379,-0.008611722511945676,-0.017545393520823266,-0.008134771952797059,0.04139,0.0,3,v_main
free_choice,G,5,-0.020558861405377847,-0.019918644587037612,500,-0.03189005738143263,-0.010705248889181028,-0.035864506665198435,-0.009714713292483832,0.006342,0.0,3,v_main
free_choice,G,10,-0.0323832633115444,-0.032283956750200064,500,-0.05219287631466939,-0.014096880157457576,-0.057268692693432224,-0.011976301034386056,0.0037120000000000005,0.0,3,v_main
free_choice,K,1,-0.007036520846508604,-0.006788383378868328,500,-0.011034980747210626,-0.003967669862072616,-0.012184064946387994,-0.00369464387717012,0.337903,0.0,3,v_main
free_choice,K,5,-0.009418135082789889,-0.008589693287165003,500,-0.018047401676067897,-0.003320261953648714,-0.021895499107550582,-0.002613034920766155,0.40587100000000004,0.0,3,v_main
free_choice,K,10,-0.02063807837015185,-0.01814713181938088,500,-0.042845343186730195,-0.004741193258623948,-0.04722103796023325,-0.0036458631330384566,0.312183,0.0,3,v_main
free_choice,far,1,-0.01019777329569187,-0.010029443264002067,500,-0.01436831451688615,-0.006963443732173407,-0.015188387156651823,-0.006568973003428954,0.155255,0.0,3,v_main
free_choice,far,5,-0.013667277645897804,-0.013218380074813067,500,-0.020774014614707226,-0.007589159063221546,-0.023357870755471275,-0.006747687589362321,0.07889199999999999,0.0,3,v_main
free_choice,far,10,-0.01862749357206463,-0.01884888420320627,500,-0.02737960373041833,-0.009308720662272856,-0.028695281407679976,-0.008076535620401533,0.051882000000000005,0.0,3,v_main
free_choice,p_request,1,0.010608140165430605,0.010271323148351769,500,0.006356522759885638,0.016019368065187074,0.006016212802454422,0.01716329068518719,0.922908,1.0,3,v_main
free_choice,p_request,5,0.016486771331342315,0.016037006770290168,500,0.007167903564788954,0.02718494815027588,0.006229928773742452,0.030989146840158802,0.9485029999999999,1.0,3,v_main
free_choice,p_request,10,0.024504544234285844,0.025254145931273595,500,0.009784355915642301,0.03760815573488274,0.00807397557139837,0.03903067822824854,0.9644289999999999,1.0,3,v_main
free_choice,retention,1,-0.007812060092704818,-0.0076534775821003554,500,-0.01122555801925311,-0.0051724720541212205,-0.01209108071333319,-0.004857926514350535,0.139563,0.0,3,v_main
free_choice,retention,5,-0.012578868550117027,-0.012197333780546842,500,-0.01993204594232888,-0.0063902858875582655,-0.023125161668024943,-0.005645060441590797,0.06301299999999999,0.0,3,v_main
free_choice,retention,10,-0.019788241234744562,-0.019946802692881918,500,-0.031882166047966835,-0.00842549615914854,-0.033890142611916155,-0.0071000999941466265,0.041892,0.0,3,v_main
free_choice,unaided,1,-0.009084518771134583,-0.008651575593279167,500,-0.014417464948372927,-0.005404720844561085,-0.016165263195454145,-0.004935092871617436,0.155255,0.0,3,v_main
free_choice,unaided,5,-0.01546987260858025,-0.014653502047862534,500,-0.026740771846621464,-0.006581534902366755,-0.031367116563114666,-0.00575068265155633,0.078892,0.0,3,v_main
free_choice,unaided,10,-0.026339870930251634,-0.026162958432298124,500,-0.04391800423770965,-0.009653876245949494,-0.04738340421983215,-0.0079227092746776,0.051882000000000005,0.0,3,v_main
scaffolding_nofade,D,1,-0.0053534259314917745,-0.005089719160590773,500,-0.008493609067799298,-0.0032413662836922553,-0.009215175691408084,-0.0029964476274996726,3e-06,0.0,3,v_main
scaffolding_nofade,D,5,-0.01093480425970819,-0.010517491638566292,500,-0.019315938962181995,-0.004454536274744133,-0.02169708867909672,-0.003826592618134114,0.0,0.0,3,v_main
scaffolding_nofade,D,10,-0.020325684667222448,-0.01934005699098701,500,-0.03650288805059881,-0.006661081146540221,-0.03919837957936834,-0.005100007241905172,2e-06,0.0,3,v_main
scaffolding_nofade,G,1,0.005019817412603425,0.0048870363402067785,500,0.003548471438840759,0.007114917897883922,0.003362425647327874,0.007724905350602248,0.999962,1.0,3,v_main
scaffolding_nofade,G,5,0.008847864271781686,0.008522645823899819,500,0.004651311739734219,0.01445980450231622,0.004292266788307258,0.01573369841118284,0.999997,1.0,3,v_main
scaffolding_nofade,G,10,0.01568711316155769,0.014651652152993789,500,0.006386558208959068,0.027981367359525267,0.005203554513562222,0.029722763888445955,0.999996,1.0,3,v_main
scaffolding_nofade,K,1,0.011696326103489833,0.01147080060814695,500,0.008467562193260275,0.015989046445795383,0.008131075416936044,0.01660472721203325,0.999925,1.0,3,v_main
scaffolding_nofade,K,5,0.013916570209838353,0.013319754238465216,500,0.008457070578130837,0.021149005573838798,0.007842855308384475,0.023193675264429517,0.999959,1.0,3,v_main
scaffolding_nofade,K,10,0.02281847632410288,0.020952977734511463,500,0.010440187843170242,0.04115479059890374,0.009319274754698136,0.045853224437419814,0.9999730000000001,1.0,3,v_main
scaffolding_nofade,far,1,0.010387125100760184,0.010135029894078735,500,0.00730628284501661,0.014410461508838162,0.007043716776281688,0.015143233938729137,0.9998640000000001,1.0,3,v_main
scaffolding_nofade,far,5,0.012620699885915115,0.012371401975825366,500,0.007791424850773115,0.01806170831549508,0.007285869821002619,0.01891379433478524,0.999971,1.0,3,v_main
scaffolding_nofade,far,10,0.01669523890527354,0.01687426654766603,500,0.009738674617479163,0.023211884077275997,0.008577346056492042,0.0244074340692385,0.9999750000000001,1.0,3,v_main
scaffolding_nofade,p_request,1,-0.007349102928844124,-0.006942973975575635,500,-0.011284812394707276,-0.004689297007180494,-0.012211673170473083,-0.004476458108746566,0.0,0.0,3,v_main
scaffolding_nofade,p_request,5,-0.01086111483922371,-0.010450172069939694,500,-0.018044278640785998,-0.005239151566635986,-0.019863359504697288,-0.00465587086759799,0.0,0.0,3,v_main
scaffolding_nofade,p_request,10,-0.017803811707925804,-0.017213406161237635,500,-0.029794925417883433,-0.0072213027901264215,-0.031755604400898876,-0.005652495850448644,0.0,0.0,3,v_main
scaffolding_nofade,retention,1,0.007224121046462779,0.007012654675087698,500,0.004871719051202964,0.010269150502889892,0.00467937882157243,0.010877349031750277,0.9998789999999999,1.0,3,v_main
scaffolding_nofade,retention,5,0.009954126644689275,0.009697029917279332,500,0.005563756925243356,0.01490002186651919,0.005134474843772691,0.01620746427079631,0.9999790000000001,1.0,3,v_main
scaffolding_nofade,retention,10,0.015494798011084504,0.015194029873407516,500,0.007321048945861232,0.024608343999229575,0.00639374085660455,0.026281225921632415,0.999981,1.0,3,v_main
scaffolding_nofade,unaided,1,0.00862231393857855,0.008127533656716413,500,0.005306471530957031,0.013885418870581513,0.004982614384496942,0.014706356806222037,0.9998640000000001,1.0,3,v_main
scaffolding_nofade,unaided,5,0.012473038341000124,0.011802153723895356,500,0.006199398143549409,0.020990641127978132,0.0055597131372299765,0.022915525627706525,0.999971,1.0,3,v_main
scaffolding_nofade,unaided,10,0.020929780362209875,0.02011399795869625,500,0.008577363648414407,0.03552223099474522,0.007139553222151366,0.037780996341541556,0.9999750000000001,1.0,3,v_main
scaffolding_rapid,D,1,-0.036215505381726354,-0.03562626984032709,500,-0.048851330958622305,-0.024583663335096907,-0.05076733178063255,-0.02310941644903377,1.4000000000000001e-05,0.0,3,v_main
scaffolding_rapid,D,5,-0.06828428386737499,-0.06847255528632813,500,-0.09489760578720413,-0.04245373800102262,-0.10037609071066234,-0.0401494489732439,0.0,0.0,3,v_main
scaffolding_rapid,D,10,-0.08622240087152366,-0.08807549660139637,500,-0.1160943383323466,-0.05185386308793287,-0.1190948531987539,-0.045395940268763126,0.0,0.0,3,v_main
scaffolding_rapid,G,1,0.007610638215905006,0.007517745994754492,500,0.0032570301897066564,0.012187441074259961,0.0025110450513480317,0.013057374854010704,0.934913,1.0,3,v_main
scaffolding_rapid,G,5,0.02860088166823175,0.02834604356402137,500,0.01872288666992496,0.03937282606440569,0.016667965410826633,0.041863251012468856,0.9999839999999999,1.0,3,v_main
scaffolding_rapid,G,10,0.044864835313649806,0.04480864586252775,500,0.027749292889700156,0.0620657261177649,0.02372343692872459,0.06357269241287722,1.0,1.0,3,v_main
scaffolding_rapid,K,1,0.004364371724180938,0.00412649296004247,500,0.0017330476294158573,0.007920253725724637,0.001466427252381795,0.008786818334707782,0.5812339999999999,1.0,3,v_main
scaffolding_rapid,K,5,0.0068767105961572116,0.006333615707849585,500,0.002034550063814717,0.013871315770881168,0.0014520032590652932,0.015019050251675915,0.563268,1.0,3,v_main
scaffolding_rapid,K,10,0.016253069406998364,0.013977219097163582,500,0.0037202283416759418,0.03658801133294811,0.0022100900706422504,0.0407010018852384,0.686496,1.0,3,v_main
scaffolding_rapid,far,1,0.002401562381794629,0.0024490071161172152,500,-0.0009319533875445479,0.005574998327922625,-0.0014089805178087492,0.007022608344177832,0.470543,0.864,3,v_main
scaffolding_rapid,far,5,0.013386757975394,0.013115230168381072,500,0.007451286307263992,0.0206112397407702,0.006724496473483954,0.022331469534197883,0.9652149999999999,1.0,3,v_main
scaffolding_rapid,far,10,0.023370264264789338,0.023281832026949403,500,0.012565842543578978,0.03328016381385738,0.011432166046805654,0.03555981741371666,0.995946,1.0,3,v_main
scaffolding_rapid,p_request,1,-0.01674281920963599,-0.01663008081583499,500,-0.023623710687502915,-0.010751162514015325,-0.024969558228532952,-0.009975628391303,1.9e-05,0.0,3,v_main
scaffolding_rapid,p_request,5,-0.03097429265666054,-0.031188106291077315,500,-0.04421411033062926,-0.017540643074054136,-0.04791645451274792,-0.01626194713237734,0.0,0.0,3,v_main
scaffolding_rapid,p_request,10,-0.042974803305130295,-0.044348745591891524,500,-0.0598293172972713,-0.022592674370273017,-0.061612463478942635,-0.019270264131981622,0.0,0.0,3,v_main
scaffolding_rapid,retention,1,0.002511692366301056,0.002505490521748187,500,4.094184449376693e-05,0.004974206211879549,-0.00021002098934411973,0.006214934837067781,0.5178619999999999,0.954,3,v_main
scaffolding_rapid,retention,5,0.012701862039538705,0.012308219046222316,500,0.007144538696546953,0.01985655640236724,0.006416218478733098,0.021107508657443076,0.9804700000000001,1.0,3,v_main
scaffolding_rapid,retention,10,0.023831572080015146,0.02361137592659305,500,0.011851821008846788,0.036127833848670826,0.01075094606920081,0.038770442555364444,0.997995,1.0,3,v_main
scaffolding_rapid,unaided,1,0.0031683924144924667,0.0029456428136297487,500,0.00019621336221758726,0.00684393592122257,-9.365987004317556e-05,0.008150752845543237,0.470543,0.97,3,v_main
scaffolding_rapid,unaided,5,0.013335074858153327,0.012560767904493446,500,0.006379876643382459,0.022813989056269746,0.005300911289187014,0.025188170577464867,0.9652149999999999,1.0,3,v_main
scaffolding_rapid,unaided,10,0.02725680272308006,0.02658297301626366,500,0.010957108353019735,0.04531748570430536,0.009598807337960268,0.0476978359411567,0.995946,1.0,3,v_main
substitution,D,1,0.0982493366295474,0.0973609985023971,500,0.07065769933325279,0.12678761725990764,0.06620838417771215,0.13264781237772522,0.999972,1.0,3,v_main
substitution,D,5,0.18747592328314358,0.19129044744259105,500,0.12792129637128877,0.23838939633845552,0.11758924032768023,0.2484885559866626,1.0,1.0,3,v_main
substitution,D,10,0.2324856977366422,0.23974492635120687,500,0.15601676533160885,0.27837168967008524,0.1434384099572578,0.28323237581371136,1.0,1.0,3,v_main
substitution,G,1,-0.07635905251949568,-0.07548684096802893,500,-0.09602944409371852,-0.0589355660576838,-0.09869759658989295,-0.05647905035700592,0.0,0.0,3,v_main
substitution,G,5,-0.14239588563868566,-0.14360211423293306,500,-0.18011600492185492,-0.1028334012608047,-0.1881989727264356,-0.09560565411487679,0.0,0.0,3,v_main
substitution,G,10,-0.1860997132410118,-0.19098419766581315,500,-0.22854994964005068,-0.12758869562411929,-0.2325738531509727,-0.11789022338925463,0.0,0.0,3,v_main
substitution,K,1,-0.0727511193344362,-0.07068489763370553,500,-0.09707867222017573,-0.051728617826514,-0.1045268657732348,-0.049283314289118176,0.0,0.0,3,v_main
substitution,K,5,-0.09890693346546076,-0.09648026816677852,500,-0.14291226986020267,-0.06241160016312138,-0.1518479096100889,-0.056027725999054104,0.0,0.0,3,v_main
substitution,K,10,-0.1469058867475034,-0.14613731011713726,500,-0.21435927902662882,-0.07820869939538655,-0.2221267961330457,-0.06921223829824381,0.0,0.0,3,v_main
substitution,far,1,-0.08209909125760914,-0.08140766742790159,500,-0.10400935269715977,-0.06265093071695833,-0.10852651462002298,-0.060669085035910356,0.0,0.0,3,v_main
substitution,far,5,-0.1157239775743898,-0.1166361401036094,500,-0.14099053028711964,-0.08572802173494772,-0.14441812622641678,-0.08209119627848391,0.0,0.0,3,v_main
substitution,far,10,-0.13150984186153505,-0.13402556535297908,500,-0.152071746306603,-0.10245844865538184,-0.15594533068246527,-0.09577789757062032,0.0,0.0,3,v_main
substitution,p_request,1,0.07519711154131675,0.07356518670017473,500,0.052375563665862955,0.10251120921584532,0.050381251675544414,0.10900210238560194,0.9999790000000001,1.0,3,v_main
substitution,p_request,5,0.1226218352813162,0.12371168579749112,500,0.07999159601440098,0.1624699952277066,0.07381521638673248,0.17020117621960013,1.0,1.0,3,v_main
substitution,p_request,10,0.1525799414197165,0.15676167044264883,500,0.10233664564396677,0.18652773130714898,0.08927313773501594,0.1926222577750739,1.0,1.0,3,v_main
substitution,retention,1,-0.06404403737125502,-0.06272376703805893,500,-0.08567021424747782,-0.04596151864956178,-0.08962112278076581,-0.044318772474688295,0.0,0.0,3,v_main
substitution,retention,5,-0.10541049211874054,-0.10577194945177729,500,-0.13900297938491896,-0.07065122853787854,-0.14334139944227603,-0.0658103099164836,0.0,0.0,3,v_main
substitution,retention,10,-0.13699765544369996,-0.140454315862035,500,-0.16781198845158166,-0.09306293147626354,-0.17147131665518994,-0.08471854817904631,0.0,0.0,3,v_main
substitution,unaided,1,-0.07656397558009038,-0.07351774994974627,500,-0.10974489934060451,-0.050595546879298334,-0.11801190696801676,-0.04811219912757067,0.0,0.0,3,v_main
substitution,unaided,5,-0.12594705330472158,-0.12502663189476593,500,-0.17868872537466451,-0.0768279534736431,-0.18698650640243655,-0.0700696346475785,0.0,0.0,3,v_main
substitution,unaided,10,-0.16932888948575092,-0.17504572844775396,500,-0.21323671893342436,-0.10468603178415271,-0.21728269819620602,-0.09374826113652958,0.0,0.0,3,v_main
free_choice,D,1,0.012887121186781385,0.012687686904675513,200,0.007047377243271389,0.01961707327749887,0.006363391343269049,0.020912639921178304,0.96324,1.0,5,v_epw5
free_choice,D,5,0.015491234908482839,0.014915247085273038,200,0.00596982215186071,0.02528377276580084,0.005422567906127935,0.029349166373646353,0.9959049999999999,1.0,5,v_epw5
free_choice,D,10,0.02782443019871468,0.027100298268275785,200,0.00841700111799421,0.052553828761555725,0.006048849995760954,0.05604767694188003,0.998515,1.0,5,v_epw5
free_choice,G,1,-0.008150174284704664,-0.008003200734905342,200,-0.012088851079188697,-0.0054400761892214496,-0.01258980222389747,-0.005135142521281152,0.036395,0.0,5,v_epw5
free_choice,G,5,-0.011009676238415337,-0.010530168947026167,200,-0.018061563982869507,-0.005186515274999111,-0.02023509065951817,-0.00467846487031629,0.010010000000000002,0.0,5,v_epw5
free_choice,G,10,-0.02080864715106874,-0.01938700348173353,200,-0.040080153074904576,-0.00712801463896543,-0.046054517551400935,-0.005801233930722566,0.00506,0.0,5,v_epw5
free_choice,K,1,-0.0020886432193986705,-0.0019149227243515634,200,-0.0039042499999479736,-0.0008606739431504306,-0.004354475605204814,-0.0007698388821833619,0.469985,0.0,5,v_epw5
free_choice,K,5,-0.0030124568995603175,-0.0025273593496377136,200,-0.006889755725359414,-0.0007130033336624989,-0.007439870002169068,-0.0005644616851787571,0.51238,0.0,5,v_epw5
free_choice,K,10,-0.010440416923875121,-0.007963860534505079,200,-0.02704885702890203,-0.0011630958995408165,-0.034859136586804784,-0.0008673986564964589,0.414865,0.0,5,v_epw5
free_choice,far,1,-0.0050982363058378844,-0.00497292481023455,200,-0.007621316601377942,-0.0030770445349001412,-0.008419374014096027,-0.0028859344661954873,0.13741,0.0,5,v_epw5
free_choice,far,5,-0.006999035398798465,-0.006720275782237797,200,-0.011984657055548744,-0.00326941861420872,-0.012696485437152611,-0.0030167734303772897,0.083015,0.0,5,v_epw5
free_choice,far,10,-0.012844551599307174,-0.012293598751476342,200,-0.02335730901401516,-0.004492811449852539,-0.02468752683663774,-0.0035261450046780466,0.04984,0.0,5,v_epw5
free_choice,p_request,1,0.005848252949351531,0.005590435115238348,200,0.002911560300697052,0.009886890428238617,0.002457078396454008,0.010348362125668503,0.92926,1.0,5,v_epw5
free_choice,p_request,5,0.007726623889779329,0.007327593652713108,200,0.0025671840506299066,0.013817884356911428,0.00218357043714717,0.015817022267719093,0.9194649999999999,1.0,5,v_epw5
free_choice,p_request,10,0.015709689110465525,0.014905597341262459,200,0.004067602909592523,0.030626835935650895,0.002675061999038901,0.03396311920245984,0.9527100000000001,1.0,5,v_epw5
free_choice,retention,1,-0.003755238709726586,-0.0036726583925081524,200,-0.005613267269552822,-0.0022169658665467645,-0.0062958476759675,-0.00209227857679164,0.11632999999999999,0.0,5,v_epw5
free_choice,retention,5,-0.005843544013990346,-0.00558669805280766,200,-0.009924688528543509,-0.0025079886840898274,-0.011493515305379072,-0.0023155618701257894,0.06701,0.0,5,v_epw5
free_choice,retention,10,-0.011881996134202568,-0.011080830681367301,200,-0.023921398375767552,-0.003638439749947204,-0.025279005213670134,-0.0027811899699676295,0.03971,0.0,5,v_epw5
free_choice,unaided,1,-0.0036624363939769065,-0.003424158955691453,200,-0.0062569024204024775,-0.0018671996557306247,-0.00711594265843909,-0.001698104733220656,0.13741,0.0,5,v_epw5
free_choice,unaided,5,-0.006354754660500796,-0.005878594411114434,200,-0.012630857303388763,-0.0021761881704052627,-0.013579998756062552,-0.0018772496683411297,0.08301,0.0,5,v_epw5
free_choice,unaided,10,-0.015533090784021713,-0.014178234654345739,200,-0.03353735237438374,-0.0035192847746440183,-0.03926294800841257,-0.0024922795804044108,0.04984,0.0,5,v_epw5
scaffolding_nofade,D,1,-0.003129750266994133,-0.0029392171149327066,200,-0.00551306680663273,-0.0016226234862575263,-0.00565266879439653,-0.0015109581660689337,0.0,0.0,5,v_epw5
scaffolding_nofade,D,5,-0.004639688055989596,-0.004353664752316899,200,-0.008692805667280562,-0.0013811683707533598,-0.010938340784042593,-0.0011491970575599009,5e-06,0.0,5,v_epw5
scaffolding_nofade,D,10,-0.011229825074909652,-0.009789628011993252,200,-0.023806906140509152,-0.0024773489984875065,-0.028337818876705223,-0.001637432028645157,0.0,0.0,5,v_epw5
scaffolding_nofade,G,1,0.0029046601999880616,0.0028353974640721253,200,0.002001611688746949,0.004133805603515417,0.0018735483143279901,0.004700895816415154,0.9999700000000001,1.0,5,v_epw5
scaffolding_nofade,G,5,0.004021688461361297,0.00388606590415357,200,0.0019364879965288783,0.006614670180981266,0.0018312437515879253,0.007789306061184606,0.9999799999999999,1.0,5,v_epw5
scaffolding_nofade,G,10,0.008480915304941593,0.007457822091424561,200,0.002671814941461383,0.016913440843247966,0.0021163461395506305,0.020565460565126068,1.0,1.0,5,v_epw5
scaffolding_nofade,K,1,0.005811283523058155,0.005689021402874921,200,0.004104641100549521,0.007846970990448981,0.0039479409137121,0.00848541824451129,0.999885,1.0,5,v_epw5
scaffolding_nofade,K,5,0.006066139528104597,0.005907133185651997,200,0.0036442233172526445,0.00860345771119759,0.0035969863651983663,0.00954666832196023,0.9998699999999999,1.0,5,v_epw5
scaffolding_nofade,K,10,0.011209541068327628,0.009342188193733312,200,0.004660344003835748,0.022583143290676788,0.004414221738693768,0.02626604895931419,0.9999600000000001,1.0,5,v_epw5
scaffolding_nofade,far,1,0.005252021255749597,0.005139328191843725,200,0.0035726129451023807,0.007502869583967744,0.0033854682791587816,0.00811841788862541,0.9997999999999999,1.0,5,v_epw5
scaffolding_nofade,far,5,0.005934689776556739,0.005700048036643566,200,0.0033436443159970434,0.009014587219524152,0.003117799068053271,0.009998546292974917,0.999895,1.0,5,v_epw5
scaffolding_nofade,far,10,0.009753861827058034,0.009441215894310516,200,0.00427947736946747,0.016313758705315207,0.003925916489652306,0.01806865421498281,0.99997,1.0,5,v_epw5
scaffolding_nofade,p_request,1,-0.003417270926426646,-0.0032210491468010146,200,-0.005470452388171332,-0.0020248841262226432,-0.006032468443616922,-0.001973748904812321,0.0,0.0,5,v_epw5
scaffolding_nofade,p_request,5,-0.004440718303414457,-0.004173343059735463,200,-0.0077654970327964735,-0.0018170883745941004,-0.009187787367115228,-0.0017012633205242542,0.0,0.0,5,v_epw5
scaffolding_nofade,p_request,10,-0.009496670440111307,-0.008534061736053845,200,-0.01884128052658276,-0.0027883078735068795,-0.022948225710293764,-0.0022739563721958025,0.0,0.0,5,v_epw5
scaffolding_nofade,retention,1,0.0033641044612281136,0.0032844370887895997,200,0.002235451486156839,0.0048205666240083425,0.0020633325573633982,0.005323125890335985,0.9998750000000001,1.0,5,v_epw5
scaffolding_nofade,retention,5,0.004193727189689383,0.0040383777204264,200,0.002178319763897995,0.006530428911508883,0.0019535071593544968,0.007607275433252017,0.9999250000000001,1.0,5,v_epw5
scaffolding_nofade,retention,10,0.0079426177018751,0.007430272008734596,200,0.002963574203277782,0.01486690114770701,0.0025918361780741706,0.016718857441077324,0.9999850000000001,1.0,5,v_epw5
scaffolding_nofade,unaided,1,0.0034647774283918776,0.0032666636272001494,200,0.002059737645693848,0.005565854059058968,0.0019590361040512866,0.006166848570233184,0.9997999999999999,1.0,5,v_epw5
scaffolding_nofade,unaided,5,0.004674907591790601,0.004310577922109547,200,0.002062348187196743,0.008070184020979185,0.0018857019999310466,0.009712645981085536,0.999895,1.0,5,v_epw5
scaffolding_nofade,unaided,10,0.010425697462097957,0.009173284231243656,200,0.002933711052543971,0.02123721229758386,0.002577407757563837,0.025767960666541245,0.99997,1.0,5,v_epw5
scaffolding_rapid,D,1,-0.03526872391344385,-0.03502723006772634,200,-0.049170177848374075,-0.02154256862878754,-0.052378177394302526,-0.01991344283096888,0.0,0.0,5,v_epw5
scaffolding_rapid,D,5,-0.05073610930650535,-0.050504598239493645,200,-0.07574466991931275,-0.026106634228843708,-0.07878249749887974,-0.023784229043191375,0.0,0.0,5,v_epw5
scaffolding_rapid,D,10,-0.07136084210920943,-0.07432295909557182,200,-0.10967385721295365,-0.03342487253092164,-0.11807207529832514,-0.028481686866706275,0.0,0.0,5,v_epw5
scaffolding_rapid,G,1,0.008446892405647055,0.0080202319627454,200,0.004342923079914633,0.012736986979851437,0.0030564764756702526,0.013892129199486288,0.9916650000000001,1.0,5,v_epw5
scaffolding_rapid,G,5,0.02345308269303838,0.022969523687633435,200,0.014142737053816606,0.034771679564833104,0.012635719122072052,0.0374761894313969,1.0,1.0,5,v_epw5
scaffolding_rapid,G,10,0.036849936345985546,0.03550691508536406,200,0.01868699016636248,0.058509224012173025,0.01754151204874572,0.0634315044427622,1.0,1.0,5,v_epw5
scaffolding_rapid,K,1,8.083429486780936e-06,-9.099941912997342e-05,200,-0.0007946102710624967,0.0011723212881442394,-0.0009631855667567949,0.0015137465413460208,0.293535,0.435,5,v_epw5
scaffolding_rapid,K,5,0.0008337259325853234,0.00047573658612134323,200,-0.0006355286598597791,0.0034805855877376776,-0.0006655585751138406,0.004130589606769847,0.319225,0.725,5,v_epw5
scaffolding_rapid,K,10,0.005448925531048111,0.00355468424054622,200,-0.00022551315666761589,0.01736443432177326,-0.0005384157868521932,0.020363997833737907,0.459075,0.915,5,v_epw5
scaffolding_rapid,far,1,0.0005084304361786397,0.00037167952710006236,200,-0.0016919825851839005,0.00299030323558391,-0.002001712240644861,0.003631071123159112,0.50653,0.65,5,v_epw5
scaffolding_rapid,far,5,0.009751095379470996,0.008912549473336927,200,0.004785215875564947,0.01707181266909473,0.004435065468717394,0.019552555543174567,0.98789,1.0,5,v_epw5
scaffolding_rapid,far,10,0.018042130573619045,0.01665047924415354,200,0.007411834514725765,0.033088557176277636,0.0064524153539326345,0.035541105278337905,0.9973249999999999,1.0,5,v_epw5
scaffolding_rapid,p_request,1,-0.012709738847685486,-0.012512644675224649,200,-0.01939359002340166,-0.0072416515044295806,-0.020226444524532552,-0.006393845760491176,0.0,0.0,5,v_epw5
scaffolding_rapid,p_request,5,-0.019582916367917366,-0.01931287290309886,200,-0.030978008335681925,-0.00888405124271976,-0.032731391701693015,-0.007903605914362372,0.0,0.0,5,v_epw5
scaffolding_rapid,p_request,10,-0.03166888909871528,-0.032562703604335566,200,-0.053588743168789886,-0.011625890337389429,-0.0573546413674157,-0.00952085807231905,0.0,0.0,5,v_epw5
scaffolding_rapid,retention,1,0.0011027195165294217,0.0010012180488010239,200,-0.0003574283388991096,0.0029738068334710854,-0.0005283010282158039,0.003716713025631862,0.612255,0.875,5,v_epw5
scaffolding_rapid,retention,5,0.00898910893501251,0.008112120469293797,200,0.0048193338031427245,0.01581516975428006,0.004317714652347917,0.016802254938196447,0.9957699999999999,1.0,5,v_epw5
scaffolding_rapid,retention,10,0.017129437697973607,0.016150164836868965,200,0.006846357643954946,0.03234573820997114,0.005929022578273246,0.03453120944884232,0.9993000000000001,1.0,5,v_epw5
scaffolding_rapid,unaided,1,0.000626397082116104,0.0005283732333986625,200,-0.0007579127996445423,0.0024086619937933674,-0.0008890160384969414,0.0030598044803518978,0.50653,0.755,5,v_epw5
scaffolding_rapid,unaided,5,0.007140300903149353,0.006276569183247858,200,0.0030014581365429872,0.012935806577471995,0.002733975372619336,0.014540999797768382,0.98789,1.0,5,v_epw5
scaffolding_rapid,unaided,10,0.016683180830326664,0.01527962857389063,200,0.005016037242689208,0.034018913759264455,0.004017216859697231,0.04019247272756572,0.9973249999999999,1.0,5,v_epw5
substitution,D,1,0.08355321887250433,0.08384896611968276,200,0.053704150045432726,0.11508687354108463,0.05031742968282055,0.12214365629706975,1.0,1.0,5,v_epw5
substitution,D,5,0.1289640876913674,0.13084781226152725,200,0.07159600659941312,0.18003624273455715,0.06226349120791091,0.1894854113807358,1.0,1.0,5,v_epw5
substitution,D,10,0.18862276221062152,0.19440908596759932,200,0.0969586076863131,0.269695307237105,0.07503073300295693,0.2746904853749735,1.0,1.0,5,v_epw5
substitution,G,1,-0.057910763967912046,-0.056566094631234395,200,-0.07980850540612398,-0.041835450613900704,-0.08193906630685749,-0.03847218148501576,0.0,0.0,5,v_epw5
substitution,G,5,-0.09807213529357178,-0.09787868573889588,200,-0.1333749282574237,-0.06243411162811765,-0.14808164969962828,-0.055414720847167226,0.0,0.0,5,v_epw5
substitution,G,10,-0.147395421570732,-0.15160171322039745,200,-0.215043864121308,-0.0790655559685466,-0.22301707487471892,-0.0691119912022007,0.0,0.0,5,v_epw5
substitution,K,1,-0.03280854511401751,-0.03134258182196075,200,-0.04847903561616146,-0.021393908062104422,-0.05312492517083243,-0.019664636264567475,0.0,0.0,5,v_epw5
substitution,K,5,-0.0473980237412383,-0.044127360641807015,200,-0.08005579566295017,-0.023024131764114705,-0.08716469852137983,-0.022488284817399604,0.0,0.0,5,v_epw5
substitution,K,10,-0.09588969783760135,-0.0897767728704084,200,-0.1798557478215506,-0.03436246501897039,-0.1935020804095821,-0.030241546033298684,0.0,0.0,5,v_epw5
substitution,far,1,-0.04846277461678989,-0.047013646807277557,200,-0.065923534308231,-0.033059062126768936,-0.06978624976102908,-0.0318594696734177,0.0,0.0,5,v_epw5
substitution,far,5,-0.07535125297681712,-0.0735641524941032,200,-0.10660797505898122,-0.04526049720533331,-0.11665302215666572,-0.04342577310231145,0.0,0.0,5,v_epw5
substitution,far,10,-0.1082464154006652,-0.11297187317722357,200,-0.14807074877563792,-0.06028728899373476,-0.1495090270160774,-0.058399414077984935,0.0,0.0,5,v_epw5
substitution,p_request,1,0.0465015420379576,0.04495064242516106,200,0.028114954830707375,0.06774083006264581,0.027293076184560162,0.07575612637392584,1.0,1.0,5,v_epw5
substitution,p_request,5,0.07351321192900383,0.07274097778961564,200,0.03662587200954162,0.10870922745558682,0.032256906676679735,0.11980722358748598,1.0,1.0,5,v_epw5
substitution,p_request,10,0.1169661848095165,0.11910095701438678,200,0.055628043204020025,0.1744551340998795,0.04240422327847189,0.18211381075702313,1.0,1.0,5,v_epw5
substitution,retention,1,-0.03468342676049756,-0.033360358241842164,200,-0.049320477995228255,-0.02277255334882933,-0.051236866382512215,-0.02172400043608425,0.0,0.0,5,v_epw5
substitution,retention,5,-0.06156799470184323,-0.059025536344814764,200,-0.09159399035662606,-0.03423050686524044,-0.09927572052243648,-0.03182936522815952,0.0,0.0,5,v_epw5
substitution,retention,10,-0.09968749939447775,-0.10226433734221616,200,-0.1516335697838181,-0.0476410936551517,-0.1570699192187697,-0.04576029186053373,0.0,0.0,5,v_epw5
substitution,unaided,1,-0.03641130234808047,-0.03396636346137794,200,-0.05640318205643962,-0.020879647561551393,-0.06464200424924743,-0.02030132553880079,0.0,0.0,5,v_epw5
substitution,unaided,5,-0.06772056471868688,-0.06422856019936546,200,-0.11632123082138998,-0.03215894924144374,-0.12635678156254965,-0.029370641013760843,0.0,0.0,5,v_epw5
substitution,unaided,10,-0.12194903764392848,-0.12067075776603775,200,-0.19851843966860538,-0.048509631488850395,-0.20410769259744285,-0.04486286900734348,0.0,0.0,5,v_epw5
