scenario,outcome,year,mean,median,n,lo90,hi90,lo95,hi95,prsup,share_draws_positive
free_choice,D,1,0.017323287694652266,0.017252522014806607,500,0.011113533243410481,0.02437819076521695,0.01060632914644489,0.025724768053554392,0.9555820000000002,1.0
free_choice,D,5,0.028733401073454054,0.028249541917158713,500,0.013700088824610795,0.04532508524607221,0.012350072461403292,0.05128781516668725,0.9962629999999999,1.0
free_choice,D,10,0.04118327480051521,0.04243642277970725,500,0.0184532531204895,0.06147771166835626,0.015075304640865827,0.06365090690133891,0.9984059999999999,1.0
free_choice,G,1,-0.012079446194095457,-0.011875289644762567,500,-0.01644336022508379,-0.008611722511945676,-0.017545393520823266,-0.008134771952797059,0.04139,0.0
free_choice,G,5,-0.020558861405377847,-0.019918644587037612,500,-0.03189005738143263,-0.010705248889181028,-0.035864506665198435,-0.009714713292483832,0.006342,0.0
free_choice,G,10,-0.0323832633115444,-0.032283956750200064,500,-0.05219287631466939,-0.014096880157457576,-0.057268692693432224,-0.011976301034386056,0.0037120000000000005,0.0
free_choice,K,1,-0.007036520846508604,-0.006788383378868328,500,-0.011034980747210626,-0.003967669862072616,-0.012184064946387994,-0.00369464387717012,0.337903,0.0
free_choice,K,5,-0.009418135082789889,-0.008589693287165003,500,-0.018047401676067897,-0.003320261953648714,-0.021895499107550582,-0.002613034920766155,0.40587100000000004,0.0
free_choice,K,10,-0.02063807837015185,-0.01814713181938088,500,-0.042845343186730195,-0.004741193258623948,-0.04722103796023325,-0.0036458631330384566,0.312183,0.0
free_choice,M,1,-0.010166627300135553,-0.009870818312704545,500,-0.014928765522570721,-0.006341286183114483,-0.01603434046635967,-0.005951627394714215,0.005174000000000001,0.0
free_choice,M,5,-0.010414533094970401,-0.009747718610566912,500,-0.018219305395419733,-0.004718267781750914,-0.02171782291337323,-0.004107382425313312,0.031077999999999998,0.0
free_choice,M,10,-0.019681952711788873,-0.018097647904956923,500,-0.039007146637727884,-0.0058358421631855934,-0.0444552223580699,-0.005112514114116713,0.022723,0.0
free_choice,R,1,-0.013791348935085402,-0.01367111679497254,500,-0.01767140380044819,-0.010484089258778485,-0.018533104856392535,-0.010088312736769552,0.011209000000000002,0.0
free_choice,R,5,-0.03366937637029703,-0.032755033701690375,500,-0.04830506526373169,-0.020525693055768495,-0.051596697432701594,-0.019392300192021948,0.0007510000000000001,0.0
free_choice,R,10,-0.04802974736372167,-0.04839244734659216,500,-0.06744182068752957,-0.026292168217449705,-0.07118638381743785,-0.02260783157500395,0.00034100000000000005,0.0
free_choice,far,1,-0.01019777329569187,-0.010029443264002067,500,-0.01436831451688615,-0.006963443732173407,-0.015188387156651823,-0.006568973003428954,0.155255,0.0
free_choice,far,5,-0.013667277645897804,-0.013218380074813067,500,-0.020774014614707226,-0.007589159063221546,-0.023357870755471275,-0.006747687589362321,0.07889199999999999,0.0
free_choice,far,10,-0.01862749357206463,-0.01884888420320627,500,-0.02737960373041833,-0.009308720662272856,-0.028695281407679976,-0.008076535620401533,0.051882000000000005,0.0
free_choice,p_request,1,0.010608140165430605,0.010271323148351769,500,0.006356522759885638,0.016019368065187074,0.006016212802454422,0.01716329068518719,0.922908,1.0
free_choice,p_request,5,0.016486771331342315,0.016037006770290168,500,0.007167903564788954,0.02718494815027588,0.006229928773742452,0.030989146840158802,0.9485029999999999,1.0
free_choice,p_request,10,0.024504544234285844,0.025254145931273595,500,0.009784355915642301,0.03760815573488274,0.00807397557139837,0.03903067822824854,0.9644289999999999,1.0
free_choice,retention,1,-0.007812060092704818,-0.0076534775821003554,500,-0.01122555801925311,-0.0051724720541212205,-0.01209108071333319,-0.004857926514350535,0.139563,0.0
free_choice,retention,5,-0.012578868550117027,-0.012197333780546842,500,-0.01993204594232888,-0.0063902858875582655,-0.023125161668024943,-0.005645060441590797,0.06301299999999999,0.0
free_choice,retention,10,-0.019788241234744562,-0.019946802692881918,500,-0.031882166047966835,-0.00842549615914854,-0.033890142611916155,-0.0071000999941466265,0.041892,0.0
free_choice,unaided,1,-0.009084518771134583,-0.008651575593279167,500,-0.014417464948372927,-0.005404720844561085,-0.016165263195454145,-0.004935092871617436,0.155255,0.0
free_choice,unaided,5,-0.01546987260858025,-0.014653502047862534,500,-0.026740771846621464,-0.006581534902366755,-0.031367116563114666,-0.00575068265155633,0.078892,0.0
free_choice,unaided,10,-0.026339870930251634,-0.026162958432298124,500,-0.04391800423770965,-0.009653876245949494,-0.04738340421983215,-0.0079227092746776,0.051882000000000005,0.0
free_choice_centaur,D,1,0.03215343797598002,0.03191090520229332,500,0.022658380650069077,0.04223482685158159,0.021385811194951546,0.04348094282697966,0.996296,1.0
free_choice_centaur,D,5,0.060755657502802124,0.06167997846519184,500,0.04041937286235398,0.07846401207142308,0.03709689065441109,0.08139218609300097,0.9999960000000001,1.0
free_choice_centaur,D,10,0.07489401584782418,0.07847349941620543,500,0.048713335964227715,0.09113318842596224,0.043178617699929235,0.0921340720642225,0.9999100000000001,1.0
free_choice_centaur,G,1,-0.023424510703453378,-0.02327236077677519,500,-0.028774665366903488,-0.01859887347328396,-0.03019164136738884,-0.01777969970467231,0.0025220000000000004,0.0
free_choice_centaur,G,5,-0.043634809950441895,-0.043687130042954506,500,-0.0548783474075622,-0.03199202306403728,-0.057348497121284946,-0.02950240043047393,6e-06,0.0
free_choice_centaur,G,10,-0.056689992775568694,-0.05868480133869981,500,-0.06915776428050233,-0.03836319509928169,-0.07058373737203262,-0.03509930499780159,6.1000000000000005e-05,0.0
free_choice_centaur,K,1,-0.017619227735495954,-0.017295275288664487,500,-0.023022483550911417,-0.012922883993893821,-0.024257004738435544,-0.012417322044716265,0.095096,0.0
free_choice_centaur,K,5,-0.020976669713562282,-0.02057825258997648,500,-0.029308993764799302,-0.013845214525508203,-0.031189597923710646,-0.012703346493165716,0.094221,0.0
free_choice_centaur,K,10,-0.02914663066771764,-0.029024168932057167,500,-0.042325401444550485,-0.016565904222168342,-0.04411867190352378,-0.014899707620266755,0.066004,0.0
free_choice_centaur,M,1,-0.019114121732453606,-0.018765293606895373,500,-0.026285658036046104,-0.012938559675782956,-0.027231008062820642,-0.011962916505966592,0.001185,0.0
free_choice_centaur,M,5,-0.019385085931958215,-0.01914356868270438,500,-0.02721926842508694,-0.012210329574607852,-0.029324041530471946,-0.0113312985066839,0.005602,0.0
free_choice_centaur,M,10,-0.02546712908773972,-0.02499997055859679,500,-0.03822397185131227,-0.013902780826893913,-0.041918149711378444,-0.013477822712832719,0.00408,0.0
free_choice_centaur,R,1,-0.02481125536988395,-0.02471642191789591,500,-0.030601097762633353,-0.01952933996165291,-0.031865456216332085,-0.018741569775441187,0.0005940000000000001,0.0
free_choice_centaur,R,5,-0.073421826653445,-0.07354132257422924,500,-0.0910318627444459,-0.05559742788414748,-0.09428759676398527,-0.05336121455231198,0.0,0.0
free_choice_centaur,R,10,-0.09725219549899325,-0.10006792853325958,500,-0.1136539503109929,-0.0713735608285371,-0.11551737400496657,-0.06739900375269843,0.0,0.0
free_choice_centaur,far,1,-0.022922533375439744,-0.022808449838368716,500,-0.028448683536659945,-0.017860709930724895,-0.029407877748330414,-0.01740166809925224,0.019321,0.0
free_choice_centaur,far,5,-0.03334530663304532,-0.03354431667391593,500,-0.040922096383933786,-0.02493942006474499,-0.04214422416417446,-0.024000473257659236,0.000929,0.0
free_choice_centaur,far,10,-0.03908536731439717,-0.03962653094315271,500,-0.0456573152053089,-0.02943344625489885,-0.04717206696746447,-0.027803536117651326,0.001407,0.0
free_choice_centaur,p_request,1,0.021330493329432827,0.02103184853019905,500,0.015149809587227888,0.028477064938874423,0.014484143407473287,0.030566923853096385,0.9937999999999999,1.0
free_choice_centaur,p_request,5,0.035055590291594566,0.03554532755163907,500,0.022385772603174658,0.046602138256061,0.019993575506570258,0.04866039030648871,0.999531,1.0
free_choice_centaur,p_request,10,0.04423144336299822,0.04634597040016637,500,0.027015174209782427,0.05468884166480984,0.024057473901470613,0.05541135023976402,0.9990129999999999,1.0
free_choice_centaur,retention,1,-0.01703883245948267,-0.016811436401390295,500,-0.022013530088865793,-0.012674074335211862,-0.02307807910163411,-0.012335060781366959,0.015492,0.0
free_choice_centaur,retention,5,-0.028375433610565975,-0.02838504463327879,500,-0.037289332281980614,-0.019515944010357587,-0.038571287026523085,-0.018488985348220806,0.000533,0.0
free_choice_centaur,retention,10,-0.03755228892140013,-0.03854603297260645,500,-0.04696004113830838,-0.0248643919385553,-0.04810330385011693,-0.022576170014464363,0.000798,0.0
free_choice_centaur,unaided,1,-0.019260771586714017,-0.018646112229113852,500,-0.026984621929422248,-0.012990847502688226,-0.02859066079634185,-0.012616582121647903,0.019321,0.0
free_choice_centaur,unaided,5,-0.03149430204230831,-0.031210188123285475,500,-0.04519369244079405,-0.01952943259159766,-0.04686345724332727,-0.018426510222606367,0.000929,0.0
free_choice_centaur,unaided,10,-0.04395670148881071,-0.04551847213651816,500,-0.05780612313083246,-0.025480851007392356,-0.05867878197874488,-0.023135116864910335,0.001407,0.0
scaffolding_nofade,D,1,-0.0053534259314917745,-0.005089719160590773,500,-0.008493609067799298,-0.0032413662836922553,-0.009215175691408084,-0.0029964476274996726,3e-06,0.0
scaffolding_nofade,D,5,-0.01093480425970819,-0.010517491638566292,500,-0.019315938962181995,-0.004454536274744133,-0.02169708867909672,-0.003826592618134114,0.0,0.0
scaffolding_nofade,D,10,-0.020325684667222448,-0.01934005699098701,500,-0.03650288805059881,-0.006661081146540221,-0.03919837957936834,-0.005100007241905172,2e-06,0.0
scaffolding_nofade,G,1,0.005019817412603425,0.0048870363402067785,500,0.003548471438840759,0.007114917897883922,0.003362425647327874,0.007724905350602248,0.999962,1.0
scaffolding_nofade,G,5,0.008847864271781686,0.008522645823899819,500,0.004651311739734219,0.01445980450231622,0.004292266788307258,0.01573369841118284,0.999997,1.0
scaffolding_nofade,G,10,0.01568711316155769,0.014651652152993789,500,0.006386558208959068,0.027981367359525267,0.005203554513562222,0.029722763888445955,0.999996,1.0
scaffolding_nofade,K,1,0.011696326103489833,0.01147080060814695,500,0.008467562193260275,0.015989046445795383,0.008131075416936044,0.01660472721203325,0.999925,1.0
scaffolding_nofade,K,5,0.013916570209838353,0.013319754238465216,500,0.008457070578130837,0.021149005573838798,0.007842855308384475,0.023193675264429517,0.999959,1.0
scaffolding_nofade,K,10,0.02281847632410288,0.020952977734511463,500,0.010440187843170242,0.04115479059890374,0.009319274754698136,0.045853224437419814,0.9999730000000001,1.0
scaffolding_nofade,M,1,-0.0006489003107340067,-0.0006153162339135751,500,-0.0012600880316934661,-0.0001446248373324149,-0.0014356294232889765,-5.1640734624592576e-05,0.032490000000000005,0.006
scaffolding_nofade,M,5,-0.0005909886231385452,-0.0005601417644861054,500,-0.0013347698849028738,5.3015704689246964e-05,-0.0015989502996061472,0.00013654976743278314,0.060125000000000005,0.072
scaffolding_nofade,M,10,8.909755863924465e-05,-0.00020941750590340618,500,-0.0014441926576860373,0.0026833029622606434,-0.001668133132973137,0.003491471136014074,0.147715,0.394
scaffolding_nofade,R,1,0.003678417926166099,0.0035969637065438372,500,0.0024954830051083063,0.005283362339605113,0.0023684746811312436,0.005949453588440368,0.7831710000000001,1.0
scaffolding_nofade,R,5,0.011131071240718746,0.01076061912043133,500,0.0058744595494517535,0.01755027173228994,0.005355782805444019,0.019955879144067604,0.946359,1.0
scaffolding_nofade,R,10,0.019515194096266186,0.019076628084853078,500,0.008503311677129807,0.03154342883248135,0.007213729954152587,0.033832429546068674,0.97645,1.0
scaffolding_nofade,far,1,0.010387125100760184,0.010135029894078735,500,0.00730628284501661,0.014410461508838162,0.007043716776281688,0.015143233938729137,0.9998640000000001,1.0
scaffolding_nofade,far,5,0.012620699885915115,0.012371401975825366,500,0.007791424850773115,0.01806170831549508,0.007285869821002619,0.01891379433478524,0.999971,1.0
scaffolding_nofade,far,10,0.01669523890527354,0.01687426654766603,500,0.009738674617479163,0.023211884077275997,0.008577346056492042,0.0244074340692385,0.9999750000000001,1.0
scaffolding_nofade,p_request,1,-0.007349102928844124,-0.006942973975575635,500,-0.011284812394707276,-0.004689297007180494,-0.012211673170473083,-0.004476458108746566,0.0,0.0
scaffolding_nofade,p_request,5,-0.01086111483922371,-0.010450172069939694,500,-0.018044278640785998,-0.005239151566635986,-0.019863359504697288,-0.00465587086759799,0.0,0.0
scaffolding_nofade,p_request,10,-0.017803811707925804,-0.017213406161237635,500,-0.029794925417883433,-0.0072213027901264215,-0.031755604400898876,-0.005652495850448644,0.0,0.0
scaffolding_nofade,retention,1,0.007224121046462779,0.007012654675087698,500,0.004871719051202964,0.010269150502889892,0.00467937882157243,0.010877349031750277,0.9998789999999999,1.0
scaffolding_nofade,retention,5,0.009954126644689275,0.009697029917279332,500,0.005563756925243356,0.01490002186651919,0.005134474843772691,0.01620746427079631,0.9999790000000001,1.0
scaffolding_nofade,retention,10,0.015494798011084504,0.015194029873407516,500,0.007321048945861232,0.024608343999229575,0.00639374085660455,0.026281225921632415,0.999981,1.0
scaffolding_nofade,unaided,1,0.00862231393857855,0.008127533656716413,500,0.005306471530957031,0.013885418870581513,0.004982614384496942,0.014706356806222037,0.9998640000000001,1.0
scaffolding_nofade,unaided,5,0.012473038341000124,0.011802153723895356,500,0.006199398143549409,0.020990641127978132,0.0055597131372299765,0.022915525627706525,0.999971,1.0
scaffolding_nofade,unaided,10,0.020929780362209875,0.02011399795869625,500,0.008577363648414407,0.03552223099474522,0.007139553222151366,0.037780996341541556,0.9999750000000001,1.0
scaffolding_rapid,D,1,-0.036215505381726354,-0.03562626984032709,500,-0.048851330958622305,-0.024583663335096907,-0.05076733178063255,-0.02310941644903377,1.4000000000000001e-05,0.0
scaffolding_rapid,D,5,-0.06828428386737499,-0.06847255528632813,500,-0.09489760578720413,-0.04245373800102262,-0.10037609071066234,-0.0401494489732439,0.0,0.0
scaffolding_rapid,D,10,-0.08622240087152366,-0.08807549660139637,500,-0.1160943383323466,-0.05185386308793287,-0.1190948531987539,-0.045395940268763126,0.0,0.0
scaffolding_rapid,G,1,0.007610638215905006,0.007517745994754492,500,0.0032570301897066564,0.012187441074259961,0.0025110450513480317,0.013057374854010704,0.934913,1.0
scaffolding_rapid,G,5,0.02860088166823175,0.02834604356402137,500,0.01872288666992496,0.03937282606440569,0.016667965410826633,0.041863251012468856,0.9999839999999999,1.0
scaffolding_rapid,G,10,0.044864835313649806,0.04480864586252775,500,0.027749292889700156,0.0620657261177649,0.02372343692872459,0.06357269241287722,1.0,1.0
scaffolding_rapid,K,1,0.004364371724180938,0.00412649296004247,500,0.0017330476294158573,0.007920253725724637,0.001466427252381795,0.008786818334707782,0.5812339999999999,1.0
scaffolding_rapid,K,5,0.0068767105961572116,0.006333615707849585,500,0.002034550063814717,0.013871315770881168,0.0014520032590652932,0.015019050251675915,0.563268,1.0
scaffolding_rapid,K,10,0.016253069406998364,0.013977219097163582,500,0.0037202283416759418,0.03658801133294811,0.0022100900706422504,0.0407010018852384,0.686496,1.0
scaffolding_rapid,M,1,-0.02539812407125665,-0.024702953309909848,500,-0.03554755749564721,-0.017193606123692515,-0.03706922760987074,-0.0156566127803989,0.0022930000000000003,0.0
scaffolding_rapid,M,5,-0.02387117564429793,-0.023385181559663598,500,-0.034166393794936675,-0.015301950025688018,-0.03620058301342875,-0.014050232552222989,0.012223000000000003,0.0
scaffolding_rapid,M,10,-0.023092289711167828,-0.022726430541430108,500,-0.03442096474669249,-0.013523208198259737,-0.03617910235818143,-0.012186059440319485,0.06603,0.0
scaffolding_rapid,R,1,0.015260799828969385,0.015078967419664078,500,0.011072579792153306,0.019931699767312017,0.01046874152385821,0.020916455989302866,0.9991089999999999,1.0
scaffolding_rapid,R,5,0.06311370785369273,0.06293907198821028,500,0.045818891582663855,0.08172481928618115,0.044199762683283204,0.08541874166285439,1.0,1.0
scaffolding_rapid,R,10,0.10007616068724501,0.10100450634733682,500,0.07070196191922162,0.12628666615451112,0.06390526718657631,0.13156953408127128,1.0,1.0
scaffolding_rapid,far,1,0.002401562381794629,0.0024490071161172152,500,-0.0009319533875445479,0.005574998327922625,-0.0014089805178087492,0.007022608344177832,0.470543,0.864
scaffolding_rapid,far,5,0.013386757975394,0.013115230168381072,500,0.007451286307263992,0.0206112397407702,0.006724496473483954,0.022331469534197883,0.9652149999999999,1.0
scaffolding_rapid,far,10,0.023370264264789338,0.023281832026949403,500,0.012565842543578978,0.03328016381385738,0.011432166046805654,0.03555981741371666,0.995946,1.0
scaffolding_rapid,p_request,1,-0.01674281920963599,-0.01663008081583499,500,-0.023623710687502915,-0.010751162514015325,-0.024969558228532952,-0.009975628391303,1.9e-05,0.0
scaffolding_rapid,p_request,5,-0.03097429265666054,-0.031188106291077315,500,-0.04421411033062926,-0.017540643074054136,-0.04791645451274792,-0.01626194713237734,0.0,0.0
scaffolding_rapid,p_request,10,-0.042974803305130295,-0.044348745591891524,500,-0.0598293172972713,-0.022592674370273017,-0.061612463478942635,-0.019270264131981622,0.0,0.0
scaffolding_rapid,retention,1,0.002511692366301056,0.002505490521748187,500,4.094184449376693e-05,0.004974206211879549,-0.00021002098934411973,0.006214934837067781,0.5178619999999999,0.954
scaffolding_rapid,retention,5,0.012701862039538705,0.012308219046222316,500,0.007144538696546953,0.01985655640236724,0.006416218478733098,0.021107508657443076,0.9804700000000001,1.0
scaffolding_rapid,retention,10,0.023831572080015146,0.02361137592659305,500,0.011851821008846788,0.036127833848670826,0.01075094606920081,0.038770442555364444,0.997995,1.0
scaffolding_rapid,unaided,1,0.0031683924144924667,0.0029456428136297487,500,0.00019621336221758726,0.00684393592122257,-9.365987004317556e-05,0.008150752845543237,0.470543,0.97
scaffolding_rapid,unaided,5,0.013335074858153327,0.012560767904493446,500,0.006379876643382459,0.022813989056269746,0.005300911289187014,0.025188170577464867,0.9652149999999999,1.0
scaffolding_rapid,unaided,10,0.02725680272308006,0.02658297301626366,500,0.010957108353019735,0.04531748570430536,0.009598807337960268,0.0476978359411567,0.995946,1.0
substitution,D,1,0.0982493366295474,0.0973609985023971,500,0.07065769933325279,0.12678761725990764,0.06620838417771215,0.13264781237772522,0.999972,1.0
substitution,D,5,0.18747592328314358,0.19129044744259105,500,0.12792129637128877,0.23838939633845552,0.11758924032768023,0.2484885559866626,1.0,1.0
substitution,D,10,0.2324856977366422,0.23974492635120687,500,0.15601676533160885,0.27837168967008524,0.1434384099572578,0.28323237581371136,1.0,1.0
substitution,G,1,-0.07635905251949568,-0.07548684096802893,500,-0.09602944409371852,-0.0589355660576838,-0.09869759658989295,-0.05647905035700592,0.0,0.0
substitution,G,5,-0.14239588563868566,-0.14360211423293306,500,-0.18011600492185492,-0.1028334012608047,-0.1881989727264356,-0.09560565411487679,0.0,0.0
substitution,G,10,-0.1860997132410118,-0.19098419766581315,500,-0.22854994964005068,-0.12758869562411929,-0.2325738531509727,-0.11789022338925463,0.0,0.0
substitution,K,1,-0.0727511193344362,-0.07068489763370553,500,-0.09707867222017573,-0.051728617826514,-0.1045268657732348,-0.049283314289118176,0.0,0.0
substitution,K,5,-0.09890693346546076,-0.09648026816677852,500,-0.14291226986020267,-0.06241160016312138,-0.1518479096100889,-0.056027725999054104,0.0,0.0
substitution,K,10,-0.1469058867475034,-0.14613731011713726,500,-0.21435927902662882,-0.07820869939538655,-0.2221267961330457,-0.06921223829824381,0.0,0.0
substitution,M,1,-0.060607466033679086,-0.05961705486005689,500,-0.08325096947174526,-0.040317439882980824,-0.08658027773264951,-0.0374055952318635,0.0,0.0
substitution,M,5,-0.06767695646576595,-0.06684952948947245,500,-0.09816307960280568,-0.04185309959797949,-0.10310383322782632,-0.038053176732076796,0.0,0.0
substitution,M,10,-0.09151682005068892,-0.09032053729678069,500,-0.1361541622449731,-0.04970909348112599,-0.14601934026586336,-0.04661599116924329,0.0,0.0
substitution,R,1,-0.07382828808031998,-0.07350781767275472,500,-0.09131220657642766,-0.05789864676018358,-0.09555124058663493,-0.05575647263964902,0.0,0.0
substitution,R,5,-0.21552372934037242,-0.21718283729382112,500,-0.25746901865478916,-0.16821073277051635,-0.26702236065974827,-0.16023726883335426,0.0,0.0
substitution,R,10,-0.2734904484292126,-0.2780241639002896,500,-0.31198204392509704,-0.2160495089076023,-0.32066307826803403,-0.20804133809233302,0.0,0.0
substitution,far,1,-0.08209909125760914,-0.08140766742790159,500,-0.10400935269715977,-0.06265093071695833,-0.10852651462002298,-0.060669085035910356,0.0,0.0
substitution,far,5,-0.1157239775743898,-0.1166361401036094,500,-0.14099053028711964,-0.08572802173494772,-0.14441812622641678,-0.08209119627848391,0.0,0.0
substitution,far,10,-0.13150984186153505,-0.13402556535297908,500,-0.152071746306603,-0.10245844865538184,-0.15594533068246527,-0.09577789757062032,0.0,0.0
substitution,p_request,1,0.07519711154131675,0.07356518670017473,500,0.052375563665862955,0.10251120921584532,0.050381251675544414,0.10900210238560194,0.9999790000000001,1.0
substitution,p_request,5,0.1226218352813162,0.12371168579749112,500,0.07999159601440098,0.1624699952277066,0.07381521638673248,0.17020117621960013,1.0,1.0
substitution,p_request,10,0.1525799414197165,0.15676167044264883,500,0.10233664564396677,0.18652773130714898,0.08927313773501594,0.1926222577750739,1.0,1.0
substitution,retention,1,-0.06404403737125502,-0.06272376703805893,500,-0.08567021424747782,-0.04596151864956178,-0.08962112278076581,-0.044318772474688295,0.0,0.0
substitution,retention,5,-0.10541049211874054,-0.10577194945177729,500,-0.13900297938491896,-0.07065122853787854,-0.14334139944227603,-0.0658103099164836,0.0,0.0
substitution,retention,10,-0.13699765544369996,-0.140454315862035,500,-0.16781198845158166,-0.09306293147626354,-0.17147131665518994,-0.08471854817904631,0.0,0.0
substitution,unaided,1,-0.07656397558009038,-0.07351774994974627,500,-0.10974489934060451,-0.050595546879298334,-0.11801190696801676,-0.04811219912757067,0.0,0.0
substitution,unaided,5,-0.12594705330472158,-0.12502663189476593,500,-0.17868872537466451,-0.0768279534736431,-0.18698650640243655,-0.0700696346475785,0.0,0.0
substitution,unaided,10,-0.16932888948575092,-0.17504572844775396,500,-0.21323671893342436,-0.10468603178415271,-0.21728269819620602,-0.09374826113652958,0.0,0.0
