scenario,year,network,mechanism,main_contrast,permuted_units_median_ratio,permuted_units_share_as_large,permuted_conditions_median_ratio,permuted_conditions_share_as_large,reading speed 180 wpm change ratio,reading speed 260 wpm change ratio,unwinsorised Z change ratio
free_choice,1,Vis,D,-0.7572374853512787,1.2646732386697062,0.95,1.5906427759554256,0.695,3.629766362337762,3.1268472219801753,0.1373900018424246
free_choice,1,SomMot,D,-3.1848287242958606,1.0929021608109177,0.98,0.46755297547383007,0.135,1.460609403282411,0.7846720129487328,0.03520419833973753
free_choice,1,DorsAttn,D,-9.191505847535982,1.0188738869263605,0.94,0.253147945050188,0.0,0.39645079545319445,0.055733970667925514,0.01155958255654521
free_choice,1,SalVentAttn,D,-7.406742723258413,1.0216860111039727,0.915,0.25651064249917505,0.005,0.4176645748821912,0.2385614990513504,0.02318308322178008
free_choice,1,Limbic,D,1.1912504138477569,0.9236371729023778,0.15,0.6218449791096765,0.25,1.7433122679505153,1.0526661611988157,0.28441514434025017
free_choice,1,Cont,D,-4.928326203338565,1.0426473778729255,0.965,0.29135443771217107,0.03,0.5446718063786856,0.05757382115452085,2.7678688354502455e-05
free_choice,1,Default,D,4.612849366522116,0.9475783016309236,0.0,0.22231091980327264,0.0,0.43812494630271154,0.05371710609888239,0.04252603574658314
free_choice,5,Vis,D,-1.726690801224958,1.1336057156475992,0.92,0.9093395238859191,0.47,2.135456479590951,1.7407759821229363,0.0660107026784968
free_choice,5,SomMot,D,-4.855423461826875,1.075786806367765,0.99,0.4044201243364605,0.09,1.2900757096072268,0.6385742965997864,0.028405280471482722
free_choice,5,DorsAttn,D,-12.644527266994626,1.018766706561283,0.955,0.24572652407686402,0.0,0.36797314790822244,0.05917311551348772,0.011740621808222317
free_choice,5,SalVentAttn,D,-10.364130733905482,1.0204362303922048,0.935,0.25592376929802374,0.0,0.3930642860229362,0.2306026165920725,0.022313677966833714
free_choice,5,Limbic,D,1.31681621236813,0.9061242527853144,0.14,0.7028121214984329,0.315,1.9310698646411824,1.3188039737733868,0.32144747363324955
free_choice,5,Cont,D,-6.850864486912799,1.0418487195664414,0.985,0.27988187784477825,0.01,0.49420981084314225,0.07689017511638728,0.0020917928184525855
free_choice,5,Default,D,5.792071056042315,0.9491185969035894,0.0,0.22489931160408447,0.0,0.45285755241463127,0.048862832296602106,0.042659637221652336
free_choice,10,Vis,D,-1.7066266695886871,1.1053762357440327,0.88,0.8442347696005312,0.45,2.0242982170241994,1.7805614971806747,0.06343211083983476
free_choice,10,SomMot,D,-4.631922239221331,1.0769357668679649,0.99,0.41522547506879337,0.085,1.2862632842913517,0.7076866691552278,0.02924698636571903
free_choice,10,DorsAttn,D,-11.958893324322615,1.0259104949182962,0.98,0.25131097994393936,0.0,0.36085917752921454,0.0737310799507712,0.011065396758322053
free_choice,10,SalVentAttn,D,-9.810377919545363,1.0280514240060046,0.98,0.24796785463025428,0.0,0.3871875053052817,0.25398210742656313,0.021179052478398987
free_choice,10,Limbic,D,1.2606322041408369,0.8786861137075301,0.06,0.6925076984347998,0.315,1.8847736251952643,1.4186412401094357,0.32491215301072085
free_choice,10,Cont,D,-6.433329070176857,1.0530389857151357,1.0,0.28498016012242605,0.015,0.48908404569996655,0.09320491008663401,0.002802027360261419
free_choice,10,Default,D,5.500473455538588,0.9470507972269021,0.005,0.2288093934753805,0.0,0.4428970812943526,0.028707636807132276,0.04189359235105343
scaffolding_nofade,1,Vis,D,-9.933200070858009,0.9815048785279554,0.22,0.30083495732466303,0.025,0.7800302168638426,0.4683893924328817,0.0006377132363978519
scaffolding_nofade,1,SomMot,D,-15.344544751267147,1.0118370402189059,0.735,0.23928024101542444,0.0,0.8542928582847933,0.26280567059010723,0.010088214668118144
scaffolding_nofade,1,DorsAttn,D,-29.796587950430443,0.9966036144763759,0.32,0.20608684282675455,0.0,0.2650243175246154,0.05994297844001147,0.013723583258769446
scaffolding_nofade,1,SalVentAttn,D,-25.7720757135898,0.9985636719553924,0.47,0.20984195421956375,0.0,0.3045615052402232,0.18739505020503264,0.021734548729139536
scaffolding_nofade,1,Limbic,D,0.22020948644427382,1.02539345353998,0.51,7.516959156438434,0.965,14.053787051529355,17.80726318033526,2.590286397297302
scaffolding_nofade,1,Cont,D,-16.980736881985404,1.0016300570159442,0.575,0.210009168461897,0.0,0.30298257718486676,0.13189566124022045,0.007448250827937146
scaffolding_nofade,1,Default,D,8.640237230556396,0.9908053398387426,0.335,0.2925824689785097,0.0,0.5289771864384467,0.03527767422695872,0.04631461557021783
scaffolding_nofade,5,Vis,D,-15.032824470722979,0.9816647036023864,0.165,0.30475385413066586,0.02,0.7750938749089405,0.4790037910847727,0.0005097555225518097
scaffolding_nofade,5,SomMot,D,-23.256763402145893,1.010675762218286,0.735,0.2415888698949338,0.0,0.8548315529302647,0.27395152810468115,0.009994812928120345
scaffolding_nofade,5,DorsAttn,D,-45.00698456817707,0.9972900433536358,0.305,0.20642462043403048,0.0,0.2637900950484809,0.0636919738657492,0.01361275121734508
scaffolding_nofade,5,SalVentAttn,D,-38.93906360244449,0.9987946537721873,0.46,0.21002180851484903,0.0,0.30401781943625267,0.19271382217943972,0.021574225462979813
scaffolding_nofade,5,Limbic,D,0.3228859070323127,1.028535862010552,0.515,7.727370602255249,0.965,14.494323501890946,18.757026343700282,2.6507876594042052
scaffolding_nofade,5,Cont,D,-25.662777320537263,1.0020404304496133,0.6,0.21149464490420275,0.0,0.302680845193687,0.13684525711938553,0.007293864750082817
scaffolding_nofade,5,Default,D,13.01920929426083,0.9923501034121336,0.35,0.2921956400456466,0.0,0.5309664369571571,0.025037001449079565,0.04615970160250453
scaffolding_nofade,10,Vis,D,-14.042696719793415,0.9814567396437048,0.12,0.2976679967667687,0.015,0.7609979128593226,0.5037175664181658,0.00029582292050233115
scaffolding_nofade,10,SomMot,D,-21.62230399748194,1.0116754918235058,0.81,0.23831337778120304,0.0,0.8535590623390006,0.30233936618380963,0.009664947052560359
scaffolding_nofade,10,DorsAttn,D,-41.65709520467215,1.0001207374866254,0.505,0.20833633312402627,0.0,0.2599158415230738,0.07259178190990126,0.013546660327592854
scaffolding_nofade,10,SalVentAttn,D,-36.038606167921024,1.002703102946796,0.665,0.210126422077275,0.0,0.3010490091605248,0.20585518817834114,0.021535759824437624
scaffolding_nofade,10,Limbic,D,0.2804808098581107,0.9832577426238729,0.49,7.994908859051959,0.97,15.230434057018888,21.108469746644744,2.7626469544790306
scaffolding_nofade,10,Cont,D,-23.746582655132134,1.0057279721675854,0.765,0.2101509201742004,0.0,0.2997250734046435,0.1485322187687556,0.007047240378455415
scaffolding_nofade,10,Default,D,12.026057357830178,0.9918839969227649,0.285,0.2987691454302289,0.005,0.5280516399097208,0.0012833996229037077,0.045656377057268216
scaffolding_rapid,1,Vis,D,-9.850943673285727,0.9773429194463084,0.14,0.3074155450859136,0.03,0.7801463795521144,0.47101296490784544,0.0009263065636049327
scaffolding_rapid,1,SomMot,D,-15.24291140184087,1.0081340960535874,0.67,0.24070158784165763,0.0,0.8535169526881817,0.2667022070220612,0.01024774426178032
scaffolding_rapid,1,DorsAttn,D,-29.58979816223365,0.9954860597225236,0.255,0.20556881040951738,0.0,0.2652606114989078,0.06052139809549339,0.013652182026052782
scaffolding_rapid,1,SalVentAttn,D,-25.590786382249533,0.9974080593071227,0.405,0.21045506590602686,0.0,0.3045040192881968,0.18800428974894132,0.021621105731784888
scaffolding_rapid,1,Limbic,D,0.2404940727554704,1.0619853278758016,0.525,6.821357711912872,0.965,12.731757658704705,16.22305856620157,2.378399566280977
scaffolding_rapid,1,Cont,D,-16.855017339667572,1.0011234699600804,0.535,0.21026901902298983,0.0,0.3025615217044929,0.13220684116189646,0.007499543050021959
scaffolding_rapid,1,Default,D,8.578616552953802,0.9941640092927821,0.425,0.2957046874089548,0.0,0.5271021542349247,0.03466746677159645,0.04640789180930254
scaffolding_rapid,5,Vis,D,-14.999194327802945,0.9748941676799538,0.095,0.30175944309276076,0.02,0.7723349991835533,0.479917606942601,0.0006812028672559183
scaffolding_rapid,5,SomMot,D,-23.194269767234523,1.006424892695998,0.615,0.2397337670171254,0.0,0.8524242636951116,0.27765365174499756,0.010078831408059498
scaffolding_rapid,5,DorsAttn,D,-44.83653458088335,0.9956542023054051,0.215,0.20506240335024023,0.0,0.26354892791243,0.0643121132504976,0.013562127610574837
scaffolding_rapid,5,SalVentAttn,D,-38.78849132550749,0.9966531767681461,0.38,0.20915492144830738,0.0,0.3034321424015531,0.19330561667229057,0.021487802620069447
scaffolding_rapid,5,Limbic,D,0.32974012606101794,1.104048149390465,0.565,7.482733925236886,0.965,14.016442751523657,18.332687172097746,2.5999671313765353
scaffolding_rapid,5,Cont,D,-25.56394185298822,1.0000846774513361,0.505,0.2100495471520799,0.0,0.3010670232107425,0.13736451195300278,0.007340668791807766
scaffolding_rapid,5,Default,D,12.925289301449661,0.9973149208150685,0.46,0.29714870759678313,0.005,0.5291710677932945,0.023902935394394642,0.04633543041773642
scaffolding_rapid,10,Vis,D,-14.277439456078438,0.9678343532968965,0.035,0.2927789019961713,0.01,0.7502765664656398,0.497747014730469,0.0004408388869906789
scaffolding_rapid,10,SomMot,D,-21.843017656978347,1.0041919745564762,0.605,0.2354992991986086,0.0,0.8463863387631757,0.30376823197730174,0.009529561843987556
scaffolding_rapid,10,DorsAttn,D,-41.89838732026507,0.9964564856583182,0.275,0.20451027634051117,0.0,0.2584997185248274,0.0731683704223759,0.013542073055781567
scaffolding_rapid,10,SalVentAttn,D,-36.26333748188619,0.9991987565522413,0.45,0.20660981126886577,0.0,0.2992603561562864,0.20594417278363372,0.021497326235943266
scaffolding_rapid,10,Limbic,D,0.24256445302604998,1.091145577304803,0.6,9.3765988838463,0.98,17.327305064121884,24.579152176183623,3.1890631082532797
scaffolding_rapid,10,Cont,D,-23.905564519658927,1.001111246888212,0.57,0.2090221625210244,0.0,0.2952627264186655,0.14955244817948868,0.007067050967894489
scaffolding_rapid,10,Default,D,11.925403202930148,1.0042972490899635,0.585,0.3043691611705029,0.005,0.5287185398698937,0.0014304951608676377,0.04610590361930948
substitution,1,Vis,D,9.996750619562459,0.8731177647711882,0.005,0.27571212767995407,0.005,0.19415094104711472,0.38466783455702946,0.04608814327541299
substitution,1,SomMot,D,6.533795083147391,0.8123721462791338,0.0,0.39740517955158017,0.09,0.4532357658787485,0.75641514439164,0.04525471393784181
substitution,1,DorsAttn,D,-0.8178667582564534,2.178544277369358,0.965,3.9609207898594505,0.875,6.95806426502058,0.550998464961754,0.0921447187856107
substitution,1,SalVentAttn,D,1.6664018957942934,0.5335124491893366,0.065,1.8811028307026665,0.685,1.97771131884103,0.5537223789683362,0.005649396648856
substitution,1,Limbic,D,5.004820490615087,0.8995803060671419,0.125,0.29131120422366985,0.0,1.011319226536478,0.00715703096080093,0.15062132221910834
substitution,1,Cont,D,0.9378877821917526,0.3735879867944264,0.065,2.483779101041152,0.82,5.380971937742719,2.0996049051316343,0.16629309954225716
substitution,1,Default,D,8.901000555207466,0.8730743524616305,0.0,0.1904228046306426,0.0,0.3237854041123587,0.10723548069778645,0.03772442548489837
substitution,5,Vis,D,13.97424083785068,0.8739966924268563,0.005,0.28796772220956435,0.015,0.21684867760541762,0.4115696957542085,0.04753191431253591
substitution,5,SomMot,D,8.797948189486378,0.805737615684083,0.0,0.42789979401173184,0.145,0.54220368275926,0.8425946341176406,0.050100000943046286
substitution,5,DorsAttn,D,-2.1450426568732057,1.6662720329543008,0.985,2.189370650924943,0.72,3.9077263744996484,0.23886852425214006,0.04897689917009244
substitution,5,SalVentAttn,D,1.5219103114854564,0.36212132799367164,0.06,3.0170178137948573,0.76,3.274747551220247,1.0397952660360008,0.009884952532416894
substitution,5,Limbic,D,7.193113441153472,0.8991265035513355,0.11,0.30034880546331133,0.0,1.0273722141839958,0.03727548018273116,0.1564498731689091
substitution,5,Cont,D,0.8423551340933113,0.8030888490422257,0.36,4.00666325174418,0.9,8.787205203503431,3.2394839940354636,0.24780815622367958
substitution,5,Default,D,13.062579757472376,0.8776315350182593,0.0,0.20050754474915242,0.0,0.3286296900444454,0.10236002575139468,0.03776887581847674
substitution,10,Vis,D,10.318838322880218,0.8759535407460848,0.02,0.3164835878414378,0.02,0.29650868707540656,0.5006895687425941,0.05310330597733401
substitution,10,SomMot,D,5.778459397028476,0.7548691997192476,0.005,0.5449628727526465,0.23,0.8599035057314008,1.1520144391811076,0.0682041947445326
substitution,10,DorsAttn,D,-4.1230294721451095,1.3079887197406928,0.995,0.9903250846768632,0.49,1.7592937387280265,0.028352270967398188,0.01898121758400519
substitution,10,SalVentAttn,D,-0.8974705652738595,2.1445295917157985,0.965,4.140614065816557,0.86,5.108584201446364,2.1020259132339154,0.01829563051775621
substitution,10,Limbic,D,5.848590273096435,0.8830220369213851,0.075,0.3031688205836087,0.0,1.05576070974703,0.11693262370300249,0.17251420026337458
substitution,10,Cont,D,-0.5380780991128804,3.4863804064437134,0.995,5.038556111241206,0.915,11.63801563133956,3.6927870158365153,0.23982982417395093
substitution,10,Default,D,11.282835898235058,0.8843392200203266,0.0,0.20410707733141548,0.0,0.33238395717852015,0.0925281045064895,0.0376112600984573
