level,key,metric,contrast,estimate,se,ci_low,ci_high,n_units,p,q_fdr,ci_excludes_0,wpm
network,Cont,auc,S-T,-2.1048428986180787,0.3927634560217647,-2.855595871443516,-1.300287949509316,30,8.36561041354054e-08,1.9519757631594596e-07,True,220
network,Cont,auc,U-T,0.15452136226118596,0.37415519689980486,-0.5454351609596603,0.9540194943770304,30,0.6796158838380738,0.6796158838380738,False,220
network,Cont,auc,S-U,-2.2593642608792646,0.29490025015671506,-2.8238705223014686,-1.6769604698636893,30,1.8384186363825256e-14,2.5737860909355357e-14,True,220
network,Cont,mean,S-T,-0.012721801317126585,0.0022745551149820965,-0.01716489220438546,-0.00804923122473096,30,2.2305802121128393e-08,5.204687161596625e-08,True,220
network,Cont,mean,U-T,-0.0009153097316150696,0.0020443844549120046,-0.00472986834437475,0.003402985611880103,30,0.6543560189058294,0.7634153553901343,False,220
network,Cont,mean,S-U,-0.011806491585511515,0.0016078269031300516,-0.01494504172194229,-0.00861378988738128,30,2.086463486760699e-13,2.9210488814649787e-13,True,220
network,Cont,peak,S-T,-0.005892155259599536,0.004518015799825644,-0.014832162644898082,0.00286091188506939,30,0.19218357907049055,0.5010132806773454,False,220
network,Cont,peak,U-T,0.007966742703317313,0.004762404061997212,-0.0016483742903498685,0.017113152159009635,30,0.09435868674460432,0.1100851345353717,False,220
network,Cont,peak,S-U,-0.013858897962916849,0.004016400650767203,-0.021843517955203718,-0.006291662767368053,30,0.0005593904694845822,0.000783146657278415,True,220
network,Cont,sustained,S-T,-0.017091518575747942,0.00639610015968039,-0.029662418062179733,-0.004447536448923672,30,0.007536064615546619,0.010550490461765266,True,220
network,Cont,sustained,U-T,-0.026780960706505267,0.00651773105583152,-0.03939070946211499,-0.014114812714815964,30,3.974806748042559e-05,0.00027823647236297915,True,220
network,Cont,sustained,S-U,0.009689442130757325,0.006036440625324259,-0.0022484606734608325,0.021229162064851634,30,0.10845899519498628,0.1518425932729808,False,220
network,Cont,time_to_peak,S-T,-12.7,9.078941694920234,-31.569166666666664,4.666666666666671,30,0.16186053225381236,0.2832559314441716,False,220
network,Cont,time_to_peak,U-T,9.133333333333335,8.375232961733303,-7.335833333333331,25.56833333333334,30,0.27548549997324834,0.34294948166809,False,220
network,Cont,time_to_peak,S-U,-21.833333333333336,8.06401805038231,-37.766666666666666,-6.364166666666683,30,0.006779195776904913,0.015818123479444796,True,220
network,Default,auc,S-T,1.089911593755369,0.32104502697501597,0.46285418184442745,1.7254894770933606,30,0.0006865692715924309,0.0011661030575925372,True,220
network,Default,auc,U-T,0.9560892017309045,0.33582282880947956,0.3216195762149254,1.6627788047455652,30,0.004413269851824822,0.015446444481386875,True,220
network,Default,auc,S-U,0.13382239202446444,0.24209246355843875,-0.3408651928988208,0.6212226599122159,30,0.580418251792291,0.580418251792291,False,220
network,Default,mean,S-T,0.00678122115235964,0.0018528474663975654,0.0030600609626142876,0.01031611325032383,30,0.000252321820715651,0.00044156318625238923,True,220
network,Default,mean,U-T,0.004344058460314789,0.001846051321451114,0.000815253120961041,0.00822267653432733,30,0.018614504997367717,0.065150767490787,True,220
network,Default,mean,S-U,0.0024371626920448508,0.001462494707681679,-0.0004885028759716095,0.005338004327447407,30,0.09562539955299844,0.11156296614516485,False,220
network,Default,peak,S-T,-0.004500013137676053,0.0055031410127951656,-0.01587951092850487,0.005673481929425725,30,0.41351867876355874,0.5010132806773454,False,220
network,Default,peak,U-T,0.031078202845313884,0.006171678971366798,0.01906825935543314,0.04282969400452767,30,4.7631559302390927e-07,1.6671045755836824e-06,True,220
network,Default,peak,S-U,-0.035578215982989936,0.005663034551734247,-0.046539023716189,-0.02489910088214445,30,3.3309503401748203e-10,1.1658326190611872e-09,True,220
network,Default,sustained,S-T,0.04386109071980771,0.009027857876559547,0.024824575089975192,0.06034033882308941,30,1.183284866205926e-06,2.07074851586037e-06,True,220
network,Default,sustained,U-T,-0.007691665217687315,0.00941597089878898,-0.027348808552585105,0.010386864432120895,30,0.41400023078787906,0.7245004038787883,False,220
network,Default,sustained,S-U,0.051552755937495025,0.007915023134387014,0.03593602535611926,0.06743215298445068,30,7.352763315800433e-11,1.286733580265076e-10,True,220
network,Default,time_to_peak,S-T,3.3333333333333535,8.822850877987044,-13.767500000000002,21.103333333333346,30,0.705574098562469,0.705574098562469,False,220
network,Default,time_to_peak,U-T,39.80000000000001,9.952174843978474,20.56583333333334,58.87083333333333,30,6.357685998135787e-05,0.00022251900993475255,True,220
network,Default,time_to_peak,S-U,-36.466666666666654,8.60541554484506,-53.73500000000001,-19.265000000000008,30,2.2587998802956964e-05,7.905799581034937e-05,True,220
network,DorsAttn,auc,S-T,-3.3695247620005615,0.39168057976257925,-4.15291683112397,-2.6002960212403132,30,7.78376409363387e-18,5.4486348655437095e-17,True,220
network,DorsAttn,auc,U-T,0.16861786099809284,0.3424372813412755,-0.4933660786590265,0.8177226071656286,30,0.6224330003701914,0.6796158838380738,False,220
network,DorsAttn,auc,S-U,-3.538142622998654,0.3275958871402164,-4.190459953627061,-2.921378377654043,30,3.429808251104692e-27,2.4008657757732846e-26,True,220
network,DorsAttn,mean,S-T,-0.02026866714698658,0.002301418694751796,-0.024980661273106258,-0.01578356205851306,30,1.2850348640316142e-18,8.9952440482213e-18,True,220
network,DorsAttn,mean,U-T,0.00041792215667573325,0.002024806874540687,-0.0035416292119399163,0.00426232518121531,30,0.8364776924765214,0.8364776924765215,False,220
network,DorsAttn,mean,S-U,-0.020686589303662312,0.0018776241414476358,-0.0243996310722004,-0.017075698125951784,30,3.1492829115277046e-28,2.2044980380693932e-27,True,220
network,DorsAttn,peak,S-T,-0.009436753502898633,0.01079122982177953,-0.032349027968305175,0.01163515865713184,30,0.3818549475884214,0.5010132806773454,False,220
network,DorsAttn,peak,U-T,0.013632180047145934,0.009447096041378007,-0.004487661397714577,0.032222244007140695,30,0.1490198611597136,0.1490198611597136,False,220
network,DorsAttn,peak,S-U,-0.023068933550044565,0.008536978066483732,-0.041624926903758255,-0.008226761912795429,30,0.006887475696471626,0.00803538831255023,True,220
network,DorsAttn,sustained,S-T,-0.0752886305385517,0.008341073123912987,-0.09233407597461055,-0.05971705843022675,30,1.7765165386569426e-19,1.2435615770598598e-18,True,220
network,DorsAttn,sustained,U-T,-0.005062025750358922,0.010881208386415011,-0.02790492407133735,0.014708397619789898,30,0.6417824734833697,0.8984954628767176,False,220
network,DorsAttn,sustained,S-U,-0.07022660478819277,0.007718628038981379,-0.08575512126549055,-0.05503592181706478,30,9.173362532325641e-20,3.2106768863139747e-19,True,220
network,DorsAttn,time_to_peak,S-T,-12.333333333333341,7.293564506806038,-26.96666666666668,1.1008333333333267,30,0.09083900879626576,0.2119576871912868,False,220
network,DorsAttn,time_to_peak,U-T,-6.8000000000000025,6.479391847698725,-19.53333333333334,5.4008333333333285,30,0.2939566985726485,0.34294948166809,False,220
network,DorsAttn,time_to_peak,S-U,-5.5333333333333385,8.106396782099846,-20.167500000000004,10.839999999999964,30,0.49486689402994055,0.5773447097015972,False,220
network,Limbic,auc,S-T,0.12123880147505782,0.12834087734147778,-0.13716468502417267,0.37549412387500386,30,0.3448312577311159,0.34483125773111595,False,220
network,Limbic,auc,U-T,0.2068642164991482,0.1294107842297264,-0.03605406174440926,0.4644200255381467,30,0.10992989318989027,0.192377313082308,False,220
network,Limbic,auc,S-U,-0.08562541502409039,0.10266032311946845,-0.2900813851487089,0.11868247155488487,30,0.4042441776068979,0.47161820720804754,False,220
network,Limbic,mean,S-T,0.0009577503466973286,0.000770326639622759,-0.0006331267926552647,0.0025126916494924785,30,0.21375575696765003,0.21375575696765003,False,220
network,Limbic,mean,U-T,0.000929697000245019,0.0007558774804999643,-0.0004888399369750448,0.0024320352128847198,30,0.21871310746361916,0.38274793806133356,False,220
network,Limbic,mean,S-U,2.8053346452309546e-05,0.0005966160589177303,-0.0011354085555291482,0.0011924835666648073,30,0.9624966738128867,0.9624966738128867,False,220
network,Limbic,peak,S-T,0.0017585710569634207,0.00261343555633212,-0.0036035595549870148,0.006476686520771246,30,0.5010132806773454,0.5010132806773454,False,220
network,Limbic,peak,U-T,0.012319080076862188,0.002521150214795771,0.007355449819830863,0.0170407561044282,30,1.0275195451480435e-06,2.397545605345435e-06,True,220
network,Limbic,peak,S-U,-0.010560509019898768,0.002336468941750902,-0.015216373506883912,-0.006116064151593531,30,6.188097539002301e-06,1.4438894257672036e-05,True,220
network,Limbic,sustained,S-T,0.08824037727490287,0.011100922170147654,0.0660358507416162,0.10919746220086896,30,1.881397057743563e-15,6.584889702102471e-15,True,220
network,Limbic,sustained,U-T,0.0017957190256444602,0.009281325476554197,-0.015849731046127146,0.02035744398640298,30,0.8465857531835671,0.9081673872300763,False,220
network,Limbic,sustained,S-U,0.08644465824925841,0.010165621526810659,0.06717648009782061,0.10683955436272868,30,1.8375659360731446e-17,4.287653850837338e-17,True,220
network,Limbic,time_to_peak,S-T,6.400000000000003,7.238782588868575,-7.667500000000001,20.967500000000005,30,0.37662789321522316,0.4393992087510937,False,220
network,Limbic,time_to_peak,U-T,5.133333333333333,7.928322220646374,-10.235833333333336,21.266666666666673,30,0.5173292289356091,0.5173292289356091,False,220
network,Limbic,time_to_peak,S-U,1.2666666666666702,5.949103975684173,-9.866666666666667,13.300833333333328,30,0.8313915324631806,0.8313915324631805,False,220
network,SalVentAttn,auc,S-T,-2.293448876949397,0.33853567298246307,-2.9644311728001216,-1.619879787762514,30,1.2473790790572541e-11,4.365826776700389e-11,True,220
network,SalVentAttn,auc,U-T,0.31894735314568057,0.2669402783017068,-0.1959958991433286,0.8493220002741579,30,0.2321547735493259,0.3250166829690563,False,220
network,SalVentAttn,auc,S-U,-2.6123962300950776,0.258340449722921,-3.12418902915634,-2.1261106905376628,30,4.876502672301769e-24,1.706775935305619e-23,True,220
network,SalVentAttn,mean,S-T,-0.013689091194816759,0.0020015032459503412,-0.017701097160258868,-0.00973382028118382,30,7.952280418644692e-12,2.7832981465256422e-11,True,220
network,SalVentAttn,mean,U-T,0.0012680249194100045,0.0015657176712939621,-0.0017664188851333085,0.00432789438489254,30,0.4180159422505326,0.5852223191507456,False,220
network,SalVentAttn,mean,S-U,-0.014957116114226763,0.001462951499958411,-0.01785813378737151,-0.01217554252242855,30,1.549268092707747e-24,5.4224383244771145e-24,True,220
network,SalVentAttn,peak,S-T,-0.01449099729341578,0.005909932438152664,-0.025609978690464847,-0.002489811692676247,30,0.01420751535141735,0.09945260745992146,True,220
network,SalVentAttn,peak,U-T,0.011939331871499526,0.005719017570724809,0.0007371321807112191,0.022739180587403342,30,0.03682902611172701,0.051560636556417815,True,220
network,SalVentAttn,peak,S-U,-0.026430329164915306,0.0063208826324308055,-0.03957976200102379,-0.014803276630709631,30,2.896812555457397e-05,5.069421972050445e-05,True,220
network,SalVentAttn,sustained,S-T,-0.05086806014518924,0.00705474066052986,-0.06466791707160927,-0.03688035541624328,30,5.575535114632816e-13,1.3009581934143237e-12,True,220
network,SalVentAttn,sustained,U-T,0.011644853838537073,0.006579355070986287,-0.0012189624423684764,0.02435946095439617,30,0.07674245111613377,0.1790657192709788,False,220
network,SalVentAttn,sustained,S-U,-0.06251291398372631,0.00686545339688825,-0.0762289036398558,-0.04949579318822324,30,8.592437927797033e-20,3.2106768863139747e-19,True,220
network,SalVentAttn,time_to_peak,S-T,-28.43333333333334,9.601676314328332,-48.00083333333335,-11.066666666666674,30,0.0030635485595671133,0.021444839916969792,True,220
network,SalVentAttn,time_to_peak,U-T,-10.700000000000003,8.395327181720363,-26.867500000000007,5.10083333333333,30,0.20247971235566742,0.34294948166809,False,220
network,SalVentAttn,time_to_peak,S-U,-17.733333333333338,8.918471257159634,-36.30166666666668,-0.6666666666666696,30,0.04676938838540505,0.08184642967445883,True,220
network,SomMot,auc,S-T,-0.9503415752147145,0.28439605295047515,-1.5185834518005552,-0.38887009082980245,30,0.000832930755423241,0.0011661030575925372,True,220
network,SomMot,auc,U-T,0.5461621839084475,0.2172776649562883,0.1243638419337599,0.9629961323103283,30,0.011948555124743696,0.02787996195773529,True,220
network,SomMot,auc,S-U,-1.496503759123162,0.1848621148399454,-1.8645682576319926,-1.152231101165346,30,5.715010490716329e-16,1.3335024478338103e-15,True,220
network,SomMot,mean,S-T,-0.00571788769701436,0.0016929764571553666,-0.009096236925021869,-0.0024498051980425544,30,0.0007316999549764285,0.0010243799369669998,True,220
network,SomMot,mean,U-T,0.0026260171643188663,0.001274122635618379,0.00010960693396266551,0.005022141937000463,30,0.03929926552021188,0.09169828621382771,True,220
network,SomMot,mean,S-U,-0.008343904861333226,0.0010856939928854839,-0.010490544745353084,-0.006271827510409043,30,1.526160259348688e-14,2.670780453860204e-14,True,220
network,SomMot,peak,S-T,0.002735463902018481,0.0036901876260987516,-0.004169024513835255,0.009853382115631767,30,0.4585234198076028,0.5010132806773454,False,220
network,SomMot,peak,U-T,0.029454886795732882,0.0047334234594044395,0.020178411536148577,0.03879647065857395,30,4.885312928035431e-10,3.4197190496248016e-09,True,220
network,SomMot,peak,S-U,-0.0267194228937144,0.003999216239045926,-0.03470888598707277,-0.01906851458193452,30,2.3705041226406844e-11,1.659352885848479e-10,True,220
network,SomMot,sustained,S-T,-0.009629491940159359,0.008286764530461461,-0.02567530471675457,0.006376547122610182,30,0.2452221541356625,0.2452221541356625,False,220
network,SomMot,sustained,U-T,0.0010334015243848949,0.008958802708904689,-0.016393707507264675,0.018832444166186502,30,0.9081673872300763,0.9081673872300763,False,220
network,SomMot,sustained,S-U,-0.010662893464544253,0.008128337569101524,-0.027340674124728234,0.005179161029707906,30,0.18958180205325914,0.22117876906213566,False,220
network,SomMot,time_to_peak,S-T,10.366666666666685,11.526450708764685,-11.934999999999995,32.136666666666684,30,0.3684499453058375,0.4393992087510937,False,220
network,SomMot,time_to_peak,U-T,70.50000000000003,11.221467380196078,49.83250000000001,92.80166666666668,30,3.32955235093514e-10,2.330686645654598e-09,True,220
network,SomMot,time_to_peak,S-U,-60.13333333333334,10.888757659241064,-82.0016666666667,-39.963333333333345,30,3.341802406062756e-08,2.339261684243929e-07,True,220
network,Vis,auc,S-T,-0.8971408870586072,0.3251467094167848,-1.5441944057884174,-0.2788610625736734,30,0.005794519547270584,0.006760272805149015,True,220
network,Vis,auc,U-T,1.0694987320324192,0.28942198456882184,0.5084457575276359,1.6102315111773975,30,0.00021963425938217846,0.0015374398156752492,True,220
network,Vis,auc,S-U,-1.9666396190910262,0.2517772008724482,-2.468195809269529,-1.4733971450461765,30,5.6721885129255836e-15,9.926329897619771e-15,True,220
network,Vis,mean,S-T,-0.0050836605047070455,0.001983176824206904,-0.009069068703320773,-0.0013968630281823767,30,0.010365480842357283,0.012093060982750163,True,220
network,Vis,mean,U-T,0.007010929070037924,0.0018108458002903173,0.003461281804877529,0.010419011898744378,30,0.00010810895749216596,0.0007567627024451617,True,220
network,Vis,mean,S-U,-0.01209458957474497,0.0015165486604951507,-0.015051379590558946,-0.00915924894480218,30,1.5228809841821564e-15,3.553388963091698e-15,True,220
network,Vis,peak,S-T,0.007841157448804115,0.008623127914194735,-0.009012654541170777,0.0242261467091358,30,0.36318278021650485,0.5010132806773454,False,220
network,Vis,peak,U-T,0.021142967296416636,0.008076856934685158,0.004252905399629125,0.03528000147697253,30,0.00885188492307555,0.015490798615382214,True,220
network,Vis,peak,S-U,-0.013301809847612521,0.006573808253786764,-0.02583508591788711,-0.00043083869025042166,30,0.04302618546675486,0.04302618546675486,True,220
network,Vis,sustained,S-T,0.020752629948258116,0.009216124481831059,0.0013889897145139254,0.03797144459213899,30,0.024336554380472997,0.028392646777218495,True,220
network,Vis,sustained,U-T,0.02515495072780759,0.009183760466480848,0.006548011364428467,0.0426845304886337,30,0.006161349947283414,0.02156472481549195,True,220
network,Vis,sustained,S-U,-0.004402320779549475,0.005906073158309446,-0.015722145981126995,0.007031297543113757,30,0.456036713106974,0.456036713106974,False,220
network,Vis,time_to_peak,S-T,17.700000000000014,10.027245512915695,-2.0333333333333203,37.101666666666674,30,0.07753172990471026,0.2119576871912868,False,220
network,Vis,time_to_peak,U-T,26.66666666666668,8.96634370803276,9.698333333333336,43.93583333333333,30,0.002938638369614476,0.006856822862433778,True,220
network,Vis,time_to_peak,S-U,-8.966666666666665,11.183595518122411,-31.466666666666665,12.1675,30,0.4226862590833509,0.5773447097015972,False,220
stimulus,all,dispersion,S-T,5.0112114440536987e-05,0.00015787270985084134,-0.0002578139044925041,0.0003533549290277433,30,0.7509241699489455,0.7509241699489455,False,220
stimulus,all,dispersion,U-T,-0.0006248673655175564,0.0001805654497472661,-0.0009891872704256295,-0.0002889952937877169,30,0.0005389445173654536,0.0005389445173654536,True,220
stimulus,all,dispersion,S-U,0.0006749794799580934,0.00010468786541201818,0.0004623683575934153,0.0008714307097442142,30,1.1367816811063445e-10,1.1367816811063445e-10,True,220
stimulus,all,entropy,S-T,-0.009628497739849782,0.002088802719072539,-0.01378553346599455,-0.005502208467122228,30,4.0348836120905e-06,4.0348836120905e-06,True,220
stimulus,all,entropy,U-T,0.004270108969527694,0.0014600031827082308,0.001534318155398929,0.00722842769060988,30,0.003447598631396181,0.003447598631396181,True,220
stimulus,all,entropy,S-U,-0.013898606709377476,0.0013874634918434464,-0.016606619370283612,-0.01124297611384258,30,1.279798077939324e-23,1.279798077939324e-23,True,220
stimulus,all,integration,S-T,-0.028702356544136682,0.010339449500970618,-0.049465970480120094,-0.009055408430645792,30,0.0055031476212621154,0.0055031476212621154,True,220
stimulus,all,integration,U-T,0.053539468698400434,0.011358263764454507,0.030635418763259554,0.07482111897843037,30,2.43256544517459e-06,2.43256544517459e-06,True,220
stimulus,all,integration,S-U,-0.08224182524253712,0.009375698387601952,-0.10128879603645823,-0.06437908863991942,30,1.7582016545020788e-18,1.7582016545020788e-18,True,220
network,Cont,auc,S-T,-1.7544648665520133,0.4197727150652036,-2.591265762113365,-0.9553656033747746,30,2.9207482401322207e-05,5.111309420231386e-05,True,180
network,Cont,auc,U-T,0.9269464012999559,0.3898994756177151,0.17635681201565098,1.7365305339192136,30,0.01743524396544004,0.01743524396544004,True,180
network,Cont,auc,S-U,-2.6814112678519693,0.28500265223810833,-3.2429102602132316,-2.1608420391720387,30,5.0387567428248085e-21,1.175709906659122e-20,True,180
network,Cont,mean,S-T,-0.00883398379749554,0.0021580748269976304,-0.013205827780378477,-0.004674169346563461,30,4.249912225666194e-05,7.43734639491584e-05,True,180
network,Cont,mean,U-T,0.0033598339188860324,0.0020170713489552038,-0.0005437995031566032,0.007378636767795813,30,0.09577336249759003,0.09577336249759003,False,180
network,Cont,mean,S-U,-0.012193817716381573,0.0013531989195077116,-0.014803141642040123,-0.009587210322697472,30,2.0399037182542591e-19,4.759775342593271e-19,True,180
network,Cont,peak,S-T,-0.0059308798598196035,0.007121314707652313,-0.01936094598173625,0.008860469730279381,30,0.40493781419401575,0.5669129398716221,False,180
network,Cont,peak,U-T,0.00217791244147213,0.005887003318566388,-0.009342115421625748,0.01378618542496592,30,0.7114177756902804,0.8299874049719937,False,180
network,Cont,peak,S-U,-0.008108792301291733,0.005971516004530631,-0.01970825604950372,0.0036711455396494556,30,0.17449165910693543,0.20357360229142465,False,180
network,Cont,sustained,S-T,-0.023769279952792023,0.009473074074238003,-0.04238485831470536,-0.004971494116923592,30,0.012102511431432083,0.016943516004004917,True,180
network,Cont,sustained,U-T,-0.007999121617460367,0.006302005835462778,-0.019924046860654902,0.0042098549869517875,30,0.2043349004311128,0.4767814343392632,False,180
network,Cont,sustained,S-U,-0.015770158335331658,0.007237044827369135,-0.02917767116978553,-0.0011731740354717609,30,0.029325123363050137,0.04105517270827019,True,180
network,Cont,time_to_peak,S-T,-27.133333333333336,9.997438504464396,-46.93333333333335,-7.932500000000006,30,0.006647044127138665,0.023264654444985326,True,180
network,Cont,time_to_peak,U-T,-6.300000000000003,12.552611021585506,-30.835,18.33583333333333,30,0.6157465781086737,0.7775655951970972,False,180
network,Cont,time_to_peak,S-U,-20.833333333333332,12.35694714653359,-44.844166666666666,2.3024999999999802,30,0.09180327451570307,0.16065573040248038,False,180
network,Default,auc,S-T,2.1115418885326767,0.384684160547431,1.3398926981156338,2.831300533088037,30,4.0415298747749903e-08,9.430236374474977e-08,True,180
network,Default,auc,U-T,1.645081654032714,0.3944333399661911,0.8997362247671454,2.438627473033645,30,3.0360283405639286e-05,5.313049595986875e-05,True,180
network,Default,auc,S-U,0.46646023449996266,0.32828064182884875,-0.17058869165999752,1.1317129090576823,30,0.1553402793172559,0.15534027931725594,False,180
network,Default,mean,S-T,0.010532406212214419,0.0019488381399817613,0.0065092557837299544,0.014091045079550259,30,6.50060785691943e-08,1.5168084999478668e-07,True,180
network,Default,mean,U-T,0.007242825339165764,0.0019677563654401406,0.003370364147744087,0.01102731686119497,30,0.00023254610110298238,0.00040695567693021915,True,180
network,Default,mean,S-U,0.0032895808730486554,0.0016130877425128323,3.644346021533474e-05,0.006423879489149419,30,0.04141941303459828,0.04141941303459828,True,180
network,Default,peak,S-T,-0.011009971798955822,0.0067420668787176756,-0.024415233571697045,0.0017706136683425537,30,0.10246348821303836,0.23908147249708947,False,180
network,Default,peak,U-T,0.011426229921312312,0.00704981785084825,-0.0031635366699540477,0.024848671021779282,30,0.10506403361849463,0.36772411766473123,False,180
network,Default,peak,S-U,-0.022436201720268133,0.0072924199564885755,-0.03773639006018404,-0.00862155137912178,30,0.0020934307740359715,0.0146540154182518,True,180
network,Default,sustained,S-T,0.07501900697778527,0.011501972774677982,0.052946725763775244,0.09896068512806634,30,6.924980180030403e-11,4.847486126021282e-10,True,180
network,Default,sustained,U-T,0.009975748450511258,0.010736885605414281,-0.010753153716135543,0.03151886719287389,30,0.3528320504338949,0.5832581282330767,False,180
network,Default,sustained,S-U,0.06504325852727401,0.00824979254215608,0.04942865735261964,0.08179624389155152,30,3.16481923643962e-15,5.538433663769335e-15,True,180
network,Default,time_to_peak,S-T,-30.466666666666676,8.530072660923453,-47.83416666666667,-14.233333333333338,30,0.00035470233266341573,0.00248291632864391,True,180
network,Default,time_to_peak,U-T,-19.300000000000004,9.100065819591913,-38.503333333333345,-2.666666666666666,30,0.03393326741036793,0.11876643593628776,True,180
network,Default,time_to_peak,S-U,-11.166666666666671,11.95722587363284,-33.93750000000001,13.969166666666649,30,0.35036352857682507,0.4403545782406291,False,180
network,DorsAttn,auc,S-T,-3.470819358784352,0.38717804722254395,-4.242033343964938,-2.75031914910497,30,3.119712418828629e-19,2.1837986931800405e-18,True,180
network,DorsAttn,auc,U-T,1.1702152283129776,0.35330660162328376,0.511370073221865,1.8920585530683447,30,0.0009257180533593097,0.0012960052747030336,True,180
network,DorsAttn,auc,S-U,-4.64103458709733,0.29449598837384977,-5.224621639605863,-4.088097891638838,30,5.93371274092078e-56,4.1535989186445465e-55,True,180
network,DorsAttn,mean,S-T,-0.01761777655294429,0.002059799309990478,-0.021797493779001684,-0.013712658451071537,30,1.1977202571028829e-17,8.38404179972018e-17,True,180
network,DorsAttn,mean,U-T,0.005583377331647408,0.001870928081029084,0.0020979319869983398,0.009402504616308326,30,0.002842445019448383,0.003979423027227736,True,180
network,DorsAttn,mean,S-U,-0.023201153884591697,0.0015027416379183702,-0.026179240034311765,-0.020349862491987045,30,8.91766099653468e-54,6.242362697574276e-53,True,180
network,DorsAttn,peak,S-T,-0.02413325256975155,0.008604738736673749,-0.04041708506948971,-0.007350806771903523,30,0.0050371750927071714,0.0352602256489502,True,180
network,DorsAttn,peak,U-T,-0.00328291707756754,0.007605988069171079,-0.018223667505893274,0.011747957225397863,30,0.6660156600845425,0.8299874049719937,False,180
network,DorsAttn,peak,S-U,-0.02085033549218401,0.007724927839025439,-0.03665899726886183,-0.006824174201121535,30,0.0069527747170465195,0.02135209235404879,True,180
network,DorsAttn,sustained,S-T,-0.06012920681530657,0.009439556289969179,-0.07914663864171058,-0.042414478966123416,30,1.891283370822971e-10,6.619491797880398e-10,True,180
network,DorsAttn,sustained,U-T,0.0003309788767158002,0.009043165680500426,-0.018091949450778747,0.017645947968621914,30,0.9708040305738205,0.9708040305738205,False,180
network,DorsAttn,sustained,S-U,-0.06046018569202237,0.007443411579060028,-0.07487731824359672,-0.04581635552411288,30,4.561341422754327e-16,1.0643129986426762e-15,True,180
network,DorsAttn,time_to_peak,S-T,-20.733333333333338,11.827789068083018,-43.333333333333336,3.6733333333333054,30,0.07961334056137084,0.16979214521033203,False,180
network,DorsAttn,time_to_peak,U-T,6.666666666666666,11.400259332370979,-15.20583333333334,28.967499999999998,30,0.5586942964109036,0.7775655951970972,False,180
network,DorsAttn,time_to_peak,S-U,-27.400000000000006,11.818816974702136,-49.5025,-3.565833333333345,30,0.020431016206558062,0.04767237114863548,True,180
network,Limbic,auc,S-T,0.3571434437665802,0.16342945387816263,0.03089605799709843,0.674303244647377,30,0.028866382961290765,0.04041293614580707,True,180
network,Limbic,auc,U-T,0.656076699574246,0.14036028604664202,0.38872118874809436,0.929948845611395,30,2.950540186080526e-06,1.0326890651281841e-05,True,180
network,Limbic,auc,S-U,-0.2989332558076658,0.11314326101416469,-0.524604281372571,-0.07754518474414486,30,0.008239921686260029,0.009613241967303366,True,180
network,Limbic,mean,S-T,0.0017705727774090802,0.0008598916183949298,3.45269203081569e-05,0.003401959378583387,30,0.03948800745016443,0.0552832104302302,True,180
network,Limbic,mean,U-T,0.0030893290091805604,0.0007141844716200887,0.00170623606426874,0.004469566960636873,30,1.5206636179341255e-05,5.3223226627694396e-05,True,180
network,Limbic,mean,S-U,-0.0013187562317714802,0.0006153912024396088,-0.0025658348950485144,-0.00013891454458763602,30,0.032116636567706545,0.03746940932899097,True,180
network,Limbic,peak,S-T,0.001505720158877581,0.0030036343210459197,-0.004293026838146645,0.0070994639599149464,30,0.6161604097088598,0.7188538113270031,False,180
network,Limbic,peak,U-T,0.006277700351723303,0.0028418380144313825,0.0005057505994360396,0.011430228006008911,30,0.027172678573518,0.190208750014626,True,180
network,Limbic,peak,S-U,-0.004771980192845722,0.00277440157829808,-0.010079366560121475,0.0007526690660438376,30,0.08543182059109804,0.11960454882753727,False,180
network,Limbic,sustained,S-T,0.05055905256860059,0.012720962091464722,0.026512227367300946,0.07567274041361863,30,7.053684230874053e-05,0.00012343947404029593,True,180
network,Limbic,sustained,U-T,-0.02190552815342998,0.011457381337581382,-0.04415514355347458,0.00022599782331830226,30,0.05588722152679933,0.32756640306824325,False,180
network,Limbic,sustained,S-U,0.07246458072203057,0.007145578707136308,0.058373159701048394,0.08611717083222255,30,3.627016117936579e-24,2.538911282555605e-23,True,180
network,Limbic,time_to_peak,S-T,-0.6999999999999996,9.974651464383006,-21.268333333333338,19.3025,30,0.9440520716153712,0.9440520716153712,False,180
network,Limbic,time_to_peak,U-T,5.233333333333336,14.838714345825126,-24.94333333333333,33.03416666666667,30,0.7243275686837718,0.7775655951970972,False,180
network,Limbic,time_to_peak,S-U,-5.933333333333335,14.309728712579988,-33.401666666666664,22.80083333333333,30,0.6784081517677171,0.6784081517677171,False,180
network,SalVentAttn,auc,S-T,-2.1906726962282996,0.30471243841712836,-2.7961233108074146,-1.6224853497883678,30,6.511876273594576e-13,2.2791566957581018e-12,True,180
network,SalVentAttn,auc,U-T,0.8516462217700244,0.2909020878252678,0.28711035691674475,1.4127803402777002,30,0.0034158439970654094,0.003985151329909644,True,180
network,SalVentAttn,auc,S-U,-3.042318917998324,0.2814677182407433,-3.607587407099748,-2.488867015059265,30,3.1284745442881798e-27,1.0949660905008629e-26,True,180
network,SalVentAttn,mean,S-T,-0.011088236442399077,0.0016017519843276942,-0.014354268033881989,-0.008111674764326997,30,4.435299203656156e-12,1.5523547212796546e-11,True,180
network,SalVentAttn,mean,U-T,0.003920952399605533,0.001501641559525625,0.001001584436231556,0.006806064896320735,30,0.009024866512387363,0.01052901093111859,True,180
network,SalVentAttn,mean,S-U,-0.01500918884200461,0.0014274299434810277,-0.017907850023306558,-0.012214742734280859,30,7.381070516156048e-26,2.583374680654617e-25,True,180
network,SalVentAttn,peak,S-T,-0.016308878087537615,0.006593242939055587,-0.028707674289600825,-0.002618668574314036,30,0.013376888312807722,0.046819109094827026,True,180
network,SalVentAttn,peak,U-T,0.0004025587579347505,0.003885194769833572,-0.006962431190280134,0.008039764623021835,30,0.9174760473972228,0.9174760473972228,False,180
network,SalVentAttn,peak,S-U,-0.016711436845472365,0.006411779901791986,-0.029379956594162086,-0.003991999080342218,30,0.009150896723163767,0.02135209235404879,True,180
network,SalVentAttn,sustained,S-T,-0.05392267698874238,0.00912325820124419,-0.07212388481307229,-0.03650930203489903,30,3.411481686340581e-09,7.960123934794689e-09,True,180
network,SalVentAttn,sustained,U-T,0.0009716396431039179,0.00784382048916904,-0.014263667952074404,0.016032240893307632,30,0.9014156224291123,0.9708040305738205,False,180
network,SalVentAttn,sustained,S-U,-0.0548943166318463,0.006087452375583546,-0.06758445873636619,-0.043891562157305414,30,1.9222429080285961e-19,6.727850178100087e-19,True,180
network,SalVentAttn,time_to_peak,S-T,-21.033333333333328,12.674841838626858,-44.50083333333335,5.537499999999986,30,0.09702408297733259,0.16979214521033203,False,180
network,SalVentAttn,time_to_peak,U-T,9.066666666666672,10.894627588014636,-9.935833333333337,32.902499999999996,30,0.40528790067255127,0.7775655951970972,False,180
network,SalVentAttn,time_to_peak,S-U,-30.1,9.861870682471455,-50.33500000000001,-11.799166666666675,30,0.0022720151402905045,0.015904105982033533,True,180
network,SomMot,auc,S-T,-0.25402718019021064,0.2763143834218482,-0.8387458040932131,0.24076249167674435,30,0.35791716587903444,0.35791716587903444,False,180
network,SomMot,auc,U-T,1.1475972248075215,0.2536762990870211,0.6700935726805252,1.6236457960185706,30,6.07205827330305e-06,1.416813597104045e-05,True,180
network,SomMot,auc,S-U,-1.4016244049977322,0.2219022266586744,-1.8413134958172601,-0.9875276942127451,30,2.6771733770702993e-10,3.748042727898419e-10,True,180
network,SomMot,mean,S-T,-0.0013365729893644663,0.0014658703937181013,-0.004397350275217846,0.0012766395791525807,30,0.3618767529527418,0.36187675295274185,False,180
network,SomMot,mean,U-T,0.0054767924862279965,0.001337814958760716,0.0028379309063189017,0.007978529558776723,30,4.242979684926466e-05,9.900285931495089e-05,True,180
network,SomMot,mean,S-U,-0.006813365475592463,0.0011611132059383108,-0.009256551400899028,-0.004668662317439712,30,4.411905028537724e-09,6.176667039952814e-09,True,180
network,SomMot,peak,S-T,-0.0017276424314416148,0.005420926731376196,-0.013096155771726464,0.008141226515284275,30,0.7499549824438752,0.7499549824438752,False,180
network,SomMot,peak,U-T,0.005927746987015896,0.006308400996468687,-0.0075459082163365524,0.017269230563021997,30,0.3473924033023559,0.6079367057791227,False,180
network,SomMot,peak,S-U,-0.007655389418457511,0.0034549204522981176,-0.014925146317480795,-0.001203538701836989,30,0.02670566494195545,0.04673491364842204,True,180
network,SomMot,sustained,S-T,0.007131202123485405,0.008882785624276244,-0.01106415169446747,0.023994127095868196,30,0.42208371556374413,0.49243100149103486,False,180
network,SomMot,sustained,U-T,0.006570764205378347,0.008088971660813361,-0.008966920859006957,0.022489254335571026,30,0.4166129487379119,0.5832581282330767,False,180
network,SomMot,sustained,S-U,0.0005604379181070578,0.006459316213526058,-0.012289764172046708,0.013128930243135049,30,0.9308588812449146,0.9308588812449147,False,180
network,SomMot,time_to_peak,S-T,17.866666666666678,11.893366523649025,-5.96749999999999,42.200000000000024,30,0.13303566450476495,0.18624993030667092,False,180
network,SomMot,time_to_peak,U-T,38.63333333333333,11.88101231672488,15.197500000000003,62.138333333333335,30,0.0011472228007969336,0.008030559605578535,True,180
network,SomMot,time_to_peak,S-U,-20.766666666666655,8.554755513348631,-39.26833333333333,-5.7983333333333364,30,0.015203298321232666,0.04767237114863548,True,180
network,Vis,auc,S-T,-0.4043812360979192,0.3107266766041174,-1.015725247160202,0.21224044302579248,30,0.19311987901920424,0.22530652552240493,False,180
network,Vis,auc,U-T,1.7217346216065863,0.3371096147520936,1.0526038855229596,2.3858344632921735,30,3.2671938349248967e-07,2.2870356844474275e-06,True,180
network,Vis,auc,S-U,-2.1261158577045056,0.3093769165544226,-2.737238838229315,-1.5287878920895308,30,6.319658126656512e-12,1.1059401721648896e-11,True,180
network,Vis,mean,S-T,-0.002243830589487475,0.0016220379121452107,-0.005452455955547241,0.0008466830268453199,30,0.16656051305513986,0.19432059856432984,False,180
network,Vis,mean,U-T,0.009186044943732357,0.0017085127431178454,0.005778238737738555,0.01254015582449298,30,7.589190346049275e-08,5.312433242234492e-07,True,180
network,Vis,mean,S-U,-0.011429875533219832,0.0015668021453189016,-0.014462166893975566,-0.008478460486618149,30,2.9858280148334267e-13,5.225199025958497e-13,True,180
network,Vis,peak,S-T,0.007942531943570075,0.008692980438109692,-0.009369105839750652,0.024941746276811436,30,0.36088927417577,0.5669129398716221,False,180
network,Vis,peak,U-T,0.009172944727540815,0.008434062734689133,-0.008477612573940531,0.025277518355513052,30,0.27676868847242375,0.6079367057791227,False,180
network,Vis,peak,S-U,-0.0012304127839707392,0.004917164680908946,-0.009649034195070108,0.009210097905875967,30,0.8024109543366852,0.8024109543366852,False,180
network,Vis,sustained,S-T,0.005169846992934518,0.007683763988769894,-0.009550949969268452,0.02023540167162237,30,0.5010571001088977,0.5010571001088977,False,180
network,Vis,sustained,U-T,0.012555625434367758,0.007488050098789761,-0.0016721940498660684,0.027344248242348337,30,0.09359040087664093,0.32756640306824325,False,180
network,Vis,sustained,S-U,-0.00738577844143324,0.006518449045114164,-0.01975814743158249,0.005900491657442773,30,0.2571900518055048,0.3000550604397556,False,180
network,Vis,time_to_peak,S-T,-5.866666666666665,13.212055869972192,-31.035833333333347,21.23583333333333,30,0.6570144646754852,0.7665168754547328,False,180
network,Vis,time_to_peak,U-T,3.0666666666666664,10.855730323665586,-18.468333333333337,23.735000000000003,30,0.7775655951970972,0.7775655951970972,False,180
network,Vis,time_to_peak,S-U,-8.933333333333332,10.121490572972194,-28.46666666666667,11.83833333333331,30,0.3774467813491107,0.4403545782406291,False,180
stimulus,all,dispersion,S-T,2.2674145135851288e-05,0.00013856600941053584,-0.00025008370814289855,0.00029179990919566047,30,0.8700190798811591,0.8700190798811591,False,180
stimulus,all,dispersion,U-T,-0.00047632918044513664,0.00017089728457757452,-0.0008039702508403998,-0.00014453387960503008,30,0.005316155714644262,0.005316155714644262,True,180
stimulus,all,dispersion,S-U,0.000499003325580988,0.00011520959979075604,0.0002651968704854437,0.0007261179365770353,30,1.4825501468587163e-05,1.4825501468587163e-05,True,180
stimulus,all,entropy,S-T,-0.008328737781321954,0.0018598871511687094,-0.012005232910757557,-0.004768306214775248,30,7.5314660905850925e-06,7.5314660905850925e-06,True,180
stimulus,all,entropy,U-T,0.008971897198005637,0.0020024647733595455,0.005021797366847642,0.012800927841451008,30,7.449386258847515e-06,7.449386258847515e-06,True,180
stimulus,all,entropy,S-U,-0.017300634979327593,0.001673819021458114,-0.020504762031607816,-0.013971661106505542,30,4.842083406749411e-25,4.842083406749411e-25,True,180
stimulus,all,integration,S-T,-0.029817362068984193,0.013561216035462335,-0.05765895086382563,-0.005102799611639795,30,0.02789760108101159,0.02789760108101159,True,180
stimulus,all,integration,U-T,0.005365780657962757,0.009988535924144911,-0.014941255125063375,0.02388989907914616,30,0.5911336782121437,0.5911336782121437,False,180
stimulus,all,integration,S-U,-0.03518314272694695,0.012256598402248953,-0.05960893273460594,-0.012134072950249434,30,0.004097621753138335,0.004097621753138335,True,180
network,Cont,auc,S-T,-1.536629125244783,0.3585288182268534,-2.26400081033826,-0.8403713827601881,30,1.819769548336561e-05,6.369193419177964e-05,True,260
network,Cont,auc,U-T,-0.05092102485714785,0.2886815787110767,-0.5986001472296659,0.5338776842883655,30,0.8599862509163972,0.9249219390949318,False,260
network,Cont,auc,S-U,-1.4857081003876351,0.25438857788668523,-1.9911075926019177,-0.9911800182157093,30,5.2103845092527035e-09,7.294538312953784e-09,True,260
network,Cont,mean,S-T,-0.010583769319516777,0.0023435886841109968,-0.015366529476354354,-0.005897678703173469,30,6.300307830386983e-06,2.205107740635444e-05,True,260
network,Cont,mean,U-T,-0.00203057338612844,0.002056265101170118,-0.006026747538375602,0.002168409507110318,30,0.3233948190457112,0.4527527466639957,False,260
network,Cont,mean,S-U,-0.008553195933388338,0.0013768995321135232,-0.011196263496789843,-0.005939325797458162,30,5.233957637209645e-10,9.159425865116877e-10,True,260
network,Cont,peak,S-T,-0.0029154039031677784,0.005334619499268035,-0.013124490547522226,0.007615784713176643,30,0.5847178631755123,0.9554852246045143,False,260
network,Cont,peak,U-T,0.00016023220285803685,0.006705089217458612,-0.01277051884261355,0.013581028765656032,30,0.9809346856659348,0.9809346856659348,False,260
network,Cont,peak,S-U,-0.0030756361060258154,0.004330422615429453,-0.012355114420568747,0.004439544079107838,30,0.47755578558547873,0.5571484165163919,False,260
network,Cont,sustained,S-T,-0.029062730927893667,0.008376745480719077,-0.04515107599311537,-0.012759508080470987,30,0.0005215178717187544,0.0007301250204062561,True,260
network,Cont,sustained,U-T,-0.006983328830084748,0.006621073196001169,-0.01961556949845234,0.006056060845054348,30,0.2915568216073061,0.4848820043406826,False,260
network,Cont,sustained,S-U,-0.02207940209780892,0.007072771766859471,-0.03569213863596602,-0.00853746604285659,30,0.0017978153369451694,0.0025169414717232373,True,260
network,Cont,time_to_peak,S-T,-12.20000000000001,7.896184857954433,-27.435000000000013,2.9999999999999982,30,0.12233418242196523,0.28544642565125217,False,260
network,Cont,time_to_peak,U-T,-9.833333333333337,4.996395816877683,-19.70166666666668,-0.165000000000007,30,0.049058219946976185,0.06868150792576666,True,260
network,Cont,time_to_peak,S-U,-2.3666666666666725,8.541838273495069,-18.635833333333345,15.233333333333329,30,0.7817281964167446,0.9947970349224958,False,260
network,Default,auc,S-T,0.9562311145763478,0.3268546556603994,0.33450687899596876,1.5822877970461677,30,0.003438429229571945,0.006017251151750904,True,260
network,Default,auc,U-T,0.8706377883914712,0.2534060096925253,0.3675993158904356,1.3703419555916458,30,0.00059093241747352,0.0020555770569957543,True,260
network,Default,auc,S-U,0.08559332618487658,0.27026253741833295,-0.4225417036715693,0.6057867023352307,30,0.7514679338855423,0.7514679338855423,False,260
network,Default,mean,S-T,0.007392719049647757,0.002181945726976239,0.0031934899187588094,0.011629033848404474,30,0.0007037051725372356,0.0012314840519401624,True,260
network,Default,mean,U-T,0.004781297973934484,0.0016974448220052267,0.0013883315161668096,0.007985917231344989,30,0.00485104673440863,0.01131910904695347,True,260
network,Default,mean,S-U,0.0026114210757132734,0.0016744276640667563,-0.0006180662377284085,0.005834179161610128,30,0.11885673971329988,0.13502383501482998,False,260
network,Default,peak,S-T,-0.010403742564238054,0.004612925499558319,-0.020022096088917727,-0.001826092127046427,30,0.02411162632105153,0.16878138424736072,True,260
network,Default,peak,U-T,0.021600148820903536,0.007215253295454793,0.007422381257974259,0.036334792491456845,30,0.0027563620288310426,0.006431511400605766,True,260
network,Default,peak,S-U,-0.03200389138514159,0.006279192284169115,-0.04472962352698491,-0.020604286249131912,30,3.4541269064656654e-07,2.4178888345259657e-06,True,260
network,Default,sustained,S-T,0.05502512594320705,0.007898881427337459,0.03991387019447982,0.07056557081332004,30,3.256342767891881e-12,2.2794399375243166e-11,True,260
network,Default,sustained,U-T,-0.0189312675493958,0.009071625060042516,-0.03745655015581635,-0.0016608517367568173,30,0.03690023264038222,0.12915081424133776,True,260
network,Default,sustained,S-U,0.07395639349260286,0.008367788388993398,0.05791771865722597,0.09063135137184716,30,9.725158841623326e-19,6.807611189136328e-18,True,260
network,Default,time_to_peak,S-T,3.3333333333333406,6.624950552890751,-9.799999999999994,16.23416666666667,30,0.6148599335159737,0.8144867175858893,False,260
network,Default,time_to_peak,U-T,20.733333333333338,6.330329322677911,9.232500000000003,33.76666666666667,30,0.0010557309771245717,0.003695058419936001,True,260
network,Default,time_to_peak,S-U,-17.4,6.863586005206753,-31.000000000000004,-3.5999999999999996,30,0.01124094738197724,0.039343315836920335,True,260
network,DorsAttn,auc,S-T,-2.3691095424998236,0.3889561320967579,-3.1267496494040685,-1.6036651776087185,30,1.1224767293768292e-09,7.857337105637804e-09,True,260
network,DorsAttn,auc,U-T,0.03248340392023339,0.3447038586191382,-0.6155454338433911,0.7370065768134952,30,0.9249219390949318,0.9249219390949318,False,260
network,DorsAttn,auc,S-U,-2.401592946420057,0.26382375200108193,-2.9372202694480065,-1.896365526034499,30,8.785407016880089e-20,6.149784911816063e-19,True,260
network,DorsAttn,mean,S-T,-0.016459489613692896,0.0026546562558204386,-0.021570167573928396,-0.011251751447319127,30,5.637932136692296e-10,3.946552495684607e-09,True,260
network,DorsAttn,mean,U-T,-0.00012492623247407713,0.0025787407506627016,-0.004853404734269062,0.005103683240652819,30,0.9613618633360274,0.9613618633360274,False,260
network,DorsAttn,mean,S-U,-0.01633456338121882,0.0017151516276115485,-0.019774726072326426,-0.012984232631671932,30,1.6714500254249354e-21,1.1700150177974547e-20,True,260
network,DorsAttn,peak,S-T,0.005676010042337697,0.007585831228558304,-0.00903430739173423,0.02096674481459223,30,0.4543163870028841,0.9554852246045143,False,260
network,DorsAttn,peak,U-T,0.004640266090743718,0.008064893927329727,-0.010910978785642372,0.02019636694609341,30,0.5650437658343849,0.6592177268067824,False,260
network,DorsAttn,peak,S-U,0.0010357439515939794,0.0051274660294409954,-0.009748270859078053,0.010019051721081227,30,0.8399173624629379,0.8399173624629379,False,260
network,DorsAttn,sustained,S-T,-0.051993489112877496,0.010094981201618005,-0.07171417032584057,-0.03248975216121146,30,2.59890593468901e-07,6.064113847607689e-07,True,260
network,DorsAttn,sustained,U-T,-0.013734676224441227,0.009828012927311358,-0.032503103993702334,0.0049698755714994245,30,0.16226240567823547,0.3786122799158827,False,260
network,DorsAttn,sustained,S-U,-0.03825881288843627,0.008543609625378841,-0.05462557901564176,-0.02152081191481998,30,7.532375711612838e-06,1.3181657495322467e-05,True,260
network,DorsAttn,time_to_peak,S-T,-15.066666666666674,7.0100088663708435,-28.033333333333342,-0.9325000000000063,30,0.03161000938542625,0.11063503284899187,True,260
network,DorsAttn,time_to_peak,U-T,-14.73333333333334,5.973208890142572,-26.601666666666674,-3.2975000000000154,30,0.013641435055698571,0.031830015129963335,True,260
network,DorsAttn,time_to_peak,S-U,-0.3333333333333339,6.964543831404648,-12.93416666666667,14.267499999999995,30,0.9618266434972319,0.9947970349224958,False,260
network,Limbic,auc,S-T,0.2574019260787791,0.13069149261637913,0.002613685153097561,0.5078149357317644,30,0.048891286227142346,0.06844780071799929,True,260
network,Limbic,auc,U-T,0.19626151104122921,0.11037977820852277,-0.015688433790228683,0.4148779786905894,30,0.07539453281718186,0.13194043243006826,False,260
network,Limbic,auc,S-U,0.06114041503754988,0.11530585343231649,-0.17380822275805727,0.2772717808734805,30,0.5959416971623146,0.6952653133560337,False,260
network,Limbic,mean,S-T,0.002173533789169598,0.0008994123508694039,0.0004388052470887135,0.0038724477265522595,30,0.015665557178993532,0.021931780050590943,True,260
network,Limbic,mean,U-T,0.001097247097696642,0.0007779501794641975,-0.00041087867873777393,0.002622468976712337,30,0.1584116802745038,0.27722044048038164,False,260
network,Limbic,mean,S-U,0.0010762866914729558,0.0007201260495249386,-0.0003570676141869873,0.0024647924232122174,30,0.13502383501482998,0.13502383501482998,False,260
network,Limbic,peak,S-T,0.003310853928444058,0.002331417508623998,-0.0011710489003251363,0.008001301703175392,30,0.15557758089710705,0.5445215331398747,False,260
network,Limbic,peak,U-T,0.007879264944739964,0.0025498540926114617,0.0030293387560154047,0.013127668388659378,30,0.002000994693191142,0.006431511400605766,True,260
network,Limbic,peak,S-U,-0.004568411016295905,0.0023243811394199074,-0.009055815675727491,-0.00020176050011854452,30,0.049364361082006834,0.11518350919134929,True,260
network,Limbic,sustained,S-T,0.07464140372839273,0.0166514303153539,0.04451400001229288,0.11101397682601838,30,7.374525132267319e-06,1.2905418981467809e-05,True,260
network,Limbic,sustained,U-T,0.01526800123378158,0.016213166597620232,-0.015669646180254376,0.04735823103397788,30,0.3463442888147733,0.4848820043406826,False,260
network,Limbic,sustained,S-U,0.05937340249461115,0.010825907704401944,0.03876635712251723,0.08182623891870586,30,4.1491967909426305e-08,9.681459178866137e-08,True,260
network,Limbic,time_to_peak,S-T,1.3333333333333335,5.682418894960525,-9.900000000000006,12.200000000000005,30,0.8144867175858894,0.8144867175858893,False,260
network,Limbic,time_to_peak,U-T,1.3000000000000012,6.6543410017133615,-12.400000000000002,13.800000000000002,30,0.8451101943416253,0.8451101943416253,False,260
network,Limbic,time_to_peak,S-U,0.03333333333333233,5.111693647507929,-9.766666666666666,10.100833333333327,30,0.9947970349224958,0.9947970349224958,False,260
network,SalVentAttn,auc,S-T,-1.410679239902362,0.36763918634951864,-2.1527399140285066,-0.7118718516340983,30,0.00012448073685068022,0.00029045505265158715,True,260
network,SalVentAttn,auc,U-T,0.2647367794433907,0.2641231800334584,-0.23458318687289728,0.7896981871156808,30,0.3161875422010131,0.44266255908141827,False,260
network,SalVentAttn,auc,S-U,-1.6754160193457528,0.24369949867164833,-2.1657300083303883,-1.2200102805105724,30,6.2022046623287965e-12,2.1707716318150787e-11,True,260
network,SalVentAttn,mean,S-T,-0.009544197441539245,0.0025029711226268307,-0.014584132841642245,-0.0047892449760922814,30,0.00013720831077353447,0.0003201527251382471,True,260
network,SalVentAttn,mean,U-T,0.0013679665148000064,0.001922623356020916,-0.0022197130855535134,0.005049151858083196,30,0.4767680079111064,0.5562293425629575,False,260
network,SalVentAttn,mean,S-U,-0.010912163956339252,0.0015217182345721105,-0.013939725879996942,-0.00799060898467747,30,7.447961145460535e-13,2.606786400911187e-12,True,260
network,SalVentAttn,peak,S-T,-0.001110952531537855,0.00545592997022043,-0.012110240448359542,0.009307270098741468,30,0.8386481607964418,0.9784228542625154,False,260
network,SalVentAttn,peak,U-T,0.0042371454585175645,0.005523149555184346,-0.006854070137787383,0.01470284107324947,30,0.4429857412370216,0.6201800377318303,False,260
network,SalVentAttn,peak,S-U,-0.005348097990055419,0.004345879525613871,-0.014372359394415979,0.0028311339918332284,30,0.21846745569327852,0.3058544379705899,False,260
network,SalVentAttn,sustained,S-T,-0.053035707306089315,0.009205588561685905,-0.07150516752494669,-0.03591612590741679,30,8.349271421495605e-09,2.9222449975234616e-08,True,260
network,SalVentAttn,sustained,U-T,0.003761906942331862,0.007143151896635535,-0.009961235555613323,0.01806828758131147,30,0.5984399697297349,0.6981799646846908,False,260
network,SalVentAttn,sustained,S-U,-0.056797614248421176,0.00846809917947391,-0.07310951198853399,-0.04014869482850523,30,1.9833338197947648e-11,6.941668369281676e-11,True,260
network,SalVentAttn,time_to_peak,S-T,-24.433333333333337,7.818277260116001,-39.90083333333336,-9.394166666666699,30,0.0017771100130492816,0.01243977009134497,True,260
network,SalVentAttn,time_to_peak,U-T,-15.500000000000004,6.71325297736104,-29.06916666666668,-2.131666666666678,30,0.02095103101270625,0.03666430427223594,True,260
network,SalVentAttn,time_to_peak,S-U,-8.933333333333334,6.694446987799544,-22.200833333333335,4.237499999999971,30,0.18205991866623317,0.31860485766590807,False,260
network,SomMot,auc,S-T,-0.5092060083327924,0.33495630399984977,-1.1660221102529122,0.11919070069013339,30,0.12845664065081733,0.1498660807592869,False,260
network,SomMot,auc,U-T,0.8194514280853773,0.24637610677780547,0.3372887386464729,1.2981101188382207,30,0.0008809615958553233,0.0020555770569957543,True,260
network,SomMot,auc,S-U,-1.3286574364181698,0.21251904928770507,-1.7540075099613655,-0.924301909649623,30,4.053718117216489e-10,9.458675606838474e-10,True,260
network,SomMot,mean,S-T,-0.0031445820910107145,0.0022643035799211767,-0.007693541219389697,0.0010930253158230893,30,0.16490468758835586,0.19238880218641516,False,260
network,SomMot,mean,U-T,0.00537218001540823,0.0017694564109501205,0.0017854407446847205,0.008718708275309094,30,0.002396897819110155,0.008389142366885542,True,260
network,SomMot,mean,S-U,-0.008516762106418944,0.0013434148992477683,-0.011143511542761457,-0.00594570172993437,30,2.3030791537101831e-10,5.373851358657094e-10,True,260
network,SomMot,peak,S-T,-0.002194613312136226,0.005364905160480953,-0.01337273083216422,0.007408213049698883,30,0.6824894461460816,0.9554852246045143,False,260
network,SomMot,peak,U-T,0.030485071158770926,0.005802366181308346,0.018993737494980928,0.04146713447474837,30,1.4890903834933286e-07,1.04236326844533e-06,True,260
network,SomMot,peak,S-U,-0.032679684470907154,0.0070604029929129935,-0.04642345818510663,-0.01923601110079019,30,3.681704557454553e-06,1.2885965951090936e-05,True,260
network,SomMot,sustained,S-T,0.008314204151109764,0.009088456554933394,-0.008708245201663804,0.026935957291856612,30,0.3602917763984096,0.4203404057981445,False,260
network,SomMot,sustained,U-T,0.01834879956799061,0.008106465029503337,0.0018803169675885268,0.034144029194495475,30,0.0236062824602184,0.12915081424133776,True,260
network,SomMot,sustained,S-U,-0.010034595416880844,0.007949488032109426,-0.024920491752838836,0.0059546993953297775,30,0.20684281712568298,0.24131661997996345,False,260
network,SomMot,time_to_peak,S-T,-3.2333333333333276,11.464544579889234,-25.43583333333333,18.804166666666653,30,0.7779213212133292,0.8144867175858893,False,260
network,SomMot,time_to_peak,U-T,37.33333333333334,9.347606180630104,19.365833333333338,55.86833333333334,30,6.499736738322367e-05,0.0004549815716825657,True,260
network,SomMot,time_to_peak,S-U,-40.56666666666667,9.243123486938083,-58.26916666666667,-22.794166666666694,30,1.1395252694667498e-05,7.976676886267248e-05,True,260
network,Vis,auc,S-T,-0.3531177419852848,0.3004178374099965,-0.9340474256506468,0.21151538470131884,30,0.2398259171858318,0.23982591718583177,False,260
network,Vis,auc,U-T,1.0968253279122893,0.2829676692514583,0.5381719936845422,1.6379603514770382,30,0.00010612197405183261,0.0007428538183628283,True,260
network,Vis,auc,S-U,-1.4499430698975742,0.24820535372190516,-1.9321666352068465,-0.9822784840082588,30,5.1668476889233786e-09,7.294538312953784e-09,True,260
network,Vis,mean,S-T,-0.0018831582867031155,0.0021961398576603466,-0.006161013021124986,0.0023158530816835654,30,0.39117657395899186,0.3911765739589918,False,260
network,Vis,mean,U-T,0.008427146751512776,0.0020845338531823776,0.00437887662188595,0.012452609518962696,30,5.2839019990846706e-05,0.00036987313993592694,True,260
network,Vis,mean,S-U,-0.010310305038215891,0.0017477833418308856,-0.01372296365175721,-0.0070326108299098985,30,3.655450330704344e-09,5.117630462986082e-09,True,260
network,Vis,peak,S-T,0.00018581005942379806,0.007698648941832046,-0.014338972627678852,0.015567926321316932,30,0.9807445973313621,0.9807445973313621,False,260
network,Vis,peak,U-T,0.0072072384243461645,0.008896734088849688,-0.009941654470255254,0.02476557440761959,30,0.4178830828893362,0.6201800377318303,False,260
network,Vis,peak,S-U,-0.007021428364922366,0.004802744929043067,-0.016180060608921503,0.0025831717888392617,30,0.1437517498514421,0.2515655622400237,False,260
network,Vis,sustained,S-T,-0.004780226980380403,0.00788010805439109,-0.020600878000735318,0.010279227452068064,30,0.5441034753800946,0.5441034753800946,False,260
network,Vis,sustained,U-T,0.0017935223177592443,0.009731829195994019,-0.017290247027720407,0.02118664670092403,30,0.8537824508032509,0.8537824508032509,False,260
network,Vis,sustained,S-U,-0.006573749298139647,0.006737011830654023,-0.0202959418888164,0.006026560653762187,30,0.32918027440566633,0.32918027440566633,False,260
network,Vis,time_to_peak,S-T,-3.199999999999997,5.065764523916659,-12.566666666666658,7.36666666666667,30,0.5275885337723378,0.8144867175858893,False,260
network,Vis,time_to_peak,U-T,10.733333333333336,7.003511319796256,-2.3333333333333335,24.734166666666667,30,0.1253831760557127,0.14628037206499814,False,260
network,Vis,time_to_peak,S-U,-13.933333333333334,8.581327105582334,-31.336666666666677,2.30083333333333,30,0.10444401866317816,0.24370271021408238,False,260
stimulus,all,dispersion,S-T,-0.00023842011239369682,0.00012392692003402467,-0.00047980318059212166,-2.1674318883170146e-06,30,0.05437004201323642,0.05437004201323642,True,260
stimulus,all,dispersion,U-T,-0.0008768352391433405,0.00011978318489523155,-0.0011115129714444588,-0.0006500934151522006,30,2.476267778456394e-13,2.476267778456394e-13,True,260
stimulus,all,dispersion,S-U,0.0006384151267496437,9.264422989432834e-05,0.0004498732076818292,0.0008149231685986591,30,5.538582302223077e-12,5.538582302223077e-12,True,260
stimulus,all,entropy,S-T,-0.0058279462901166005,0.0023351002208049933,-0.01037702110459642,-0.0014087455247871396,30,0.012567295723774085,0.012567295723774085,True,260
stimulus,all,entropy,U-T,0.005884055072475077,0.001982757540772106,0.002091183342788461,0.00969789819892409,30,0.003001229177136697,0.003001229177136697,True,260
stimulus,all,entropy,S-U,-0.011712001362591679,0.0014261509980241238,-0.014588000703909358,-0.008892601873901883,30,2.1696402279792584e-16,2.1696402279792584e-16,True,260
stimulus,all,integration,S-T,-0.0386051728365649,0.013176237182072057,-0.06604349846917092,-0.014439017778143406,30,0.0033906153579059176,0.0033906153579059176,True,260
stimulus,all,integration,U-T,0.013501662336736563,0.009910493194688907,-0.005373426841824907,0.03355092467930835,30,0.17308421078115532,0.17308421078115532,False,260
stimulus,all,integration,S-U,-0.05210683517330146,0.01018506253843072,-0.0740203582421521,-0.033647222409347935,30,3.1207409224786893e-07,3.1207409224786893e-07,True,260
