stimulus_id,unit_id,condition,variant,text,modality,example_count,word_count,sentence_count,character_count,readability,equation_count,lexical_diversity,duration
be_001_traditional,be_001,traditional,primary,C:/Users/mguar/Desktop/Esade/icp/neurai/stimuli/traditional/be_001.md,text,1,521,36,3122,7.72,7,0.357,142.1
be_001_ai_scaffolding,be_001,ai_scaffolding,primary,C:/Users/mguar/Desktop/Esade/icp/neurai/stimuli/ai_scaffolding/be_001.md,text,1,537,37,3127,7.47,4,0.382,146.5
be_001_ai_substitution,be_001,ai_substitution,primary,C:/Users/mguar/Desktop/Esade/icp/neurai/stimuli/ai_substitution/be_001.md,text,1,532,35,3145,7.64,7,0.365,145.1
be_002_traditional,be_002,traditional,primary,C:/Users/mguar/Desktop/Esade/icp/neurai/stimuli/traditional/be_002.md,text,1,502,29,2936,7.5,9,0.386,136.9
be_002_ai_scaffolding,be_002,ai_scaffolding,primary,C:/Users/mguar/Desktop/Esade/icp/neurai/stimuli/ai_scaffolding/be_002.md,text,1,521,32,2988,7.32,6,0.393,142.1
be_002_ai_substitution,be_002,ai_substitution,primary,C:/Users/mguar/Desktop/Esade/icp/neurai/stimuli/ai_substitution/be_002.md,text,1,500,28,2956,8.13,9,0.41,136.4
cac_001_traditional,cac_001,traditional,primary,C:/Users/mguar/Desktop/Esade/icp/neurai/stimuli/traditional/cac_001.md,text,1,525,31,3182,8.91,13,0.366,143.2
cac_001_ai_scaffolding,cac_001,ai_scaffolding,primary,C:/Users/mguar/Desktop/Esade/icp/neurai/stimuli/ai_scaffolding/cac_001.md,text,1,562,32,3289,8.9,8,0.365,153.3
cac_001_ai_substitution,cac_001,ai_substitution,primary,C:/Users/mguar/Desktop/Esade/icp/neurai/stimuli/ai_substitution/cac_001.md,text,1,561,30,3353,9.43,13,0.387,153.0
cac_002_traditional,cac_002,traditional,primary,C:/Users/mguar/Desktop/Esade/icp/neurai/stimuli/traditional/cac_002.md,text,1,492,28,3020,9.06,12,0.409,134.2
cac_002_ai_scaffolding,cac_002,ai_scaffolding,primary,C:/Users/mguar/Desktop/Esade/icp/neurai/stimuli/ai_scaffolding/cac_002.md,text,1,531,31,3155,8.78,8,0.416,144.8
cac_002_ai_substitution,cac_002,ai_substitution,primary,C:/Users/mguar/Desktop/Esade/icp/neurai/stimuli/ai_substitution/cac_002.md,text,1,517,29,3146,9.26,12,0.429,141.0
cm_001_traditional,cm_001,traditional,primary,C:/Users/mguar/Desktop/Esade/icp/neurai/stimuli/traditional/cm_001.md,text,1,543,30,3242,9.31,11,0.324,148.1
cm_001_ai_scaffolding,cm_001,ai_scaffolding,primary,C:/Users/mguar/Desktop/Esade/icp/neurai/stimuli/ai_scaffolding/cm_001.md,text,1,556,32,3227,8.7,8,0.349,151.6
cm_001_ai_substitution,cm_001,ai_substitution,primary,C:/Users/mguar/Desktop/Esade/icp/neurai/stimuli/ai_substitution/cm_001.md,text,1,539,28,3189,9.61,11,0.323,147.0
cm_002_traditional,cm_002,traditional,primary,C:/Users/mguar/Desktop/Esade/icp/neurai/stimuli/traditional/cm_002.md,text,1,500,31,2963,8.0,10,0.366,136.4
cm_002_ai_scaffolding,cm_002,ai_scaffolding,primary,C:/Users/mguar/Desktop/Esade/icp/neurai/stimuli/ai_scaffolding/cm_002.md,text,1,532,33,3065,7.95,7,0.368,145.1
cm_002_ai_substitution,cm_002,ai_substitution,primary,C:/Users/mguar/Desktop/Esade/icp/neurai/stimuli/ai_substitution/cm_002.md,text,1,491,30,2905,8.26,10,0.387,133.9
dol_001_traditional,dol_001,traditional,primary,C:/Users/mguar/Desktop/Esade/icp/neurai/stimuli/traditional/dol_001.md,text,1,508,31,3128,9.41,11,0.343,138.5
dol_001_ai_scaffolding,dol_001,ai_scaffolding,primary,C:/Users/mguar/Desktop/Esade/icp/neurai/stimuli/ai_scaffolding/dol_001.md,text,1,517,32,3058,8.92,7,0.373,141.0
dol_001_ai_substitution,dol_001,ai_substitution,primary,C:/Users/mguar/Desktop/Esade/icp/neurai/stimuli/ai_substitution/dol_001.md,text,1,495,30,3025,9.15,11,0.384,135.0
dol_002_traditional,dol_002,traditional,primary,C:/Users/mguar/Desktop/Esade/icp/neurai/stimuli/traditional/dol_002.md,text,1,491,32,3096,9.19,11,0.424,133.9
dol_002_ai_scaffolding,dol_002,ai_scaffolding,primary,C:/Users/mguar/Desktop/Esade/icp/neurai/stimuli/ai_scaffolding/dol_002.md,text,1,491,33,3023,9.05,7,0.426,133.9
dol_002_ai_substitution,dol_002,ai_substitution,primary,C:/Users/mguar/Desktop/Esade/icp/neurai/stimuli/ai_substitution/dol_002.md,text,1,488,31,3109,9.72,11,0.439,133.1
ltv_001_traditional,ltv_001,traditional,primary,C:/Users/mguar/Desktop/Esade/icp/neurai/stimuli/traditional/ltv_001.md,text,1,543,33,3245,8.08,9,0.341,148.1
ltv_001_ai_scaffolding,ltv_001,ai_scaffolding,primary,C:/Users/mguar/Desktop/Esade/icp/neurai/stimuli/ai_scaffolding/ltv_001.md,text,1,556,34,3240,7.87,6,0.363,151.6
ltv_001_ai_substitution,ltv_001,ai_substitution,primary,C:/Users/mguar/Desktop/Esade/icp/neurai/stimuli/ai_substitution/ltv_001.md,text,1,556,31,3268,8.43,9,0.369,151.6
ltv_002_traditional,ltv_002,traditional,primary,C:/Users/mguar/Desktop/Esade/icp/neurai/stimuli/traditional/ltv_002.md,text,1,519,31,3151,8.58,10,0.385,141.5
ltv_002_ai_scaffolding,ltv_002,ai_scaffolding,primary,C:/Users/mguar/Desktop/Esade/icp/neurai/stimuli/ai_scaffolding/ltv_002.md,text,1,535,34,3180,8.13,7,0.4,145.9
ltv_002_ai_substitution,ltv_002,ai_substitution,primary,C:/Users/mguar/Desktop/Esade/icp/neurai/stimuli/ai_substitution/ltv_002.md,text,1,527,30,3175,8.93,10,0.423,143.7
mix_001_traditional,mix_001,traditional,primary,C:/Users/mguar/Desktop/Esade/icp/neurai/stimuli/traditional/mix_001.md,text,1,590,29,3313,8.64,12,0.305,160.9
mix_001_ai_scaffolding,mix_001,ai_scaffolding,primary,C:/Users/mguar/Desktop/Esade/icp/neurai/stimuli/ai_scaffolding/mix_001.md,text,1,599,31,3274,8.26,7,0.334,163.4
mix_001_ai_substitution,mix_001,ai_substitution,primary,C:/Users/mguar/Desktop/Esade/icp/neurai/stimuli/ai_substitution/mix_001.md,text,1,586,31,3310,8.21,12,0.348,159.8
mix_002_traditional,mix_002,traditional,primary,C:/Users/mguar/Desktop/Esade/icp/neurai/stimuli/traditional/mix_002.md,text,1,534,31,3025,7.63,11,0.331,145.6
mix_002_ai_scaffolding,mix_002,ai_scaffolding,primary,C:/Users/mguar/Desktop/Esade/icp/neurai/stimuli/ai_scaffolding/mix_002.md,text,1,547,33,3016,7.27,6,0.342,149.2
mix_002_ai_substitution,mix_002,ai_substitution,primary,C:/Users/mguar/Desktop/Esade/icp/neurai/stimuli/ai_substitution/mix_002.md,text,1,535,31,3059,7.79,11,0.355,145.9
mkp_001_traditional,mkp_001,traditional,primary,C:/Users/mguar/Desktop/Esade/icp/neurai/stimuli/traditional/mkp_001.md,text,1,554,33,3141,7.06,9,0.298,151.1
mkp_001_ai_scaffolding,mkp_001,ai_scaffolding,primary,C:/Users/mguar/Desktop/Esade/icp/neurai/stimuli/ai_scaffolding/mkp_001.md,text,1,570,33,3151,7.23,5,0.33,155.5
mkp_001_ai_substitution,mkp_001,ai_substitution,primary,C:/Users/mguar/Desktop/Esade/icp/neurai/stimuli/ai_substitution/mkp_001.md,text,1,567,32,3224,7.43,10,0.347,154.6
mkp_002_traditional,mkp_002,traditional,primary,C:/Users/mguar/Desktop/Esade/icp/neurai/stimuli/traditional/mkp_002.md,text,1,519,33,2986,6.62,9,0.316,141.5
mkp_002_ai_scaffolding,mkp_002,ai_scaffolding,primary,C:/Users/mguar/Desktop/Esade/icp/neurai/stimuli/ai_scaffolding/mkp_002.md,text,1,537,33,2994,6.69,5,0.333,146.5
mkp_002_ai_substitution,mkp_002,ai_substitution,primary,C:/Users/mguar/Desktop/Esade/icp/neurai/stimuli/ai_substitution/mkp_002.md,text,1,521,32,3002,6.91,10,0.353,142.1
mos_001_traditional,mos_001,traditional,primary,C:/Users/mguar/Desktop/Esade/icp/neurai/stimuli/traditional/mos_001.md,text,1,510,27,3089,9.82,7,0.353,139.1
mos_001_ai_scaffolding,mos_001,ai_scaffolding,primary,C:/Users/mguar/Desktop/Esade/icp/neurai/stimuli/ai_scaffolding/mos_001.md,text,1,535,30,3120,9.05,4,0.355,145.9
mos_001_ai_substitution,mos_001,ai_substitution,primary,C:/Users/mguar/Desktop/Esade/icp/neurai/stimuli/ai_substitution/mos_001.md,text,1,530,27,3185,9.88,7,0.366,144.5
mos_002_traditional,mos_002,traditional,primary,C:/Users/mguar/Desktop/Esade/icp/neurai/stimuli/traditional/mos_002.md,text,1,477,28,2917,8.96,6,0.367,130.1
mos_002_ai_scaffolding,mos_002,ai_scaffolding,primary,C:/Users/mguar/Desktop/Esade/icp/neurai/stimuli/ai_scaffolding/mos_002.md,text,1,490,30,2889,8.34,4,0.376,133.6
mos_002_ai_substitution,mos_002,ai_substitution,primary,C:/Users/mguar/Desktop/Esade/icp/neurai/stimuli/ai_substitution/mos_002.md,text,1,478,27,2933,9.36,6,0.385,130.4
npv_001_traditional,npv_001,traditional,primary,C:/Users/mguar/Desktop/Esade/icp/neurai/stimuli/traditional/npv_001.md,text,1,557,36,3342,6.67,12,0.323,151.9
npv_001_ai_scaffolding,npv_001,ai_scaffolding,primary,C:/Users/mguar/Desktop/Esade/icp/neurai/stimuli/ai_scaffolding/npv_001.md,text,1,595,36,3384,7.1,6,0.346,162.3
npv_001_ai_substitution,npv_001,ai_substitution,primary,C:/Users/mguar/Desktop/Esade/icp/neurai/stimuli/ai_substitution/npv_001.md,text,1,574,34,3450,7.23,12,0.362,156.5
npv_002_traditional,npv_002,traditional,primary,C:/Users/mguar/Desktop/Esade/icp/neurai/stimuli/traditional/npv_002.md,text,1,532,36,3180,6.79,9,0.361,145.1
npv_002_ai_scaffolding,npv_002,ai_scaffolding,primary,C:/Users/mguar/Desktop/Esade/icp/neurai/stimuli/ai_scaffolding/npv_002.md,text,1,556,36,3180,7.05,4,0.372,151.6
npv_002_ai_substitution,npv_002,ai_substitution,primary,C:/Users/mguar/Desktop/Esade/icp/neurai/stimuli/ai_substitution/npv_002.md,text,1,545,34,3270,7.42,9,0.393,148.6
pbp_001_traditional,pbp_001,traditional,primary,C:/Users/mguar/Desktop/Esade/icp/neurai/stimuli/traditional/pbp_001.md,text,1,582,31,3421,9.33,6,0.375,158.7
pbp_001_ai_scaffolding,pbp_001,ai_scaffolding,primary,C:/Users/mguar/Desktop/Esade/icp/neurai/stimuli/ai_scaffolding/pbp_001.md,text,1,590,31,3397,9.19,4,0.398,160.9
pbp_001_ai_substitution,pbp_001,ai_substitution,primary,C:/Users/mguar/Desktop/Esade/icp/neurai/stimuli/ai_substitution/pbp_001.md,text,1,603,31,3535,9.33,6,0.375,164.5
pbp_002_traditional,pbp_002,traditional,primary,C:/Users/mguar/Desktop/Esade/icp/neurai/stimuli/traditional/pbp_002.md,text,1,558,31,3257,8.41,6,0.4,152.2
pbp_002_ai_scaffolding,pbp_002,ai_scaffolding,primary,C:/Users/mguar/Desktop/Esade/icp/neurai/stimuli/ai_scaffolding/pbp_002.md,text,1,578,32,3303,8.28,4,0.408,157.6
pbp_002_ai_substitution,pbp_002,ai_substitution,primary,C:/Users/mguar/Desktop/Esade/icp/neurai/stimuli/ai_substitution/pbp_002.md,text,1,578,31,3404,8.77,6,0.393,157.6
pel_001_traditional,pel_001,traditional,primary,C:/Users/mguar/Desktop/Esade/icp/neurai/stimuli/traditional/pel_001.md,text,1,505,30,3138,9.39,8,0.364,137.7
pel_001_ai_scaffolding,pel_001,ai_scaffolding,primary,C:/Users/mguar/Desktop/Esade/icp/neurai/stimuli/ai_scaffolding/pel_001.md,text,1,507,31,3037,8.99,5,0.389,138.3
pel_001_ai_substitution,pel_001,ai_substitution,primary,C:/Users/mguar/Desktop/Esade/icp/neurai/stimuli/ai_substitution/pel_001.md,text,1,511,30,3129,9.23,8,0.391,139.4
pel_002_traditional,pel_002,traditional,primary,C:/Users/mguar/Desktop/Esade/icp/neurai/stimuli/traditional/pel_002.md,text,1,487,30,2953,8.6,6,0.382,132.8
pel_002_ai_scaffolding,pel_002,ai_scaffolding,primary,C:/Users/mguar/Desktop/Esade/icp/neurai/stimuli/ai_scaffolding/pel_002.md,text,1,503,31,2979,8.71,5,0.392,137.2
pel_002_ai_substitution,pel_002,ai_substitution,primary,C:/Users/mguar/Desktop/Esade/icp/neurai/stimuli/ai_substitution/pel_002.md,text,1,484,28,2965,9.31,6,0.413,132.0
roi_001_traditional,roi_001,traditional,primary,C:/Users/mguar/Desktop/Esade/icp/neurai/stimuli/traditional/roi_001.md,text,1,461,29,2805,8.42,7,0.371,125.7
roi_001_ai_scaffolding,roi_001,ai_scaffolding,primary,C:/Users/mguar/Desktop/Esade/icp/neurai/stimuli/ai_scaffolding/roi_001.md,text,1,485,30,2804,8.26,4,0.373,132.3
roi_001_ai_substitution,roi_001,ai_substitution,primary,C:/Users/mguar/Desktop/Esade/icp/neurai/stimuli/ai_substitution/roi_001.md,text,1,491,29,2942,8.41,7,0.391,133.9
roi_002_traditional,roi_002,traditional,primary,C:/Users/mguar/Desktop/Esade/icp/neurai/stimuli/traditional/roi_002.md,text,1,433,25,2672,9.01,7,0.42,118.1
roi_002_ai_scaffolding,roi_002,ai_scaffolding,primary,C:/Users/mguar/Desktop/Esade/icp/neurai/stimuli/ai_scaffolding/roi_002.md,text,1,452,28,2687,8.41,4,0.409,123.3
roi_002_ai_substitution,roi_002,ai_substitution,primary,C:/Users/mguar/Desktop/Esade/icp/neurai/stimuli/ai_substitution/roi_002.md,text,1,445,25,2764,9.57,7,0.431,121.4
spo_001_traditional,spo_001,traditional,primary,C:/Users/mguar/Desktop/Esade/icp/neurai/stimuli/traditional/spo_001.md,text,1,624,37,3782,9.77,10,0.351,170.2
spo_001_ai_scaffolding,spo_001,ai_scaffolding,primary,C:/Users/mguar/Desktop/Esade/icp/neurai/stimuli/ai_scaffolding/spo_001.md,text,1,625,35,3707,9.74,5,0.384,170.5
spo_001_ai_substitution,spo_001,ai_substitution,primary,C:/Users/mguar/Desktop/Esade/icp/neurai/stimuli/ai_substitution/spo_001.md,text,1,627,36,3793,9.98,10,0.364,171.0
spo_002_traditional,spo_002,traditional,primary,C:/Users/mguar/Desktop/Esade/icp/neurai/stimuli/traditional/spo_002.md,text,1,645,35,3791,9.6,4,0.369,175.9
spo_002_ai_scaffolding,spo_002,ai_scaffolding,primary,C:/Users/mguar/Desktop/Esade/icp/neurai/stimuli/ai_scaffolding/spo_002.md,text,1,646,35,3746,9.33,3,0.378,176.2
spo_002_ai_substitution,spo_002,ai_substitution,primary,C:/Users/mguar/Desktop/Esade/icp/neurai/stimuli/ai_substitution/spo_002.md,text,1,654,35,3848,9.81,4,0.382,178.4
tp_001_traditional,tp_001,traditional,primary,C:/Users/mguar/Desktop/Esade/icp/neurai/stimuli/traditional/tp_001.md,text,1,539,33,3305,8.21,12,0.332,147.0
tp_001_ai_scaffolding,tp_001,ai_scaffolding,primary,C:/Users/mguar/Desktop/Esade/icp/neurai/stimuli/ai_scaffolding/tp_001.md,text,1,567,34,3299,7.88,8,0.347,154.6
tp_001_ai_substitution,tp_001,ai_substitution,primary,C:/Users/mguar/Desktop/Esade/icp/neurai/stimuli/ai_substitution/tp_001.md,text,1,533,32,3260,8.2,12,0.356,145.4
tp_002_traditional,tp_002,traditional,primary,C:/Users/mguar/Desktop/Esade/icp/neurai/stimuli/traditional/tp_002.md,text,1,520,33,3117,7.23,11,0.338,141.8
tp_002_ai_scaffolding,tp_002,ai_scaffolding,primary,C:/Users/mguar/Desktop/Esade/icp/neurai/stimuli/ai_scaffolding/tp_002.md,text,1,547,34,3181,7.32,8,0.373,149.2
tp_002_ai_substitution,tp_002,ai_substitution,primary,C:/Users/mguar/Desktop/Esade/icp/neurai/stimuli/ai_substitution/tp_002.md,text,1,511,33,3084,7.31,11,0.374,139.4
wac_001_traditional,wac_001,traditional,primary,C:/Users/mguar/Desktop/Esade/icp/neurai/stimuli/traditional/wac_001.md,text,1,560,32,3331,8.45,12,0.346,152.7
wac_001_ai_scaffolding,wac_001,ai_scaffolding,primary,C:/Users/mguar/Desktop/Esade/icp/neurai/stimuli/ai_scaffolding/wac_001.md,text,1,577,32,3331,8.78,7,0.357,157.4
wac_001_ai_substitution,wac_001,ai_substitution,primary,C:/Users/mguar/Desktop/Esade/icp/neurai/stimuli/ai_substitution/wac_001.md,text,1,584,31,3443,8.81,12,0.366,159.3
wac_002_traditional,wac_002,traditional,primary,C:/Users/mguar/Desktop/Esade/icp/neurai/stimuli/traditional/wac_002.md,text,1,545,33,3215,7.89,11,0.367,148.6
wac_002_ai_scaffolding,wac_002,ai_scaffolding,primary,C:/Users/mguar/Desktop/Esade/icp/neurai/stimuli/ai_scaffolding/wac_002.md,text,1,560,33,3196,8.18,6,0.388,152.7
wac_002_ai_substitution,wac_002,ai_substitution,primary,C:/Users/mguar/Desktop/Esade/icp/neurai/stimuli/ai_substitution/wac_002.md,text,1,554,33,3278,7.93,11,0.388,151.1
